chromosome,position,population,source_row,coded_allele_frequency,raw_ihs,normalized_ihs,abs_normalized_ihs
11,67168951,GIH,188549,0.058252400000000003,0.755888,0.43927514254936451,0.43927514254936451
11,67169758,GIH,188550,0.160194,0.36357899999999999,-0.23866290748845079,0.23866290748845079
11,67172616,GIH,188551,0.92232999999999998,0.033144699999999999,2.2451649156320457,2.2451649156320457
11,67174977,GIH,188552,0.058252400000000003,0.23505599999999999,-1.4428104814044171,1.4428104814044171
11,67182600,GIH,188553,0.058252400000000003,0.79405899999999996,0.57721038913931999,0.57721038913931999
11,67187548,GIH,188554,0.092232999999999996,0.201818,-1.5629197718646342,1.5629197718646342
11,67188790,GIH,188555,0.18931999999999999,0.25542599999999999,-0.65794608891188122,0.65794608891188122
11,67201203,GIH,188556,0.116505,0.240007,-1.0023040712990634,1.0023040712990634
11,67201218,GIH,188557,0.92232999999999998,-0.19448099999999999,1.4327264947261653,1.4327264947261653
11,67201798,GIH,188558,0.14563100000000001,0.45997300000000002,-0.1380545508960391,0.1380545508960391
11,67202682,GIH,188559,0.79611699999999996,-0.24800800000000001,0.12689927467206982,0.12689927467206982
11,67219106,GIH,188560,0.058252400000000003,0.71160900000000005,0.27926794379228076,0.27926794379228076
11,67222899,GIH,188561,0.053398099999999997,0.33209100000000003,-1.0921634809890139,1.0921634809890139
11,67223388,GIH,188562,0.082524299999999995,0.36153099999999999,-0.98577869516709971,0.98577869516709971
11,67224461,GIH,188563,0.85922299999999996,0.0371504,1.8339240555314889,1.8339240555314889
11,67228686,GIH,188564,0.058252400000000003,0.22426199999999999,-1.4818158271300199,1.4818158271300199
11,67242269,GIH,188565,0.058252400000000003,0.22426199999999999,-1.4818158271300199,1.4818158271300199
11,67242278,GIH,188566,0.94660200000000005,0.072626599999999999,2.3860831532931002,2.3860831532931002
11,67247037,GIH,188567,0.063106800000000005,0.089175099999999993,-1.9699676927498018,1.9699676927498018
11,67261997,GIH,188568,0.082524299999999995,0.44036599999999998,-0.70089946316062479,0.70089946316062479
11,67296338,GIH,188569,0.728155,0.039516099999999998,0.8688544709176117,0.8688544709176117
11,67296338,GIH,188570,0.24271799999999999,0.052660400000000003,-1.045307626935583,1.045307626935583
11,67303105,GIH,188571,0.053398099999999997,0.71381600000000001,0.28724318911527535,0.28724318911527535
11,67304735,GIH,188572,0.067961199999999999,0.83412200000000003,0.72198259275288534,0.72198259275288534
11,67316096,GIH,188573,0.81553399999999998,-0.0526772,1.023937920034516,1.023937920034516
11,67317476,GIH,188574,0.058252400000000003,0.51979200000000003,-0.41388458548768386,0.41388458548768386
11,67319070,GIH,188575,0.058252400000000003,0.28323100000000001,-1.2687246438714441,1.2687246438714441
11,67320064,GIH,188576,0.12621399999999999,0.42576799999999998,-0.27244647894576263,0.27244647894576263
11,67322531,GIH,188577,0.067961199999999999,0.61475999999999997,-0.070706924484437883,0.070706924484437883
11,67323100,GIH,188578,0.80097099999999999,-0.055175399999999999,1.0157093137759872,1.0157093137759872
11,67324121,GIH,188579,0.20388300000000001,0.022696500000000001,-1.1587094223851055,1.1587094223851055
11,67325889,GIH,188580,0.58737899999999998,0.24141299999999999,0.80232038448075471,0.80232038448075471
11,67326513,GIH,188581,0.063106800000000005,0.72269099999999997,0.31931401024874978,0.31931401024874978
11,67328232,GIH,188582,0.893204,-0.24263100000000001,0.82064981098181766,0.82064981098181766
11,67328232,GIH,188583,0.082524299999999995,0.46822599999999998,-0.60022418690388102,0.60022418690388102
11,67331152,GIH,188584,0.15048500000000001,0.49095,0.25512383999967964,0.25512383999967964
11,67339252,GIH,188585,0.325243,0.45189099999999999,0.79411694008326217,0.79411694008326217
11,67339252,GIH,188586,0.26699000000000001,0.14833299999999999,-0.5043647708383554,0.5043647708383554
11,67341318,GIH,188587,0.12621399999999999,0.46152500000000002,-0.13195672097839051,0.13195672097839051
11,67343185,GIH,188588,0.87378599999999995,-0.18132899999999999,1.0426650619577007,1.0426650619577007
11,67350468,GIH,188589,0.063106800000000005,0.30105399999999999,-1.2043192078081295,1.2043192078081295
11,67352369,GIH,188590,0.067961199999999999,0.87704800000000005,0.8771005722430858,0.8771005722430858
11,67363488,GIH,188591,0.058252400000000003,0.662188,0.10067954365285016,0.10067954365285016
11,67365333,GIH,188592,0.067961199999999999,0.88900500000000005,0.920308550642292,0.920308550642292
11,67366129,GIH,188593,0.160194,0.22456100000000001,-0.77760227408135574,0.77760227408135574
11,67368912,GIH,188594,0.91747599999999996,-0.19936400000000001,1.4152981603628514,1.4152981603628514
11,67374159,GIH,188595,0.072815500000000005,0.57194500000000004,-0.2254237928596165,0.2254237928596165
11,67374698,GIH,188596,0.058252400000000003,0.59178500000000001,-0.15372969806658734,0.15372969806658734
11,67383849,GIH,188597,0.058252400000000003,0.65921700000000005,0.089943497502140174,0.089943497502140174
11,67385091,GIH,188598,0.067961199999999999,0.78785799999999995,0.55480237090284945,0.55480237090284945
11,67169733,BEB,184982,0.053435099999999999,-0.00020617500000000001,-2.1784099097028542,2.1784099097028542
11,67169758,BEB,184983,0.11450399999999999,0.05049,-1.6017439712930197,1.6017439712930197
11,67170383,BEB,184984,0.94274800000000003,-0.010316499999999999,2.0817917491317934,2.0817917491317934
11,67170537,BEB,184985,0.94656499999999999,-0.075103900000000001,1.8375867109571553,1.8375867109571553
11,67171488,BEB,184986,0.94656499999999999,-0.075103900000000001,1.8375867109571553,1.8375867109571553
11,67172616,BEB,184987,0.87786299999999995,0.154391,2.1536431481850999,2.1536431481850999
11,67187548,BEB,184988,0.099236599999999994,0.13780000000000001,-1.6501426329378337,1.6501426329378337
11,67188790,BEB,184989,0.12595400000000001,-0.12635399999999999,-2.3057574694224146,2.3057574694224146
11,67195954,BEB,184990,0.94656499999999999,0.0433558,2.28410031639056,2.28410031639056
11,67200126,BEB,184991,0.93893099999999996,0.20727599999999999,2.901969511613617,2.901969511613617
11,67201203,BEB,184992,0.080152699999999993,0.431807,-0.52472721409984879,0.52472721409984879
11,67201205,BEB,184993,0.053435099999999999,0.165357,-1.5446585026384929,1.5446585026384929
11,67201218,BEB,184994,0.93511500000000003,0.24052899999999999,3.0273110152766938,3.0273110152766938
11,67201798,BEB,184995,0.072519100000000003,0.243644,-1.2449874169345154,1.2449874169345154
11,67202682,BEB,184996,0.84351100000000001,0.29343999999999998,2.0297109114230509,2.0297109114230509
11,67203126,BEB,184997,0.93893099999999996,0.24606600000000001,3.0481817910197084,3.0481817910197084
11,67203432,BEB,184998,0.94656499999999999,0.082342100000000001,2.4310525151172859,2.4310525151172859
11,67214207,BEB,184999,0.91603100000000004,0.39755499999999999,3.6191937011756603,3.6191937011756603
11,67217040,BEB,185000,0.93893099999999996,0.16827600000000001,2.7549656730769434,2.7549656730769434
11,67223388,BEB,185001,0.129771,0.185333,-1.064935868511687,1.064935868511687
11,67224146,BEB,185002,0.93893099999999996,0.182591,2.8089236204782888,2.8089236204782888
11,67224461,BEB,185003,0.92366400000000004,-0.12781200000000001,1.6389125309065182,1.6389125309065182
11,67224761,BEB,185004,0.93893099999999996,0.215088,2.9314155112712705,2.9314155112712705
11,67231384,BEB,185005,0.94656499999999999,0.102378,2.5065744179002842,2.5065744179002842
11,67233479,BEB,185006,0.93893099999999996,0.21515599999999999,2.9316718256564114,2.9316718256564114
11,67233651,BEB,185007,0.93893099999999996,0.21515599999999999,2.9316718256564114,2.9316718256564114
11,67242278,BEB,185008,0.93893099999999996,0.30477300000000002,3.2694677999677206,3.2694677999677206
11,67247422,BEB,185009,0.076335899999999998,-0.341082,-3.4832322757149514,3.4832322757149514
11,67247422,BEB,185010,0.927481,0.28793200000000002,3.205988527024231,3.205988527024231
11,67260359,BEB,185011,0.94656499999999999,0.035293999999999999,2.2537127383004329,2.2537127383004329
11,67266795,BEB,185012,0.93893099999999996,0.146868,2.6742718737078897,2.6742718737078897
11,67274009,BEB,185013,0.068702299999999994,0.18449599999999999,-1.471397234365492,1.471397234365492
11,67277767,BEB,185014,0.94656499999999999,0.019956100000000001,2.1958991440673139,2.1958991440673139
11,67282821,BEB,185015,0.93893099999999996,0.12734699999999999,2.6006907985264944,2.6006907985264944
11,67284995,BEB,185016,0.94656499999999999,0.082513100000000006,2.4316970704093315,2.4316970704093315
11,67296338,BEB,185017,0.84351100000000001,0.193104,1.6950764387665258,1.6950764387665258
11,67296338,BEB,185018,0.099236599999999994,0.093597700000000006,-1.8193425158253238,1.8193425158253238
11,67316096,BEB,185019,0.85877899999999996,0.272596,2.5683779022221418,2.5683779022221418
11,67319673,BEB,185020,0.94656499999999999,0.067746299999999995,2.3760361400784764,2.3760361400784764
11,67322531,BEB,185021,0.080152699999999993,0.27063999999999999,-1.1416507118664379,1.1416507118664379
11,67323100,BEB,185022,0.84732799999999997,0.27420499999999998,1.9655595192851516,1.9655595192851516
11,67324121,BEB,185023,0.11068699999999999,-0.021694600000000001,-1.8891098573681544,1.8891098573681544
11,67325889,BEB,185024,0.637405,0.249005,1.0262629285595253,1.0262629285595253
11,67326513,BEB,185025,0.064885499999999999,0.52271000000000001,-0.17676394173344459,0.17676394173344459
11,67328232,BEB,185026,0.91221399999999997,0.11167000000000001,2.5415990247639453,2.5415990247639453
11,67329402,BEB,185027,0.93893099999999996,-0.066499799999999998,1.8700183962687809,1.8700183962687809
11,67331152,BEB,185028,0.076335899999999998,0.278061,-1.1132442187448568,1.1132442187448568
11,67331885,BEB,185029,0.94274800000000003,-0.106776,1.7182041398156842,1.7182041398156842
11,67339246,BEB,185030,0.064885499999999999,0.50270499999999996,-0.2533401302386637,0.2533401302386637
11,67339250,BEB,185031,0.93511500000000003,-0.50270499999999996,0.22581740166218187,0.22581740166218187
11,67339252,BEB,185032,0.41221400000000002,0.29514600000000002,0.49669939986977979,0.49669939986977979
11,67339252,BEB,185033,0.152672,0.32578600000000002,-0.15946166481563484,0.15946166481563484
11,67339256,BEB,185034,0.064885499999999999,0.420927,-0.56637424888799082,0.56637424888799082
11,67343185,BEB,185035,0.84732799999999997,0.12485300000000001,1.4674498900374504,1.4674498900374504
11,67366129,BEB,185036,0.083969500000000002,0.17186699999999999,-1.5197391831099263,1.5197391831099263
11,67368912,BEB,185037,0.90076299999999998,0.150752,2.6889119482944648,2.6889119482944648
11,67380311,BEB,185038,0.94274800000000003,-0.0100575,2.0827680053928441,2.0827680053928441
11,67169758,IBS,185082,0.15923599999999999,0.018463,-1.5414137093820937,1.5414137093820937
11,67170537,IBS,185083,0.94586000000000003,-0.036811299999999998,2.0733263492312974,2.0733263492312974
11,67172616,IBS,185084,0.87261100000000003,0.068318599999999993,2.0707267708297907,2.0707267708297907
11,67174977,IBS,185085,0.066878999999999994,0.60302299999999998,-0.30641966757348155,0.30641966757348155
11,67180962,IBS,185086,0.079617800000000002,0.45549600000000001,-0.86760624308030221,0.86760624308030221
11,67184494,IBS,185087,0.050955399999999998,0.88490800000000003,0.7658591548572613,0.7658591548572613
11,67184495,IBS,185088,0.050955399999999998,0.88490800000000003,0.7658591548572613,0.7658591548572613
11,67187548,IBS,185089,0.089172000000000001,0.121479,-2.1381930264559674,2.1381930264559674
11,67188790,IBS,185090,0.073248400000000005,0.33731100000000003,-1.3171770702934469,1.3171770702934469
11,67195369,IBS,185091,0.066878999999999994,0.030999599999999999,-2.4823729029525534,2.4823729029525534
11,67195369,IBS,185092,0.050955399999999998,0.88323600000000002,0.75949893635998689,0.75949893635998689
11,67198316,IBS,185093,0.13375799999999999,0.31234800000000001,-0.81807571767189613,0.81807571767189613
11,67198535,IBS,185094,0.063694299999999995,0.66586299999999998,-0.067378919745296723,0.067378919745296723
11,67198759,IBS,185095,0.066878999999999994,0.57400399999999996,-0.41680673729382045,0.41680673729382045
11,67200126,IBS,185096,0.94267500000000004,-0.22695599999999999,1.3974589261867998,1.3974589261867998
11,67201205,IBS,185097,0.060509599999999997,0.535744,-0.56234618687858084,0.56234618687858084
11,67201218,IBS,185098,0.87579600000000002,0.040271000000000001,1.9652539945957972,1.9652539945957972
11,67202682,IBS,185099,0.70700600000000002,0.096896899999999994,1.2274151477888562,1.2274151477888562
11,67203126,IBS,185100,0.94267500000000004,-0.206735,1.4693342672369727,1.4693342672369727
11,67207923,IBS,185101,0.076433100000000004,0.50835200000000003,-0.66654421623105742,0.66654421623105742
11,67214207,IBS,185102,0.92356700000000003,0.177347,2.8345498718674289,2.8345498718674289
11,67214207,IBS,185103,0.057324800000000002,0.174952,-1.9347839572545587,1.9347839572545587
11,67217040,IBS,185104,0.94267500000000004,-0.16089100000000001,1.6322863039861006,1.6322863039861006
11,67220577,IBS,185105,0.070063700000000007,0.61196499999999998,-0.27240467128004375,0.27240467128004375
11,67222059,IBS,185106,0.83121,-0.025439199999999999,1.3709583614878513,1.3709583614878513
11,67222899,IBS,185107,0.095541399999999999,0.6099,-0.28025984544085214,0.28025984544085214
11,67223388,IBS,185108,0.127389,0.348163,-0.67622708755978489,0.67622708755978489
11,67224146,IBS,185109,0.94267500000000004,-0.072711499999999998,1.9457194495344765,1.9457194495344765
11,67224461,IBS,185110,0.90127400000000002,0.050325099999999998,2.3830518063246298,2.3830518063246298
11,67224761,IBS,185111,0.94267500000000004,-0.14568400000000001,1.6863394324837009,1.6863394324837009
11,67228686,IBS,185112,0.076433100000000004,0.26947199999999999,-1.5752338063201217,1.5752338063201217
11,67233479,IBS,185113,0.94267500000000004,-0.141316,1.7018654445358823,1.7018654445358823
11,67233651,IBS,185114,0.94267500000000004,-0.141316,1.7018654445358823,1.7018654445358823
11,67242269,IBS,185115,0.066878999999999994,0.35674299999999998,-1.2432585500547888,1.2432585500547888
11,67242278,IBS,185116,0.93949000000000005,-0.028409199999999999,2.103191529145132,2.103191529145132
11,67247422,IBS,185117,0.057324800000000002,-0.036363100000000002,-2.7386178135783594,2.7386178135783594
11,67247422,IBS,185118,0.90127400000000002,0.18653800000000001,2.8672191888938929,2.8672191888938929
11,67257063,IBS,185119,0.070063700000000007,0.43932199999999999,-0.92913146674951075,0.92913146674951075
11,67266795,IBS,185120,0.94267500000000004,-0.15445,1.6551807736811783,1.6551807736811783
11,67274522,IBS,185121,0.063694299999999995,-0.048680599999999997,-2.7854730715569347,2.7854730715569347
11,67278605,IBS,185122,0.063694299999999995,0.586866,-0.36788022394935638,0.36788022394935638
11,67282821,IBS,185123,0.94267500000000004,-0.18455099999999999,1.5481870720367863,1.5481870720367863
11,67290643,IBS,185124,0.079617800000000002,0.617116,-0.25281048139998358,0.25281048139998358
11,67296338,IBS,185125,0.77070099999999997,-0.063444600000000004,0.88528580955189218,0.88528580955189218
11,67296338,IBS,185126,0.181529,0.27308900000000003,-0.54924102635836669,0.54924102635836669
11,67297526,IBS,185127,0.94267500000000004,-0.121853,1.7710464822125309,1.7710464822125309
11,67298056,IBS,185128,0.94904500000000003,-0.208956,1.4614397450831504,1.4614397450831504
11,67308593,IBS,185129,0.050955399999999998,0.72853299999999999,0.17101515514955276,0.17101515514955276
11,67316096,IBS,185130,0.75159200000000004,-0.032382800000000003,0.99826431254614556,0.99826431254614556
11,67319070,IBS,185131,0.066878999999999994,0.59833700000000001,-0.32424501678294793,0.32424501678294793
11,67319673,IBS,185132,0.93630599999999997,-0.17598,1.5786526053012653,1.5786526053012653
11,67323100,IBS,185133,0.73248400000000002,0.022982900000000001,0.97809212515156019,0.97809212515156019
11,67324121,IBS,185134,0.229299,0.125333,-0.93259406713362814,0.93259406713362814
11,67324401,IBS,185135,0.066878999999999994,0.589395,-0.35826001307638566,0.35826001307638566
11,67324402,IBS,185136,0.066878999999999994,0.589395,-0.35826001307638566,0.35826001307638566
11,67324403,IBS,185137,0.066878999999999994,0.589395,-0.35826001307638566,0.35826001307638566
11,67324411,IBS,185138,0.066878999999999994,0.589395,-0.35826001307638566,0.35826001307638566
11,67324413,IBS,185139,0.066878999999999994,0.589395,-0.35826001307638566,0.35826001307638566
11,67325889,IBS,185140,0.44267499999999999,0.0944184,-0.073201460373467114,0.073201460373467114
11,67326513,IBS,185141,0.0923567,0.66982600000000003,-0.052303832481720852,0.052303832481720852
11,67329402,IBS,185142,0.94267500000000004,-0.27956500000000001,1.2104607650024599,1.2104607650024599
11,67330307,IBS,185143,0.076433100000000004,0.70268299999999995,0.072682829698270349,0.072682829698270349
11,67331152,IBS,185144,0.063694299999999995,0.46709600000000001,-0.82348032527624515,0.82348032527624515
11,67339250,IBS,185145,0.94904500000000003,-0.19855,1.4984277673851187,1.4984277673851187
11,67339252,IBS,185146,0.46496799999999999,0.16183600000000001,0.28411007484828255,0.28411007484828255
11,67339252,IBS,185147,0.127389,0.35929899999999998,-0.63212192645610021,0.63212192645610021
11,67343185,IBS,185148,0.90764299999999998,0.0051311799999999999,2.2224104723948428,2.2224104723948428
11,67347629,IBS,185149,0.054140099999999997,0.54631700000000005,-0.52212693438355517,0.52212693438355517
11,67366129,IBS,185150,0.073248400000000005,0.37876700000000002,-1.1594801695619825,1.1594801695619825
11,67368912,IBS,185151,0.066878999999999994,0.59828700000000001,-0.32443521470451708,0.32443521470451708
11,67368912,IBS,185152,0.88534999999999997,-0.173932,1.1597453204971186,1.1597453204971186
11,67370256,IBS,185153,0.054140099999999997,0.15506300000000001,-2.0104408864963599,2.0104408864963599
11,67370541,IBS,185154,0.054140099999999997,0.15506300000000001,-2.0104408864963599,2.0104408864963599
11,67379243,IBS,185155,0.070063700000000007,0.36028300000000002,-1.2297925372076886,1.2297925372076886
11,67380311,IBS,185156,0.92993599999999998,-0.14111699999999999,1.7025727880336807,1.7025727880336807
