gene_name,gstart,gend,midpoint,n_seg,max_h12_500kb,max_h2h1_500kb,n_windows
WASHC1,14475,73865,44170,4308,0.02314072956923367,0.9951456310679613,79
FOXD4,116231,118417,117324,4839,0.02314072956923367,0.9951456310679613,89
ZNG1A,120837,179147,149992,5133,0.02356489772834386,0.9951456310679613,95
DOCK8,214854,465259,340056,7150,0.050523140729569226,0.9951456310679613,136
KANK1,470291,746105,608198,9014,0.05104156847959279,0.9506172839506174,173
DMRT1,841690,969090,905390,8612,0.04863794891130172,0.9628099173553718,165
DMRT3,976655,991732,984193,8528,0.04972193420680554,0.9615384615384616,163
DMRT2,1049858,1057552,1053705,8655,0.04689414647940428,0.9608695652173913,166
SMARCA2,1980290,2193624,2086957,8049,0.025591478932981433,0.961864406779661,153
VLDLR,2621182,2660056,2640619,7188,0.020407201432745777,0.9512195121951219,136
KCNV2,2717510,2730037,2723773,7009,0.04581016118390045,0.9480519480519481,133
PUM3,2720469,2844095,2782282,6739,0.04920350645678198,0.948051948051948,127
RFX3,3218297,3526004,3372150,5840,0.04614006975209727,0.9651162790697673,109
GLIS3,3824127,4348392,4086259,7131,0.01795645206899802,0.9659090909090909,135
SLC1A1,4490468,4587469,4538968,7689,0.016731077387124135,0.9693877551020409,146
SPATA6L,4553386,4666674,4610030,7536,0.0253087001602413,0.9693877551020409,143
PLPP6,4662294,4665258,4663776,7398,0.04062588368366481,0.9700000000000001,140
CDC37L1,4679559,4708399,4693979,7271,0.03534734659251579,0.9691780821917809,138
AK3,4709556,4742043,4725799,7131,0.04081440286549156,0.9693877551020409,135
RCL1,4792944,4885917,4839430,6695,0.03878782166085398,0.9691780821917809,126
JAK2,4984390,5129948,5057169,6492,0.04081440286549156,0.9693877551020409,122
INSL6,5123880,5185647,5154763,6121,0.03878782166085398,0.9691780821917809,115
INSL4,5231419,5235304,5233361,5945,0.03841078329720048,0.9701986754966887,111
RLN2,5299864,5304716,5302290,5650,0.03841078329720048,0.9693877551020409,106
RLN1,5334930,5339876,5337403,5538,0.03888208125176736,0.9693877551020409,103
PLGRKT,5357971,5437925,5397948,5546,0.0391177302290508,0.9628099173553719,103
CD274,5450503,5470566,5460534,5404,0.03878782166085398,0.9621848739495795,101
PDCD1LG2,5510531,5571282,5540906,5464,0.03888208125176736,0.9384615384615385,102
RIC1,5629025,5776557,5702791,5610,0.021585446319162975,0.9375000000000001,105
ERMP1,5749832,5879537,5814684,5734,0.017673673296257894,0.9621848739495795,107
BRD10,5881596,6008482,5945039,5499,0.019511735319068718,0.9452054794520548,102
MLANA,5890889,5910606,5900747,5578,0.017626543500801208,0.9628099173553719,104
RANBP6,6011025,6015625,6013325,5410,0.01960599490998209,0.9289772727272728,101
IL33,6215786,6257983,6236884,6331,0.025732868319351492,0.930939226519337,119
TPD52L3,6328375,6331891,6330133,6701,0.02714676218305212,0.9428571428571431,127
UHRF2,6413151,6507054,6460102,7054,0.020501461023659157,0.9503105590062111,134
GLDC,6532467,6645729,6589098,7390,0.020312941841832407,0.9487179487179487,140
KDM4C,6720863,7175648,6948255,8376,0.02823074747855593,0.9503105590062111,160
DMAC1,7796500,7888380,7842440,7290,0.03911773022905081,0.9624999999999998,138
PTPRD,8314246,10613002,9463624,7358,0.021255537750966162,0.9637096774193549,140
TYRP1,12685439,12710285,12697862,6828,0.029456122160429813,0.966417910447761,129
LURAP1L,12775020,12823060,12799040,6433,0.0268168536148553,0.967391304347826,121
MPDZ,13105706,13279692,13192699,5987,0.02545008954661136,0.9666666666666667,112
NFIB,14081843,14398983,14240413,6894,0.03473465925157884,0.9813084112149534,130
ZDHHC21,14611071,14693432,14652251,6894,0.041568479592798566,0.9813084112149534,130
CER1,14719724,14722733,14721228,6756,0.04194551795645207,0.9816513761467888,128
FREM1,14737152,14910995,14824073,6938,0.04566877179753039,0.9816513761467888,131
TTC39B,15163622,15307360,15235491,6769,0.04566877179753039,0.9493670886075951,128
SNAPC3,15422734,15465953,15444343,6462,0.044961824865680074,0.9490445859872613,122
PSIP1,15464066,15510995,15487530,6433,0.044961824865680074,0.9490445859872613,121
CCDC171,15553043,16061663,15807353,6410,0.034593269865208776,0.9490445859872613,121
BNC2,16409503,16870843,16640173,7148,0.025779998114808182,0.9628099173553719,135
CNTLN,17134982,17503923,17319452,7310,0.04095579225186163,0.9659090909090909,139
SH3GL2,17579066,17797124,17688095,7107,0.03916486002450749,0.9653846153846155,135
ADAMTSL1,17906563,18910950,18408756,7255,0.029456122160429817,0.9542857142857145,138
SAXO1,18858906,19049358,18954132,7745,0.04156847959279856,0.9656488549618321,147
RRAGA,19049427,19051025,19050226,7758,0.04557451220661701,0.9651162790697675,148
HAUS6,19053141,19102904,19078022,7823,0.040908662456404926,0.9656488549618321,149
PLIN2,19108375,19149290,19128832,7677,0.04510321425205014,0.96484375,146
DENND4C,19230435,19374281,19302358,7421,0.040908662456404926,0.9656488549618321,141
RPS6,19375715,19380236,19377975,7239,0.04557451220661701,0.9651162790697675,137
ACER2,19409009,19452505,19430757,7178,0.04067301347912149,0.9656488549618321,136
SLC24A2,19507452,19789037,19648244,6556,0.03294372702422471,0.9645669291338582,124
MLLT3,20341669,20622499,20482084,5918,0.02059572061457253,0.9463087248322148,111
FOCAD,20658309,20995955,20827132,5697,0.02700537279668206,0.9370078740157481,106
HACD4,20999509,21031640,21015574,5821,0.04505608445659345,0.9305555555555554,109
IFNB1,21077104,21077942,21077523,5813,0.04500895466113676,0.9313186813186813,109
IFNW1,21140632,21141832,21141232,5869,0.031624092751437446,0.9637096774193549,110
IFNA21,21165637,21166660,21166148,5885,0.04331228202469601,0.9637096774193549,110
IFNA4,21186618,21187587,21187102,5960,0.04656423791120745,0.9634146341463414,112
IFNA7,21201469,21202205,21201837,5983,0.04656423791120745,0.9634146341463414,112
IFNA10,21206181,21207143,21206662,5990,0.04331228202469601,0.9637096774193549,112
IFNA16,21216373,21217311,21216842,5977,0.04665849750212083,0.9634146341463414,112
IFNA17,21227243,21228222,21227732,6027,0.04656423791120745,0.9634146341463414,113
IFNA14,21239002,21240005,21239503,6069,0.04656423791120745,0.9634146341463414,114
IFNA5,21304326,21305313,21304819,6104,0.04679988688849089,0.9637096774193549,115
KLHL9,21329665,21335404,21332534,6149,0.045621642002073706,0.9637096774193549,115
IFNA6,21350253,21350956,21350604,6142,0.045621642002073706,0.9637096774193549,115
IFNA13,21367372,21368057,21367714,6161,0.04656423791120745,0.9634146341463414,116
IFNA2,21384255,21385398,21384826,6169,0.04557451220661702,0.9637096774193549,116
IFNA8,21409117,21410185,21409651,6133,0.04548025261570364,0.9637096774193549,115
IFNA1,21440439,21441316,21440877,6061,0.04543312282024696,0.9637096774193549,114
IFNE,21480839,21482313,21481576,6064,0.04656423791120745,0.9683098591549296,114
MTAP,21802636,21937651,21870143,5911,0.04543312282024696,0.9680851063829786,111
CDKN2A,21967752,21995301,21981526,6052,0.04599868036572721,0.9680851063829786,114
CDKN2B,22002903,22009305,22006104,6039,0.04599868036572721,0.9680851063829786,113
DMRTA1,22446824,22455740,22451282,6236,0.026769723819398617,0.9375,117
ELAVL2,23690104,23826337,23758220,6070,0.02827787727401262,0.9687500000000001,114
IZUMO3,24542952,24545946,24544449,6060,0.0402488453200113,0.9448275862068967,114
TUSC1,25676969,25678444,25677706,6531,0.025921387501178242,0.9661654135338344,123
CAAP1,26840685,26892803,26866744,6361,0.02450749363747761,0.9819819819819817,120
PLAA,26903372,26947242,26925307,6431,0.023423508341973792,0.9829059829059825,121
IFT74,26947039,27066134,27006586,6438,0.024460363842020924,0.982608695652174,121
LRRC19,26993136,27005672,26999404,6453,0.02464888302384767,0.9824561403508772,122
TEK,27109141,27230174,27169657,6537,0.02464888302384767,0.9824561403508772,123
EQTN,27284654,27297150,27290902,6592,0.024648883023847674,0.9829059829059825,124
MOB3B,27325209,27529814,27427511,6722,0.020501461023659153,0.9829059829059825,127
IFNK,27524290,27526498,27525394,6873,0.024177585069280798,0.9827586206896551,130
C9orf72,27535640,27573866,27554753,6967,0.024224714864737484,0.9824561403508772,132
LINGO2,27937617,29213601,28575609,7357,0.0637194834574418,0.9671532846715332,140
ACO1,32384603,32454769,32419686,6675,0.08676595343576207,0.9518072289156626,126
RIGI,32455302,32526348,32490825,6566,0.09147893298143085,0.9420289855072463,124
ENSG00000288684,32455323,32552603,32503963,6481,0.08921670279950984,0.9420289855072463,122
TOPORS,32540544,32552586,32546565,6481,0.08921670279950984,0.9420289855072463,122
SMIM27,32551144,32568621,32559882,6415,0.08921670279950984,0.9420289855072463,121
NDUFB6,32553001,32573184,32563092,6393,0.08455085304929776,0.95,120
TAF1L,32629454,32635669,32632561,6091,0.0383636535017438,0.9506172839506174,114
TMEM215,32783540,32789201,32786370,5820,0.03082288622867376,0.9420289855072463,109
APTX,32886601,33025130,32955865,5828,0.0322367800923744,0.9506172839506174,109
DNAJA1,33025273,33039907,33032590,5969,0.03167122254689414,0.9420289855072463,112
SMU1,33041765,33076674,33059219,5991,0.0322367800923744,0.942857142857143,112
B4GALT1,33104082,33167356,33135719,6253,0.03185974172872089,0.9411764705882353,118
SPINK4,33218365,33248567,33233466,6266,0.03082288622867376,0.9407407407407409,118
BAG1,33247820,33264720,33256270,6313,0.03181261193326421,0.9452054794520549,119
CHMP5,33264879,33282070,33273474,6336,0.03167122254689414,0.945945945945946,119
NFX1,33290512,33371157,33330834,6592,0.03200113111509096,0.9669117647058824,124
AQP7,33383179,33402682,33392930,6593,0.02681685361485531,0.9452054794520549,124
AQP3,33441156,33447596,33444376,6459,0.0245546234329343,0.9452054794520549,122
NOL6,33461353,33473930,33467641,6479,0.025402959751154676,0.945945945945946,122
ANKRD18B,33524251,33608848,33566549,6504,0.024083325478367425,0.9645669291338582,123
PRSS3,33750679,33799231,33774955,6536,0.022622301819210107,0.9651162790697673,123
UBE2R2,33817160,33920399,33868779,6649,0.024083325478367425,0.9645669291338582,125
UBAP2,33921693,34049388,33985540,6437,0.02389480629654067,0.9645669291338582,121
DCAF12,34086387,34127399,34106893,6180,0.025120180978414557,0.9639999999999999,116
UBAP1,34179005,34252523,34215764,6036,0.0272410217739655,0.9653846153846153,113
KIF24,34252380,34329268,34290824,5978,0.027476670751248936,0.96484375,112
NUDT2,34329506,34343711,34336608,5782,0.027476670751248936,0.96484375,108
MYORG,34366666,34376898,34371782,5775,0.027335281364878873,0.9645669291338582,108
SPMIP6,34379019,34397828,34388423,5800,0.027618060137619,0.9639999999999999,109
FAM219A,34398184,34458570,34428377,5813,0.027476670751248936,0.96484375,109
DNAI1,34457414,34520988,34489201,5747,0.027759449523989066,0.9639999999999999,107
ENHO,34521043,34522990,34522016,5590,0.0272410217739655,0.9331550802139038,104
CNTFR,34551432,34590140,34570786,5477,0.027335281364878873,0.9305555555555555,102
RPP25L,34610486,34612104,34611295,5367,0.030163069092280132,0.930167597765363,100
DCTN3,34613545,34620523,34617034,5347,0.02771231972853238,0.9305555555555552,99
ARID3C,34621049,34629066,34625057,5354,0.027288151569422187,0.9297752808988764,100
SIGMAR1,34634722,34637844,34636283,5387,0.027759449523989066,0.930167597765363,100
GALT,34638133,34651035,34644584,5370,0.0272410217739655,0.9331550802139038,100
ENSG00000258728,34646631,34661886,34654258,5360,0.027759449523989066,0.930167597765363,100
IL11RA,34652162,34661902,34657032,5345,0.027335281364878873,0.9324324324324323,99
CCL27,34661880,34664048,34662964,5346,0.027759449523989066,0.930167597765363,99
ENSG00000187186,34664163,34666112,34665137,5340,0.027618060137619,0.9320652173913044,99
CCL19,34689570,34691276,34690423,5367,0.027288151569422187,0.9297752808988764,100
CCL21,34709005,34710136,34709570,5381,0.02771231972853238,0.9305555555555552,100
SPATA31F1,34723053,34729488,34726270,5333,0.027570930342162313,0.9331550802139038,99
SPATA31F3,34889066,34895764,34892415,5229,0.027335281364878873,0.9320652173913044,97
PHF24,34957608,34982544,34970076,5063,0.01790932227354133,0.9316939890710381,94
DNAJB5,34989641,34998900,34994270,5048,0.017862192478084644,0.9305555555555552,93
SPATA31G1,35041095,35045986,35043540,5051,0.01795645206899802,0.9316939890710381,94
VCP,35053928,35072668,35063298,5025,0.017815062682627957,0.930167597765363,93
ENSG00000288699,35065339,35074175,35069757,5028,0.018003581864454707,0.9313186813186813,93
FANCG,35073835,35080004,35076919,5015,0.01790932227354133,0.9324324324324325,93
PIGO,35087237,35096619,35091928,5025,0.01748515411443114,0.9331550802139038,93
STOML2,35099776,35103195,35101485,5055,0.017815062682627954,0.9305555555555555,94
ATOSB,35104112,35116341,35110226,5028,0.017626543500801204,0.9324324324324323,93
UNC13B,35161992,35405338,35283665,4892,0.017202375341691015,0.9313186813186812,90
RUSC2,35490111,35561898,35526004,4931,0.03572438495616928,0.9411764705882353,91
CIMIP2B,35561831,35563899,35562865,5016,0.03360354416061834,0.9420289855072465,93
TESK1,35605262,35610041,35607651,5064,0.03369780375153171,0.9428571428571431,94
CD72,35609982,35646810,35628396,5044,0.036949759638043166,0.9313186813186812,93
SIT1,35649295,35650931,35650113,5050,0.036949759638043166,0.9313186813186812,94
CCDC107,35658290,35661511,35659900,5073,0.03464039966066546,0.9301675977653632,94
ARHGEF39,35658875,35675866,35667370,5070,0.03369780375153171,0.9420289855072465,94
CA9,35673928,35681159,35677543,5067,0.036949759638043166,0.9313186813186812,94
TPM2,35681992,35690056,35686024,5024,0.03572438495616928,0.9411764705882353,93
TLN1,35696948,35732195,35714571,5003,0.031954001319634266,0.9411764705882353,93
CREB3,35732598,35736999,35734798,4997,0.03572438495616928,0.9411764705882353,92
GBA2,35736866,35749228,35743047,5000,0.03572438495616928,0.930939226519337,93
RGP1,35749287,35758585,35753936,4992,0.03369780375153171,0.9420289855072465,92
MSMP,35752990,35756613,35754801,4998,0.03369780375153171,0.9428571428571431,92
NPR2,35791003,35809732,35800367,5144,0.03369780375153171,0.9420289855072465,95
SPAG8,35808045,35812272,35810158,5184,0.03572438495616928,0.9411764705882353,96
HINT2,35812960,35815354,35814157,5207,0.03369780375153171,0.9420289855072465,97
ENSG00000285645,35812960,35828732,35820846,5236,0.03572438495616928,0.930939226519337,97
TMEM8B,35814451,35865518,35839984,5263,0.0348760486379489,0.9305555555555555,98
FAM221B,35816391,35828747,35822569,5241,0.03572438495616928,0.9411764705882353,97
OR13J1,35869463,35870401,35869932,5294,0.038033744933546984,0.9313186813186812,98
HRCT1,35906202,35907136,35906669,5371,0.036949759638043166,0.930939226519337,100
SPAAR,35909490,35937153,35923321,5389,0.03572438495616928,0.9411764705882353,100
OR2S2,35957108,35958154,35957631,5440,0.031954001319634266,0.9420289855072465,101
OR13C7,36002909,36003867,36003388,5517,0.03666698086530304,0.9313186813186812,103
RECK,36036913,36124455,36080684,5642,0.03464039966066546,0.9260355029585797,105
GLIPR2,36136536,36163913,36150224,5634,0.03360354416061834,0.9420289855072465,105
CCIN,36169388,36171334,36170361,5612,0.036949759638043166,0.9264705882352939,105
CLTA,36190856,36304781,36247818,5731,0.03572438495616928,0.9264705882352942,107
GNE,36214441,36277042,36245741,5721,0.03581864454708266,0.9264705882352942,107
RNF38,36336396,36487548,36411972,5916,0.03369780375153171,0.9269005847953217,111
MELK,36572862,36677683,36625272,5717,0.013903289659722873,0.9264705882352939,107
PAX5,36833269,37034268,36933768,5539,0.019040437364501835,0.9345549738219896,103
ZCCHC7,37120574,37358149,37239361,5650,0.021679705910076348,0.9345549738219894,106
GRHPR,37422666,37436990,37429828,5660,0.02460175322839099,0.9342105263157895,106
ZBTB5,37438102,37465450,37451776,5630,0.02233952304646998,0.9342105263157895,105
POLR1E,37485948,37503697,37494822,5537,0.020548590819115843,0.9331550802139036,103
FBXO10,37510892,37576380,37543636,5509,0.02464888302384767,0.9342105263157895,103
ENSG00000256966,37512547,37592469,37552508,5511,0.02130266754642285,0.9342105263157895,103
TOMM5,37582646,37592604,37587625,5474,0.020548590819115843,0.933862433862434,102
ENSG00000255872,37588413,38068687,37828550,5845,0.019323216137241958,0.940740740740741,109
FRMPD1,37650954,37746904,37698929,5585,0.02460175322839099,0.9398496240601502,104
TRMT10B,37753803,37778972,37766387,5737,0.02337637854651711,0.9651162790697675,107
EXOSC3,37759234,37832117,37795675,5750,0.01974738429635215,0.9416058394160585,108
DCAF10,37800554,37867666,37834110,5863,0.020642850410029223,0.96484375,110
SLC25A51,37879400,37904353,37891876,5758,0.019323216137241958,0.940740740740741,108
SHB,37915898,38069227,37992562,5882,0.01974738429635215,0.9407407407407407,110
ALDH1B1,38392702,38398661,38395681,6031,0.019558865114525405,0.9813084112149534,113
IGFBPL1,38406528,38424454,38415491,5990,0.01998303327363559,0.9951456310679613,112
ANKRD18A,38540567,38620596,38580581,6566,0.020124422660005654,0.9951456310679613,124
FAM240B,38694266,38720133,38707199,6496,0.019417475728155338,0.9951456310679613,122
CNTNAP3,39064710,39288315,39176512,4901,0.018757658591761713,0.9951456310679613,91
SPATA31A1,39355669,39361962,39358815,4222,0.018663399000848336,0.9951456310679613,77
FOXD4L6,41126435,41128681,41127558,6198,0.009802997454991042,0.9951456310679613,116
ZNG1F,41131306,41199261,41165283,6451,0.009802997454991042,0.9951456310679613,122
CNTNAP3B,41890314,42129510,42009912,5606,0.011641059477801863,0.9951456310679613,105
SPATA31A6,42183659,42189887,42186773,5130,0.013431991705155997,0.9951456310679613,95
SPATA31A5,60914407,60920653,60917530,1642,0.0073522480912432825,0.9951456310679613,25
SPATA31A7,61190036,61196280,61193158,1200,0.006503911773022903,0.9951456310679613,17
CNTNAP3C,61330717,61453030,61391873,1726,0.012300876614195494,0.9951456310679613,27
FOXD4L5,65282101,65285209,65283655,4173,0.0114996700914318,0.9951456310679613,76
ZNG1E,65668805,65734041,65701423,3560,0.0114996700914318,0.9951456310679613,64
FOXD4L4,65737146,65738396,65737771,3551,0.01107550193232161,0.9951456310679613,64
ZNF658,66856426,66932141,66894283,3368,0.008106324818550285,0.9951456310679613,60
SPATA31A3,66986304,66992550,66989427,3763,0.008106324818550285,0.9951456310679613,68
ANKRD20A1,67832765,67920552,67876658,2576,0.004995758318408897,0.9951456310679613,44
ZNG1C,68232003,68300035,68266019,3350,0.015788481477990383,0.9951456310679613,60
FOXD4L3,68302867,68305084,68303975,3296,0.016778207182580825,0.9951456310679613,58
PGM5,68328308,68531061,68429684,3522,0.04076727307003487,0.9951456310679613,63
TMEM252,68536580,68540883,68538731,4135,0.04076727307003487,0.9951456310679613,75
PIP5K1B,68705240,69009176,68857208,5602,0.04076727307003487,0.9523809523809524,105
PABIR1,68780065,68785566,68782815,5673,0.04076727307003487,0.9951456310679613,106
PRKACG,69012504,69014113,69013308,5642,0.032283909887831086,0.9520958083832335,105
ENSG00000285130,69035747,69255187,69145467,5607,0.037798095956263544,0.9529411764705883,105
FXN,69035751,69079076,69057413,5735,0.043170892638325936,0.9518072289156626,107
TJP2,69121264,69274615,69197939,5601,0.03940050900179092,0.9651162790697673,105
ENTREP1,69324567,69392558,69358562,5524,0.02436610425110755,0.9651162790697673,103
APBA1,69427532,69672371,69549951,5462,0.02512018097841455,0.9651162790697673,102
PTAR1,69709522,69760011,69734766,5280,0.02738241116033556,0.96484375,98
CFAP95,69820817,69906227,69863522,5064,0.03195400131963426,0.9651162790697673,94
MAMDC2,70043848,70226972,70135410,5094,0.032095390706004326,0.9224137931034483,94
SMC5,70258978,70354873,70306925,5292,0.04972193420680553,0.9224137931034483,98
KLF9,70384604,70414657,70399630,5416,0.04976906400226222,0.9067357512953368,101
TRPM3,70529060,71446977,70988018,5599,0.05650862475256857,0.9293785310734463,104
CEMIP2,71683366,71816690,71750028,5473,0.016778207182580825,0.9669117647058824,102
ABHD17B,71862452,71911193,71886822,5345,0.015317183523423508,0.9666666666666667,99
C9orf85,71911510,71986054,71948782,5209,0.016354039023470636,0.9676258992805755,97
C9orf57,72051376,72072721,72062048,5241,0.021773965500989725,0.9671532846715332,97
GDA,72114595,72257193,72185894,5329,0.04128570082005843,0.9661654135338347,99
ZFAND5,72351413,72365235,72358324,5162,0.045103214252050154,0.9653846153846153,96
TMC1,72521608,72838297,72679952,4985,0.043170892638325964,0.9509202453987731,92
ALDH1A1,72900671,73080442,72990556,4959,0.04128570082005843,0.9509202453987731,92
ANXA1,73151865,73170393,73161129,4945,0.03407484211518521,0.9515151515151515,91
RORB,74497335,74693177,74595256,4997,0.0241775850692808,0.9473684210526315,92
TRPM6,74722495,74888094,74805294,5389,0.0441134885474597,0.9487179487179488,100
C9orf40,74946583,74952912,74949747,5620,0.04397209916108964,0.9218750000000001,105
CARNMT1,74980790,75028423,75004606,5720,0.06546328588933924,0.9203821656050956,107
NMRK1,75060573,75088217,75074395,5848,0.04434913752474314,0.9228395061728396,109
OSTF1,75088514,75147265,75117889,5872,0.0690451503440475,0.921875,110
PCSK5,75890644,76362975,76126809,6442,0.0310585352059572,0.9459459459459462,121
RFK,76385526,76394517,76390021,6424,0.022433782637383354,0.9615384615384616,121
GCNT1,76419850,76651203,76535526,6455,0.022339523046469977,0.961864406779661,122
PRUNE2,76611376,76906114,76758745,7025,0.03633707229710623,0.9615384615384616,133
FOXB2,77019655,77020953,77020304,6938,0.03779809595626355,0.961864406779661,131
VPS13A,77177445,77421537,77299491,6593,0.036101423319822794,0.9621848739495799,124
GNA14,77423079,77648322,77535700,6122,0.03162409275143745,0.9503105590062111,115
GNAQ,77716097,78031811,77873954,5462,0.01706098595532095,0.9463087248322147,102
CEP78,78236062,78279690,78257876,5250,0.01757941370534452,0.9448275862068966,98
PSAT1,78297125,78330093,78313609,5337,0.018286360637194833,0.9455782312925172,99
TLE4,79571773,79726882,79649327,4975,0.020737110000942593,0.9548022598870055,92
TLE1,81583683,81689547,81636615,5200,0.01333773211424262,0.9645669291338582,97
SPATA31D4,81928428,81934998,81931713,4515,0.014610236591573188,0.96484375,83
SPATA31D3,81943500,81950093,81946796,4438,0.015270053727966817,0.9656488549618318,81
SPATA31D1,81988772,81995253,81992012,4452,0.020595720614572533,0.9656488549618318,82
RASEF,82979590,83063177,83021383,5558,0.022622301819210107,0.982608695652174,104
FRMD3,83242990,83538546,83390768,5411,0.016825336978037515,0.9827586206896551,101
IDNK,83623049,83644130,83633589,5761,0.020407201432745777,0.9827586206896551,108
UBQLN1,83659968,83707958,83683963,5763,0.017579413705344517,0.9827586206896551,108
GKAP1,83739425,83829516,83784470,5763,0.022103874069186537,0.9827586206896551,108
KIF27,83834099,83921465,83877782,5909,0.02101988877368272,0.9477124183006538,111
QNG1,83938311,83956986,83947648,6006,0.0502874917522858,0.9459459459459459,113
HNRNPK,83968083,83980631,83974357,6015,0.0502874917522858,0.9459459459459459,113
RMI1,83980798,84004074,83992436,5946,0.04505608445659344,0.926470588235294,111
SLC28A3,84275457,84340758,84308107,6300,0.06136299368460742,0.9246987951807228,119
NTRK2,84668375,85095751,84882063,6149,0.05707418229804883,0.949685534591195,115
AGTPBP1,85546539,85742029,85644284,5410,0.0617871618437176,0.9642857142857142,101
NAA35,85941146,86025462,85983304,5277,0.021067018569139402,0.9645669291338582,98
GOLM1,86026146,86100173,86063159,5344,0.021585446319162968,0.96484375,99
C9orf153,86220265,86259657,86239961,5495,0.021208407955509465,0.945578231292517,102
ISCA1,86264546,86283102,86273824,5506,0.022386652841926664,0.947019867549669,103
TUT7,86287733,86354454,86321093,5507,0.021491186728249595,0.949685534591195,103
GAS1,86944362,86947506,86945934,5765,0.018286360637194826,0.9653846153846153,108
DAPK1,87497228,87708634,87602931,6744,0.05368083702516731,0.9678571428571429,127
CTSL,87724051,87731469,87727760,7302,0.05368083702516731,0.9816513761467888,139
SPATA31E1,87882877,87888903,87885890,7441,0.05368083702516731,0.9816513761467888,141
SPATA31C1,87914488,87923657,87919072,7338,0.05368083702516731,0.9818181818181818,139
ENSG00000283205,87956214,87956883,87956548,7269,0.05368083702516731,0.9819819819819817,138
CDK20,87966441,87974753,87970597,7226,0.05368083702516731,0.9814814814814816,137
SPATA31C2,88129305,88138475,88133890,7052,0.026486945046658494,0.9814814814814816,134
SPIN1,88388430,88478694,88433562,6946,0.026486945046658494,0.9814814814814816,131
NXNL2,88534033,88584274,88559153,7092,0.041804128570082005,0.9816513761467888,134
S1PR3,88990863,89005155,88998009,5885,0.0406730134791215,0.9653846153846154,110
SHC3,89005771,89178818,89092294,6031,0.03218965029691771,0.9480519480519481,113
CKS2,89311195,89316703,89313949,6162,0.0406730134791215,0.9653846153846154,116
SECISBP2,89318500,89359663,89339081,6176,0.0383165237062871,0.9637096774193549,116
SEMA4D,89360787,89498130,89429458,6213,0.028749175228579504,0.9653846153846154,117
GADD45G,89605012,89606555,89605783,6123,0.02907908379677631,0.9637096774193549,115
DIRAS2,90609832,90642862,90626347,6845,0.033886322933358456,0.9277456647398846,129
SYK,90801787,90898549,90850168,6722,0.03440475068338203,0.9493670886075951,127
AUH,91213815,91361918,91287866,6487,0.025214440569327926,0.9490445859872614,122
NFIL3,91409045,91423832,91416438,6382,0.031199924592327264,0.947019867549669,120
ROR2,91563091,91950228,91756659,6282,0.040531624092751434,0.947019867549669,118
SPTLC1,92000087,92115413,92057750,5934,0.031199924592327264,0.9436936936936936,111
IARS1,92210207,92293854,92252030,5577,0.03511169761523234,0.941588785046729,104
NOL8,92297358,92325636,92311497,5490,0.0402488453200113,0.9439461883408072,102
CENPP,92325953,92620529,92473241,5381,0.034781789047035536,0.9423963133640552,100
OGN,92383268,92404696,92393982,5402,0.03511169761523234,0.9423963133640552,101
OMD,92412380,92424471,92418425,5408,0.03341502497879159,0.9431818181818182,101
ASPN,92456205,92482506,92469355,5366,0.03515882741068903,0.9418604651162793,100
ECM2,92493554,92536655,92515104,5318,0.03497030822886228,0.9439461883408072,99
IPPK,92613183,92670131,92641657,5425,0.03511169761523234,0.941588785046729,101
BICD2,92711363,92764833,92738098,5394,0.03511169761523234,0.933862433862434,100
ZNF484,92844182,92878038,92861110,5607,0.03497030822886228,0.948051948051948,105
FGD3,92947523,93036236,92991879,5776,0.03511169761523234,0.948051948051948,108
SUSD3,93058688,93085133,93071910,5709,0.02983316052408332,0.9246861924686187,107
CARD19,93096217,93113283,93104750,5791,0.032095390706004326,0.9487179487179489,108
NINJ1,93121496,93134251,93127873,5874,0.032095390706004326,0.9246861924686187,110
WNK2,93184122,93320572,93252347,6064,0.04406635875200301,0.9483870967741935,114
FAM120AOS,93431441,93453581,93442511,6177,0.06715995852578,0.9487179487179489,116
FAM120A,93451685,93566112,93508898,6167,0.058440946366292754,0.948051948051948,116
PHF2,93576584,93679587,93628085,5826,0.05509473088886793,0.9342105263157895,109
BARX1,93951627,93955355,93953491,5868,0.046847016683947584,0.9338624338624337,110
PTPDC1,94030794,94109856,94070325,6325,0.05509473088886793,0.9345549738219896,119
ZNF169,94259298,94301829,94280563,6207,0.024177585069280798,0.9345549738219896,117
NUTM2F,94318198,94328644,94323421,6198,0.02436610425110755,0.92816091954023,116
MFSD14B,94374569,94461042,94417805,6060,0.0249316617965878,0.9355670103092786,114
FBP2,94558720,94593824,94576272,6065,0.025638608728438116,0.9393203883495146,114
FBP1,94603133,94640249,94621691,6088,0.025638608728438116,0.9393203883495146,114
AOPEP,94726604,95151793,94939198,5471,0.025402959751154683,0.9393203883495146,102
FANCC,95099054,95426796,95262925,5209,0.022433782637383354,0.9396135265700482,97
PTCH1,95442980,95517057,95480018,5033,0.02403619568291073,0.9228395061728396,93
ERCC6L2,95871264,96121154,95996209,5869,0.020689980205485906,0.9483870967741936,110
HSD17B3,96235306,96302176,96268741,5302,0.020124422660005657,0.9493670886075949,99
ENSG00000285269,96235331,96352058,96293694,5389,0.029786030728626633,0.9515151515151515,100
SLC35D2,96313444,96383711,96348577,5409,0.029786030728626633,0.9509202453987732,101
ZNF367,96385941,96418370,96402155,5463,0.03275520784239796,0.9483870967741936,102
HABP4,96450169,96491336,96470752,5619,0.03633707229710622,0.9493670886075949,105
CDC14B,96490241,96619843,96555042,5680,0.03742105759261004,0.9483870967741936,106
PRXL2C,96639577,96655317,96647447,5598,0.029833160524083323,0.9666666666666667,104
ZNF510,96754553,96778129,96766341,5597,0.03633707229710622,0.9666666666666667,104
ZNF782,96816269,96875623,96845946,5383,0.029833160524083323,0.9666666666666667,100
NUTM2G,96928310,96940253,96934281,5280,0.035912904137996034,0.9669117647058825,98
CTSV,97029677,97156556,97093116,5536,0.029833160524083323,0.9666666666666667,103
CCDC180,97307304,97378751,97343027,5543,0.02983316052408332,0.9666666666666667,103
TDRD7,97412096,97496125,97454110,5527,0.02903195400131963,0.940740740740741,103
TMOD1,97501180,97601743,97551461,5499,0.030304458478650202,0.9355670103092782,102
TSTD2,97600080,97633368,97616724,5443,0.02983316052408332,0.9342105263157895,101
NCBP1,97633668,97673748,97653708,5469,0.03091714581958714,0.9331550802139036,102
XPA,97674909,97697340,97686124,5583,0.02983316052408332,0.9379844961240311,104
FOXE1,97853226,97856717,97854971,5711,0.02771231972853238,0.9448275862068967,107
TRMO,97904489,97922500,97913494,5769,0.02903195400131963,0.9420289855072466,108
HEMGN,97926791,97944856,97935823,5804,0.02903195400131963,0.9411764705882354,109
ANP32B,97983341,98015943,97999642,5834,0.02931473277405976,0.9402985074626866,109
NANS,98056732,98083077,98069904,5876,0.03162409275143745,0.942857142857143,110
TRIM14,98069275,98119222,98094248,5890,0.039589028183617675,0.9411764705882354,110
CORO2A,98120975,98192637,98156806,5917,0.028890564614949567,0.9428571428571431,111
TBC1D2,98199011,98255649,98227330,5998,0.040437364501838054,0.9420289855072466,112
GABBR2,98288109,98708935,98498522,6065,0.039589028183617675,0.9666666666666667,114
ANKS6,98731329,98796965,98764147,5899,0.02446036384202092,0.9676258992805756,110
GALNT12,98807670,98850081,98828875,5915,0.031624092751437446,0.9676258992805756,111
COL15A1,98943179,99070787,99006983,5771,0.023517767932887165,0.9666666666666667,108
TGFBR1,99104038,99154192,99129115,5364,0.019700254500895464,0.9666666666666667,100
ALG2,99216425,99221942,99219183,4955,0.018144971250824773,0.966417910447761,92
SEC61B,99222064,99230615,99226339,4926,0.01823923084173814,0.9666666666666667,91
NR4A3,99821855,99866891,99844373,3710,0.023706287114713922,0.9470198675496689,67
STX17,99906654,99974534,99940594,3689,0.024083325478367425,0.95,66
ERP44,99979185,100099052,100039118,3735,0.023234989160147042,0.9146919431279621,67
INVS,100099243,100302175,100200709,4170,0.024083325478367425,0.918552036199095,76
TEX10,100302077,100352942,100327509,4650,0.024083325478367425,0.9185520361990949,86
MSANTD3,100427143,100451734,100439438,4838,0.030304458478650195,0.9203539823008849,89
MSANTD3-TMEFF1,100442271,100577636,100509953,4932,0.02922047318314638,0.9189189189189187,91
TMEFF1,100473149,100577636,100525392,4945,0.030304458478650195,0.9203539823008849,91
CAVIN4,100578079,100588389,100583234,4979,0.02474314261476105,0.9273255813953489,92
PLPPR1,101028727,101325135,101176931,5798,0.03176548213780751,0.950920245398773,108
BAAT,101354182,101385400,101369791,5780,0.04222829672919219,0.9483870967741935,108
MRPL50,101387633,101398618,101393125,5794,0.04222829672919219,0.9483870967741935,108
ZNF189,101398851,101410660,101404755,5783,0.0509944386841361,0.949685534591195,108
ALDOB,101420560,101449664,101435112,5788,0.05401074559336412,0.949685534591195,108
PGAP4,101473170,101533537,101503353,5903,0.044584786502026574,0.9493670886075951,111
RNF20,101533853,101563344,101548598,6093,0.04463191629748326,0.9493670886075951,114
GRIN3A,101569352,101738647,101653999,6223,0.054482043547931,0.950920245398773,117
PPP3R2,101591604,101595021,101593312,6141,0.051607126025073044,0.9493670886075951,115
CYLC2,102995311,103018488,103006899,7072,0.03709114902441323,0.9390243902439023,134
SMC2,104094260,104141419,104117839,6795,0.11820152700537277,0.9444444444444443,128
OR13F1,104504263,104505222,104504742,6465,0.05094730888867942,0.949367088607595,122
OR13C4,104526253,104527209,104526731,6594,0.047082665661231024,0.9506172839506174,124
OR13C3,104535749,104536856,104536302,6647,0.047082665661231024,0.9515151515151515,125
OR13C8,104569168,104570130,104569649,6818,0.047082665661231024,0.9506172839506174,129
OR13C5,104598457,104599413,104598935,6945,0.04392496936563295,0.9506172839506175,131
OR13C2,104604671,104605627,104605149,6953,0.0441134885474597,0.9518072289156627,132
OR13C9,104617248,104618204,104617726,6964,0.04392496936563295,0.9506172839506175,132
OR13D1,104694518,104695462,104694990,6805,0.03558299556979922,0.9503105590062111,129
NIPSNAP3A,104747683,104760120,104753901,6755,0.03558299556979922,0.9503105590062111,128
NIPSNAP3B,104764129,104777764,104770946,6753,0.03600716372890941,0.9532163742690059,128
ABCA1,104781006,104928155,104854580,6658,0.03742105759261004,0.9529411764705884,126
SLC44A1,105244622,105439171,105341896,6571,0.03558299556979922,0.949367088607595,124
FSD1L,105447796,105552433,105500114,6221,0.038646432274483916,0.9529411764705884,117
FKTN,105558122,105653820,105605971,5602,0.02559147893298143,0.9463087248322146,105
TAL2,105662457,105663124,105662790,5473,0.027382411160335563,0.9466666666666668,102
TMEM38B,105694541,105776629,105735585,5480,0.023376378546517106,0.9470198675496688,102
ZNF462,106863166,107013634,106938400,5616,0.016024130455273823,0.9673913043478259,105
RAD23B,107283137,107332192,107307664,6326,0.02036007163728909,0.9676258992805756,119
KLF4,107484852,107490482,107487667,6871,0.020312941841832403,0.9671532846715329,130
ACTL7B,108854588,108855986,108855287,6578,0.030210198887736826,0.9621848739495795,124
ACTL7A,108862266,108863756,108863011,6587,0.030304458478650202,0.961864406779661,124
ELP1,108866898,108934328,108900613,6523,0.02775944952398906,0.9621848739495796,123
ABITRAM,108934400,108950744,108942572,6452,0.030068809501366763,0.961864406779661,122
CTNNAL1,108942569,109013522,108978045,6406,0.02907908379677631,0.9621848739495796,121
TMEM245,109015135,109119947,109067541,6397,0.02818361768309925,0.9683098591549296,120
FRRS1L,109130293,109167249,109148771,6444,0.027947968705815816,0.9676258992805755,121
EPB41L4B,109171974,109321059,109246516,6419,0.028089358092185872,0.9676258992805755,121
PTPN3,109375466,109498313,109436889,6305,0.029267602978603067,0.961864406779661,119
PALM2AKAP2,109498325,110172512,109835418,6359,0.02917334338768969,0.9707792207792207,120
C9orf152,110190048,110208159,110199103,6872,0.042699594683759064,0.9659090909090909,130
TXN,110243810,110256507,110250158,6768,0.03445188047883872,0.9656488549618321,128
TXNDC8,110303476,110337891,110320683,6662,0.04387783957017625,0.9656488549618318,126
SVEP1,110365248,110579880,110472564,6918,0.03652559147893297,0.9659090909090909,131
MUSK,110668779,110806558,110737668,6943,0.04387783957017625,0.9656488549618321,131
LPAR1,110873263,111038470,110955866,6491,0.03445188047883872,0.9473684210526315,122
OR2K2,111327229,111330224,111328726,6536,0.038269393910830424,0.9440559440559442,123
ECPAS,111360685,111484745,111422715,6570,0.03798661513809029,0.9466666666666669,124
ZNF483,111525159,111577844,111551501,6876,0.038080874729003664,0.9483870967741935,130
PTGR1,111549722,111599893,111574807,6868,0.03822226411537373,0.9621848739495795,130
DNAJC25,111631334,111654351,111642842,6677,0.03850504288811386,0.961864406779661,126
DNAJC25-GNG10,111631386,111670229,111650807,6686,0.038080874729003664,0.9621848739495795,126
GNG10,111661605,111670226,111665915,6714,0.038269393910830424,0.9608695652173913,127
SHOC1,111686171,111795008,111740589,6639,0.038269393910830424,0.9608695652173913,125
UGCG,111896814,111935369,111916091,6728,0.03822226411537373,0.9621848739495795,127
SUSD1,112040783,112175297,112108040,6566,0.03850504288811386,0.9651162790697676,124
PTBP3,112217716,112333664,112275690,6282,0.02917334338768969,0.9621848739495795,118
HSDL2,112380080,112472405,112426242,6097,0.016542558205297386,0.9621848739495795,114
KIAA1958,112486827,112669397,112578112,6038,0.030634367046847015,0.9651162790697676,113
INIP,112683926,112718149,112701037,5958,0.031058535205957204,0.9814814814814816,112
SNX30,112750760,112881671,112816215,5945,0.03110566500141389,0.9816513761467888,111
SLC46A2,112878920,112890876,112884898,6046,0.03110566500141389,0.9816513761467888,113
ZNF883,112988129,113012192,113000160,5945,0.031058535205957204,0.9816513761467888,111
ZFP37,113038377,113056759,113047568,5891,0.031058535205957204,0.9816513761467888,110
SLC31A2,113150976,113164140,113157558,6071,0.03157696295598077,0.9819819819819817,114
FKBP15,113161006,113221458,113191232,6061,0.031058535205957204,0.9816513761467888,114
SLC31A1,113221544,113264492,113243018,6176,0.031058535205957204,0.9814814814814816,116
CDC26,113255835,113275572,113265703,6201,0.03157696295598077,0.9819819819819817,117
PRPF4,113275642,113294009,113284825,6182,0.031058535205957204,0.9814814814814816,116
RNF183,113297093,113303376,113300234,6184,0.030634367046847015,0.9816513761467888,116
WDR31,113313222,113340298,113326760,6173,0.03110566500141389,0.9816513761467888,116
BSPRY,113349541,113371233,113360387,6071,0.03110566500141389,0.9816513761467888,114
HDHD3,113373419,113376986,113375202,6013,0.03157696295598077,0.9819819819819817,113
ALAD,113386312,113401290,113393801,5963,0.031058535205957204,0.9816513761467888,112
POLE3,113407235,113410675,113408955,5916,0.030634367046847015,0.9816513761467888,111
C9orf43,113410054,113429690,113419872,5871,0.03157696295598077,0.9819819819819817,110
RGS3,113444731,113597743,113521237,5575,0.025308700160241303,0.9816513761467888,104
ZNF618,113876282,114056593,113966437,5879,0.02639268545574512,0.9289772727272728,110
AMBP,114060127,114078328,114069227,6134,0.02634555566028843,0.9293785310734463,115
KIF12,114086126,114099292,114092709,6219,0.024413234046564238,0.9277456647398844,117
COL27A1,114155537,114312511,114234024,6489,0.02488453200113111,0.930167597765363,122
ORM1,114323098,114326479,114324788,6375,0.022857950796493543,0.9500000000000001,120
ORM2,114329869,114333251,114331560,6368,0.02488453200113111,0.9452054794520549,120
AKNA,114334156,114394405,114364280,6430,0.022151003864643228,0.9500000000000001,121
WHRN,114402080,114505473,114453776,6482,0.022151003864643228,0.9503105590062112,122
ATP6V1G1,114587706,114598915,114593310,6448,0.024837402205674423,0.982608695652174,121
TMEM268,114611206,114646422,114628814,6423,0.024648883023847674,0.982608695652174,121
TEX53,114656304,114662374,114659339,6483,0.024837402205674423,0.982608695652174,122
TEX48,114666434,114682192,114674313,6476,0.02488453200113111,0.982608695652174,122
TNFSF15,114784652,114806039,114795345,6474,0.03454614006975209,0.982608695652174,122
TNFSF8,114893343,114930595,114911969,6495,0.032755207842397965,0.9827586206896551,122
TNC,115019575,115118207,115068891,6606,0.03317937600150815,0.9827586206896551,125
PAPPA,116153791,116402321,116278056,5480,0.02389480629654067,0.982608695652174,102
ASTN2,116423112,117415070,116919091,6310,0.022433782637383354,0.967857142857143,119
TRIM32,116687305,116701300,116694302,6297,0.022433782637383354,0.9823008849557522,118
ENSG00000285082,117704157,118083691,117893924,5624,0.0563672353661985,0.9515151515151515,105
TLR4,117704175,117724735,117714455,5628,0.05306814968423037,0.9673913043478262,105
BRINP1,119153458,119369435,119261446,4800,0.0218682250919031,0.9661654135338344,89
CDK5RAP2,120388875,120580170,120484522,3883,0.016636817796210762,0.9473684210526317,70
MEGF9,120600811,120714470,120657640,3893,0.01564709209162032,0.9534883720930234,70
FBXW2,120751978,120793416,120772697,3908,0.02068998020548591,0.9540229885057472,71
B3GALT9,120792403,120801787,120797095,3941,0.023046469978320293,0.9534883720930234,71
PSMD5,120815496,120842951,120829223,3986,0.02083136959185597,0.9496855345911952,72
PHF19,120855651,120894896,120875273,4026,0.021962484682816478,0.9483870967741936,73
TRAF1,120902393,120929173,120915783,4095,0.02068998020548591,0.9496855345911952,74
C5,120932987,121075195,121004091,4291,0.02549721934206805,0.9534883720930234,78
CNTRL,121074660,121177729,121126194,4658,0.023046469978320293,0.9534883720930234,86
RAB14,121178133,121223014,121200573,4812,0.022999340182863606,0.9540229885057472,89
GSN,121207794,121332843,121270318,4716,0.022999340182863606,0.9540229885057472,87
STOM,121338987,121370304,121354645,4959,0.023046469978320293,0.9534883720930234,92
GGTA1,121444991,121499844,121472417,5166,0.023046469978320293,0.9534883720930234,96
DAB2IP,121567057,121785530,121676293,5263,0.026439815251201804,0.9512195121951219,98
TTLL11,121815674,122093606,121954640,5200,0.02596851729663493,0.9496855345911949,97
NDUFA8,122144058,122159779,122151918,5413,0.04628145913846733,0.949044585987261,101
MORN5,122159908,122200088,122179998,5402,0.04760109341125458,0.9496855345911949,101
LHX6,122202577,122229626,122216101,5552,0.04939202563860872,0.9487179487179488,104
RBM18,122237622,122264840,122251231,5604,0.04920350645678197,0.949685534591195,105
MRRF,122264603,122331337,122297970,5617,0.05094730888867941,0.9515151515151515,105
PTGS1,122370530,122395703,122383116,5496,0.04453765670656989,0.9483870967741937,102
OR1J1,122476958,122477926,122477442,5240,0.04920350645678197,0.9242424242424242,97
OR1J2,122510802,122511743,122511272,5235,0.04939202563860872,0.9237804878048781,97
OR1J4,122519141,122520082,122519611,5235,0.054906211707041186,0.92816091954023,97
OR1N1,122526358,122527293,122526825,5237,0.04453765670656989,0.92816091954023,97
OR1N2,122553112,122554214,122553663,5224,0.046234329343010645,0.92816091954023,97
OR1L8,122567117,122583384,122575250,5209,0.04873220850221509,0.9293785310734463,97
OR1Q1,122614738,122615682,122615210,5177,0.04920350645678197,0.9293785310734463,96
OR1B1,122628125,122657627,122642876,5051,0.04920350645678197,0.9297752808988765,94
OR1L1,122661566,122662648,122662107,5003,0.04939202563860872,0.9313186813186812,93
OR1L3,122675130,122676104,122675617,4964,0.05094730888867941,0.92816091954023,92
OR1L4,122723990,122724925,122724457,4880,0.04920350645678197,0.9324324324324327,90
OR1L6,122742303,122750783,122746543,4853,0.04939202563860872,0.9293785310734463,90
OR5C1,122788933,122789895,122789414,4899,0.04920350645678197,0.9324324324324327,90
PDCL,122798389,122828588,122813488,4997,0.046234329343010645,0.930167597765363,92
OR1K1,122800123,122801073,122800598,4943,0.05679140352530869,0.92816091954023,91
RC3H2,122844556,122905359,122874957,5156,0.04741257422942784,0.9639999999999999,96
ZBTB6,122908056,122913323,122910689,5162,0.04628145913846733,0.9639999999999999,96
ZBTB26,122915566,122931512,122923539,5169,0.05141860684324629,0.9642857142857142,96
RABGAP1,122940833,123104866,123022849,5066,0.04939202563860872,0.9651162790697675,94
GPR21,123033667,123035665,123034666,5025,0.054906211707041186,0.9634146341463414,93
STRBP,123109500,123268586,123189043,4501,0.025308700160241303,0.9639999999999999,83
CRB2,123356170,123380324,123368247,4335,0.022857950796493543,0.96484375,79
DENND1A,123379654,123930152,123654903,5301,0.02403619568291073,0.9645669291338582,99
LHX2,124001670,124033301,124017485,5794,0.02271656141012348,0.9656488549618318,108
NEK6,124257606,124353307,124305456,5907,0.024177585069280798,0.9656488549618318,111
PSMB7,124353465,124415444,124384454,6086,0.023517767932887172,0.96484375,114
ADGRD2,124450451,124478589,124464520,5988,0.024177585069280798,0.9656488549618318,112
NR5A1,124481236,124507420,124494328,5926,0.02295221038740692,0.9671532846715329,111
NR6A1,124517275,124771311,124644293,5493,0.022763691205580167,0.9656488549618318,102
OLFML2A,124777133,124814885,124796009,5472,0.022857950796493543,0.9656488549618318,102
WDR38,124853417,124857890,124855653,5407,0.028183617683099252,0.9656488549618321,101
RPL35,124857880,124861981,124859930,5410,0.022763691205580167,0.9656488549618318,101
ARPC5L,124862130,124877733,124869931,5409,0.022763691205580167,0.9656488549618318,101
GOLGA1,124878275,124948492,124913383,5535,0.024224714864737484,0.9637096774193549,103
SCAI,124942608,125143528,125043068,5431,0.024177585069280798,0.9487179487179488,101
PPP6C,125146573,125189939,125168256,5358,0.021161278160052782,0.9487179487179488,100
RABEPK,125200542,125234161,125217351,5420,0.021161278160052782,0.9487179487179488,101
HSPA5,125234853,125241382,125238117,5440,0.021161278160052782,0.9487179487179488,101
GAPVD1,125261794,125367207,125314500,5627,0.021161278160052782,0.921875,105
MAPKAP1,125437393,125707234,125572313,5582,0.026816853614855307,0.9335106382978722,104
PBX3,125747345,125967377,125857361,5711,0.020030163069092277,0.9402985074626866,107
MVB12B,126326829,126507041,126416935,6237,0.017155245546234328,0.9621848739495796,117
LMX1B,126613928,126701032,126657480,5609,0.020878499387312663,0.9621848739495796,105
ZBTB43,126805006,126838210,126821608,5262,0.01795645206899802,0.9639999999999999,98
ZBTB34,126860639,126885878,126873258,5245,0.017155245546234325,0.9625,97
RALGPS1,126914774,127223166,127068970,5121,0.024413234046564238,0.9345549738219894,95
ANGPTL2,127087348,127122635,127104991,5103,0.024413234046564238,0.9345549738219894,95
GARNL3,127224265,127393660,127308962,4687,0.024413234046564238,0.9345549738219894,86
SLC2A8,127397138,127408424,127402781,4642,0.024413234046564238,0.9352331606217618,85
ZNF79,127424374,127445372,127434873,4640,0.026015647092091615,0.9374999999999999,85
RPL12,127447674,127451406,127449540,4621,0.024177585069280798,0.9352331606217618,85
LRSAM1,127451489,127503499,127477494,4611,0.026015647092091615,0.9374999999999999,85
NIBAN2,127505339,127578989,127542164,4810,0.024413234046564238,0.9345549738219894,89
STXBP1,127579370,127696027,127637698,4988,0.024413234046564238,0.9398496240601502,92
PTRH1,127690348,127724873,127707610,5116,0.025685738523894802,0.9407407407407408,95
CFAP157,127706988,127716002,127711495,5137,0.026015647092091615,0.9407407407407408,95
TTC16,127716079,127731590,127723834,5169,0.024271844660194174,0.9398496240601502,96
TOR2A,127731524,127735313,127733418,5178,0.024271844660194174,0.9398496240601502,96
SH2D3C,127738317,127778710,127758513,5195,0.02596851729663493,0.9634146341463414,96
CDK9,127785679,127790792,127788235,5264,0.024271844660194174,0.9628099173553719,98
FPGS,127794597,127814327,127804462,5281,0.026015647092091615,0.96484375,98
ENG,127811130,127854773,127832951,5313,0.024271844660194174,0.9628099173553719,99
AK1,127866486,127877675,127872080,5345,0.02596851729663493,0.9634146341463414,99
ENSG00000257524,127867850,127906022,127886936,5343,0.024271844660194174,0.9628099173553719,99
ST6GALNAC6,127885321,127905408,127895364,5327,0.024413234046564238,0.9634146341463414,99
ST6GALNAC4,127907886,127917041,127912463,5318,0.024413234046564238,0.9634146341463414,99
PIP5KL1,127920881,127930785,127925833,5350,0.024271844660194174,0.9634146341463414,100
DPM2,127935099,127937854,127936476,5344,0.02295221038740692,0.9628099173553719,99
EEIG1,127940582,127980989,127960785,5386,0.024413234046564238,0.9634146341463414,100
NAIF1,128061233,128068206,128064719,5229,0.015552832500706944,0.9628099173553719,97
SLC25A25,128068201,128109245,128088723,5159,0.014940145159770005,0.9631147540983607,96
PTGES2,128120693,128128462,128124577,5164,0.01541144311433688,0.9653846153846154,96
LCN2,128149071,128153453,128151262,5214,0.015694221887077007,0.9673913043478259,97
BBLN,128160265,128163924,128162094,5261,0.015741351682533693,0.9628099173553719,98
CIZ1,128161251,128204383,128182817,5385,0.015741351682533693,0.9628099173553719,100
DNM1,128191655,128255248,128223451,5438,0.015175794137053444,0.9664179104477612,101
GOLGA2,128255829,128276026,128265927,5351,0.013431991705155997,0.9666666666666668,100
SWI5,128275379,128316123,128295751,5398,0.013102083136959182,0.9664179104477612,100
TRUB2,128305159,128322447,128313803,5436,0.013243472523329245,0.9666666666666668,101
COQ4,128322544,128334072,128328308,5453,0.01522292393251013,0.9687500000000001,102
SLC27A4,128340527,128361470,128350998,5459,0.013431991705155997,0.9666666666666668,102
URM1,128371361,128392016,128381688,5457,0.015270053727966817,0.9678571428571429,102
CERCAM,128411751,128437351,128424551,5437,0.01597700065981713,0.9628099173553719,101
ODF2,128455186,128501292,128478239,5481,0.01536431331888019,0.9673913043478259,102
GLE1,128504655,128543874,128524264,5355,0.013384861909699309,0.9671532846715329,100
SPTAN1,128552558,128633662,128593110,5330,0.012725044773305681,0.9680851063829788,99
DYNC2I2,128633653,128656847,128645250,5388,0.01875765859176171,0.9683098591549297,100
SET,128683424,128696400,128689912,5392,0.01772080309171458,0.9671532846715329,100
PKN3,128702503,128720916,128711709,5402,0.017673673296257894,0.9685314685314685,101
ZDHHC12,128720870,128724127,128722498,5433,0.018663399000848332,0.9685314685314685,101
ZER1,128729786,128772414,128751100,5562,0.018710528796305022,0.9671532846715329,104
TBC1D13,128787253,128810430,128798841,5679,0.019181826750871902,0.9683098591549297,106
ENDOG,128818500,128822676,128820588,5768,0.02040720143274578,0.9685314685314685,108
SPOUT1,128819651,128829794,128824722,5777,0.019181826750871902,0.9683098591549297,108
KYAT1,128819663,128881931,128850797,5897,0.022622301819210103,0.9671532846715329,110
LRRC8A,128882133,128918039,128900086,5939,0.02040720143274578,0.9685314685314685,111
PHYHD1,128920966,128942041,128931503,6038,0.01875765859176171,0.9824561403508772,113
ENSG00000251184,128941478,128957021,128949249,6129,0.020265812046375717,0.9816513761467888,115
DOLK,128945530,128947603,128946566,6129,0.022528042228296727,0.9824561403508772,115
NUP188,128947699,129007096,128977397,6139,0.019181826750871902,0.982608695652174,115
SH3GLB2,129007036,129028331,129017683,6194,0.019323216137241965,0.9824561403508772,116
MIGA2,129036621,129072082,129054351,6402,0.01875765859176171,0.9824561403508772,121
DOLPP1,129081111,129090438,129085774,6474,0.018663399000848332,0.9824561403508772,122
CRAT,129094142,129111189,129102665,6487,0.022575172023753417,0.9824561403508772,122
PTPA,129110950,129148946,129129948,6556,0.01951173531906871,0.9827586206896551,124
ENSG00000235007,129139413,129260575,129199994,6628,0.022528042228296727,0.9823008849557522,125
IER5L,129175552,129178261,129176906,6554,0.019464605523612028,0.9814814814814816,124
NTMT1,129608884,129636135,129622509,7736,0.02092562918276935,0.9824561403508772,147
C9orf50,129612225,129621101,129616663,7728,0.022528042228296727,0.9823008849557522,147
ASB6,129634604,129642169,129638386,7774,0.02045433122820247,0.9814814814814816,148
PRRX2,129665647,129722674,129694160,7993,0.02045433122820247,0.9814814814814816,152
PTGES,129738331,129753042,129745686,7991,0.02059572061457253,0.9816513761467888,152
TOR1B,129803157,129811281,129807219,7906,0.02045433122820247,0.9814814814814816,151
TOR1A,129812942,129824244,129818593,7844,0.020548590819115847,0.9814814814814816,149
C9orf78,129827290,129835863,129831576,7864,0.023847676501083985,0.9816513761467888,150
USP20,129834698,129881828,129858263,7849,0.02045433122820247,0.9814814814814816,149
FNBP1,129887187,130043189,129965188,7773,0.02092562918276935,0.9673913043478262,148
GPR107,130053426,130140169,130096797,7717,0.023847676501083985,0.9678571428571429,147
NCS1,130172404,130237303,130204853,7516,0.023847676501083985,0.9678571428571429,143
HMCN2,130265760,130434123,130349941,6994,0.017155245546234328,0.9678571428571429,132
ASS1,130444961,130501274,130473117,6772,0.016636817796210762,0.9653846153846153,128
FUBP3,130578965,130638352,130608658,6864,0.015081534546140068,0.9819819819819817,130
PRDM12,130664594,130682986,130673790,6615,0.014751625977943252,0.9821428571428569,125
EXOSC2,130693721,130707288,130700504,6526,0.014704496182486565,0.9821428571428569,123
ABL1,130713043,130887675,130800359,6311,0.014893015364313315,0.9821428571428569,119
ENSG00000288570,130713626,130713724,130713675,6470,0.014704496182486565,0.9821428571428569,122
QRFP,130892707,130896812,130894759,6397,0.014940145159770001,0.9819819819819817,120
FIBCD1,130902438,130939286,130920862,6308,0.014893015364313315,0.9821428571428569,119
LAMC3,131009174,131094473,131051823,6143,0.014515977000659815,0.9819819819819817,115
AIF1L,131096476,131123152,131109814,6166,0.014610236591573188,0.9821428571428569,116
NUP214,131125573,131234663,131180118,6139,0.01607126025073051,0.9819819819819817,115
FAM78A,131258076,131277365,131267720,6152,0.01607126025073051,0.9819819819819817,116
PLPP7,131289459,131359022,131324240,6248,0.015317183523423508,0.9819819819819817,117
PRRC2B,131373636,131500197,131436916,6115,0.017862192478084647,0.9821428571428569,115
ENSG00000291303,131430129,131430218,131430173,6137,0.016683947591667452,0.9819819819819817,115
ENSG00000288841,131432759,131446473,131439616,6108,0.01607126025073051,0.9819819819819817,115
POMT1,131502789,131523806,131513297,5891,0.01607126025073051,0.9673913043478262,110
UCK1,131523801,131531264,131527532,5869,0.01630690922801395,0.9685314685314685,110
PRRT1B,131545523,131559815,131552669,5762,0.01630690922801395,0.9685314685314685,108
RAPGEF1,131576770,131740076,131658423,5578,0.016683947591667452,0.9685314685314685,104
MED27,131852928,132079867,131966397,5886,0.015317183523423508,0.9653846153846153,110
NTNG2,132162058,132244526,132203292,5810,0.012065227636912054,0.9656488549618321,109
SETX,132261356,132354986,132308171,5656,0.012630785182392305,0.9656488549618318,106
TTF1,132375548,132406851,132391199,5636,0.013526251296069373,0.9656488549618318,105
CFAP77,132410043,132573319,132491681,5774,0.012630785182392305,0.9656488549618318,108
BARHL1,132582606,132590252,132586429,6259,0.016589688000754076,0.9656488549618318,118
DDX31,132592997,132670401,132631699,6313,0.01607126025073051,0.9693877551020409,119
GTF3C4,132670035,132694953,132682494,6293,0.015222923932510131,0.9685314685314685,118
AK8,132725578,132878777,132802177,6595,0.03152983316052407,0.9685314685314685,124
SPACA9,132878027,132890201,132884114,6517,0.02926760297860307,0.9683098591549296,123
TSC1,132891348,132946874,132919111,6611,0.028890564614949564,0.9700000000000001,125
GFI1B,132944000,132991687,132967843,6583,0.02926760297860307,0.9685314685314685,124
GTF3C5,133030675,133058503,133044589,6670,0.029644641342256573,0.9685314685314685,126
CEL,133061981,133071861,133066921,6767,0.02926760297860307,0.9683098591549296,128
RALGDS,133097720,133149334,133123527,6976,0.028890564614949564,0.9700000000000001,132
ENSG00000285245,133098121,133163914,133131017,6972,0.030021679705910076,0.9693877551020409,132
GBGT1,133152948,133163933,133158440,7082,0.029550381751343197,0.9685314685314685,134
OBP2B,133205277,133209250,133207263,7232,0.03011593929682345,0.9700000000000001,137
ABO,133233278,133276024,133254651,7232,0.030068809501366766,0.9693877551020409,137
SURF6,133328776,133336188,133332482,7568,0.029550381751343197,0.9685314685314685,144
MED22,133338312,133348131,133343221,7574,0.029644641342256573,0.9685314685314685,144
RPL7A,133348218,133351426,133349822,7549,0.030068809501366766,0.9693877551020409,143
SURF1,133351758,133356676,133354217,7565,0.029408992364973133,0.9685314685314685,144
SURF2,133356550,133361158,133358854,7591,0.03011593929682345,0.9697986577181209,144
SURF4,133361450,133376166,133368808,7611,0.029880290319540013,0.9693877551020409,145
STKLD1,133376366,133406096,133391231,7694,0.030021679705910076,0.9693877551020409,146
REXO4,133406059,133418096,133412077,7844,0.030068809501366766,0.9693877551020409,149
ADAMTS13,133414358,133459402,133436880,7992,0.02926760297860307,0.9683098591549296,152
CACFD1,133459965,133470848,133465406,8144,0.029880290319540013,0.9693877551020409,155
SLC2A6,133471094,133479127,133475110,8168,0.03176548213780751,0.9687500000000001,156
MYMK,133514586,133528612,133521599,8098,0.029644641342256573,0.9685314685314685,154
ADAMTSL2,133532164,133575519,133553841,8132,0.029408992364973133,0.9671532846715327,155
FAM163B,133577081,133609389,133593235,8187,0.03119992459232726,0.9666666666666667,156
DBH,133636363,133659329,133647846,8405,0.03011593929682345,0.9816513761467888,161
SARDH,133663560,133739955,133701757,8485,0.02926760297860307,0.9813084112149534,162
VAV2,133761894,133992604,133877249,8258,0.034546140069752096,0.9819819819819817,158
BRD3OS,134025481,134034666,134030073,8235,0.025921387501178242,0.9824561403508772,157
BRD3,134030305,134068535,134049420,8243,0.025921387501178242,0.9824561403508772,157
WDR5,134135365,134159968,134147666,8197,0.02606277688754831,0.9816513761467888,156
RXRA,134317098,134440585,134378841,8551,0.034546140069752096,0.9821428571428569,164
COL5A1,134641803,134844843,134743323,8352,0.03181261193326421,0.9816513761467888,160
FCN2,134880810,134887523,134884166,8500,0.03157696295598077,0.9816513761467888,163
FCN1,134903232,134917912,134910572,8629,0.03190687152417758,0.9819819819819817,165
OLFM1,135075422,135121180,135098301,8678,0.03190687152417758,0.9821428571428569,166
PPP1R26,135479079,135488893,135483986,7799,0.03181261193326421,0.9819819819819817,148
PIERCE1,135495181,135501734,135498457,7784,0.03346215477424828,0.9818181818181818,148
MRPS2,135499984,135504673,135502328,7815,0.03157696295598077,0.9816513761467888,149
LCN1,135521438,135526540,135523989,7805,0.03181261193326421,0.9819819819819817,149
OBP2A,135546126,135549969,135548047,7747,0.01668394759166745,0.9819819819819817,147
PAEP,135561756,135566955,135564355,7750,0.01461023659157319,0.9816513761467888,148
ENSG00000236543,135604345,135619893,135612119,7780,0.01673107738712414,0.9819819819819817,148
GLT6D1,135623648,135639540,135631594,7583,0.015552832500706944,0.9819819819819817,144
LCN9,135663309,135666961,135665135,7738,0.020548590819115843,0.9671532846715332,147
SOHLH1,135693407,135704498,135698952,7798,0.020548590819115847,0.9666666666666667,148
KCNT1,135702185,135795508,135748846,7656,0.020642850410029216,0.9819819819819817,146
CAMSAP1,135808487,135907546,135858016,7628,0.020784239796399283,0.9830508474576272,145
UBAC1,135932969,135961373,135947171,7409,0.02068998020548591,0.9824561403508772,141
NACC2,136006537,136095289,136050913,7184,0.020548590819115843,0.9821428571428569,136
TMEM250,136114581,136118875,136116728,7133,0.020548590819115843,0.9823008849557522,135
LHX3,136196250,136205128,136200689,6995,0.020784239796399283,0.9829059829059825,132
QSOX2,136206333,136245812,136226072,7000,0.020548590819115843,0.982608695652174,133
CCDC187,136249973,136306901,136278437,6891,0.020548590819115843,0.9823008849557522,130
GPSM1,136327476,136359605,136343540,6913,0.020548590819115843,0.982608695652174,131
DNLZ,136359480,136363744,136361612,6857,0.020689980205485906,0.9821428571428569,130
ENSG00000289701,136361904,136373644,136367774,6843,0.020642850410029216,0.9827586206896551,129
CARD9,136363956,136373681,136368818,6833,0.020548590819115843,0.9823008849557522,129
SNAPC4,136375567,136400176,136387871,6857,0.020548590819115843,0.982608695652174,130
ENTR1,136401922,136410614,136406268,6906,0.020548590819115847,0.9823008849557522,131
PMPCA,136410630,136427992,136419311,6921,0.020784239796399283,0.9830508474576272,131
INPP5E,136428619,136439845,136434232,6913,0.020548590819115843,0.9823008849557522,131
SEC16A,136440096,136483759,136461927,6968,0.02064285041002922,0.9829059829059825,132
NOTCH1,136494433,136546048,136520240,6958,0.020784239796399283,0.9824561403508772,132
EGFL7,136658856,136672678,136665767,6646,0.014186068432463003,0.982608695652174,125
AGPAT2,136673143,136687457,136680300,6556,0.013384861909699309,0.9821428571428569,124
DIPK1B,136712572,136724742,136718657,6475,0.014987274955226695,0.9829059829059825,122
LCN10,136738167,136743356,136740761,6411,0.014186068432463003,0.9821428571428569,121
ENSG00000204003,136738167,136748453,136743310,6417,0.014987274955226695,0.9823008849557522,121
LCN6,136744017,136748525,136746271,6410,0.015552832500706944,0.9829059829059825,121
LCN8,136754386,136758543,136756464,6367,0.014186068432463003,0.982608695652174,120
LCN15,136759634,136766255,136762944,6398,0.014186068432463003,0.9827586206896551,120
TMEM141,136791344,136793317,136792330,6347,0.014186068432463003,0.9827586206896551,119
ENSG00000272896,136791379,136800595,136795987,6304,0.013384861909699309,0.9666666666666667,119
CCDC183,136796338,136807741,136802039,6264,0.014987274955226695,0.9645669291338582,118
RABL6,136807943,136841187,136824565,6263,0.015552832500706944,0.9651162790697675,118
AJM1,136842478,136848801,136845639,6260,0.015128664341596754,0.9645669291338582,118
PHPT1,136848724,136851027,136849875,6264,0.013384861909699309,0.9666666666666667,118
MAMDC4,136850943,136860799,136855871,6288,0.014186068432463003,0.9642857142857143,118
EDF1,136862119,136866308,136864213,6260,0.014091808841549626,0.9666666666666667,118
TRAF2,136881912,136926607,136904259,6380,0.014186068432463003,0.9642857142857143,120
FBXW5,136940435,136944738,136942586,6296,0.014091808841549626,0.9666666666666667,118
C8G,136945185,136946975,136946080,6291,0.014987274955226695,0.965909090909091,118
LCN12,136949551,136955497,136952524,6275,0.014091808841549626,0.9666666666666667,118
PTGDS,136975092,136981742,136978417,6275,0.014987274955226695,0.9671532846715329,118
ENSG00000284341,136977518,136985435,136981476,6270,0.015552832500706944,0.9651162790697675,118
LCNL1,136981904,136986410,136984157,6256,0.014091808841549626,0.9666666666666667,118
PAXX,136992422,136993984,136993203,6236,0.014186068432463003,0.9656488549618321,117
CLIC3,136994608,136996568,136995588,6238,0.014091808841549626,0.9666666666666667,117
ABCA2,137007234,137028915,137018074,6293,0.01545857290979357,0.9651162790697673,118
FUT7,137030174,137032088,137031131,6305,0.014798755773399942,0.9666666666666667,119
ENSG00000279073,137031241,137040436,137035838,6315,0.014091808841549626,0.9666666666666667,119
NPDC1,137039463,137046179,137042821,6304,0.014186068432463003,0.96484375,119
ENTPD2,137048107,137054061,137051084,6325,0.01545857290979357,0.9651162790697673,119
SAPCD2,137062127,137070557,137066342,6352,0.014987274955226695,0.9671532846715329,120
UAP1L1,137077517,137084539,137081028,6315,0.014798755773399942,0.9664179104477612,119
MAN1B1,137086857,137109189,137098023,6282,0.014186068432463003,0.9653846153846153,118
DPP7,137110542,137118309,137114425,6241,0.014987274955226695,0.9661654135338347,117
GRIN1,137138346,137168756,137153551,6124,0.014798755773399942,0.9664179104477612,115
LRRC26,137168758,137170051,137169404,6099,0.014186068432463003,0.9656488549618321,114
ENSG00000261793,137168854,137171984,137170419,6101,0.014091808841549626,0.9666666666666667,115
TMEM210,137170858,137172056,137171457,6093,0.014798755773399942,0.9666666666666667,114
ANAPC2,137174784,137188560,137181672,6093,0.014987274955226695,0.9645669291338582,114
SSNA1,137188660,137190370,137189515,6088,0.014987274955226695,0.9671532846715329,114
TPRN,137191617,137204193,137197905,6092,0.014091808841549626,0.9666666666666667,114
TMEM203,137204082,137205648,137204865,6069,0.014798755773399942,0.9666666666666667,114
NDOR1,137205685,137219361,137212523,6069,0.013384861909699309,0.9666666666666667,114
ENSG00000284976,137217494,137219361,137218427,6071,0.014186068432463003,0.9642857142857143,114
RNF208,137220247,137222240,137221243,6073,0.014987274955226695,0.9666666666666667,114
CYSRT1,137225174,137226315,137225744,6070,0.014186068432463003,0.9653846153846153,114
RNF224,137227502,137229640,137228571,6045,0.014987274955226695,0.9661654135338347,113
SLC34A3,137230757,137236555,137233656,6046,0.014091808841549626,0.9666666666666667,113
TUBB4B,137241287,137243707,137242497,6067,0.014186068432463003,0.9656488549618321,114
CIMIP2A,137243584,137247770,137245677,6069,0.013196342727872557,0.9666666666666667,114
STPG3,137251261,137253483,137252372,6072,0.013054953341502494,0.9656488549618321,114
NELFB,137255327,137273542,137264434,6038,0.013054953341502494,0.9666666666666667,113
TOR4A,137277726,137282641,137280183,5994,0.012630785182392305,0.9661654135338347,112
NRARP,137299631,137302271,137300951,5993,0.012630785182392305,0.9661654135338347,112
EXD3,137306896,137423211,137365053,6224,0.01272504477330568,0.965909090909091,117
NOXA1,137423350,137434406,137428878,6259,0.013102083136959184,0.9653846153846153,118
ENTPD8,137434364,137441816,137438090,6224,0.013290602318785934,0.9656488549618321,117
NSMF,137447570,137459334,137453452,6186,0.013054953341502494,0.9656488549618321,116
PNPLA7,137459952,137550402,137505177,6157,0.013243472523329247,0.9659090909090906,116
MRPL41,137551879,137552555,137552217,6104,0.013054953341502494,0.9656488549618321,115
DPH7,137554444,137578925,137566684,6100,0.014987274955226691,0.9653846153846153,115
ZMYND19,137582081,137590512,137586296,6050,0.01607126025073051,0.9656488549618321,114
ARRDC1,137605685,137615360,137610522,6001,0.015128664341596754,0.9669117647058825,113
EHMT1,137618992,137870016,137744504,6751,0.07389951927608635,0.9669117647058825,128
CACNA1B,137877782,138124624,138001203,5180,0.07625600904892074,0.9656488549618318,96
