gene_id	gene_name	start	end	strand
ENSG00000134121.10	CHL1	196763	409417	+
ENSG00000134115.13	CNTN6	1092658	1404217	+
ENSG00000144619.15	CNTN4	2098813	3057959	+
ENSG00000091181.20	IL5RA	3066324	3126613	-
ENSG00000072756.18	TRNT1	3126933	3153435	+
ENSG00000113851.16	CRBN	3144628	3179727	-
ENSG00000144455.14	SUMF1	3700814	4467273	-
ENSG00000175928.6	LRRN1	3799431	3849834	+
ENSG00000170364.13	SETMAR	4303332	4317265	+
ENSG00000150995.21	ITPR1	4493345	4847506	+
ENSG00000134107.5	BHLHE40	4979437	4985323	+
ENSG00000134108.14	ARL8B	5122249	5180911	+
ENSG00000134109.11	EDEM1	5187646	5219958	+
ENSG00000196277.17	GRM7	6770001	7741533	+
ENSG00000071282.12	LMCD1	8501807	8574668	+
ENSG00000125046.16	SSUH2	8619386	8745040	-
ENSG00000182533.7	CAV3	8733802	8841808	+
ENSG00000180914.11	OXTR	8750381	8769628	-
ENSG00000070950.10	RAD18	8775402	8963773	-
ENSG00000196220.17	SRGAP3	8980591	9363053	-
ENSG00000134077.16	THUMPD3	9362971	9386791	+
ENSG00000168137.20	SETD5	9397615	9479240	+
ENSG00000156959.9	LHFPL4	9498361	9553822	-
ENSG00000163719.20	MTMR14	9649433	9702393	+
ENSG00000144550.14	CPNE9	9703826	9729908	+
ENSG00000156983.17	BRPF1	9731729	9748019	+
ENSG00000114026.22	OGG1	9749944	9788219	+
ENSG00000134072.11	CAMK1	9757347	9769992	-
ENSG00000171148.14	TADA3	9779967	9793011	-
ENSG00000241553.13	ARPC4	9792495	9807101	+
ENSG00000250151.9	ARPC4-TTLL3	9793082	9835401	+
ENSG00000214021.19	TTLL3	9808086	9855138	+
ENSG00000156990.14	RPUSD3	9837849	9844602	-
ENSG00000187288.12	CIDEC	9866711	9880255	-
ENSG00000171135.15	JAGN1	9890574	9894349	+
ENSG00000163701.19	IL17RE	9902612	9916402	+
ENSG00000163702.21	IL17RC	9917074	9933630	+
ENSG00000288550.3	ENSG00000288550	9917116	9945385	+
ENSG00000163703.20	CRELD1	9933793	9945413	+
ENSG00000163704.13	PRRT3	9939450	9952408	-
ENSG00000125037.13	EMC3	9962682	10011202	-
ENSG00000144554.13	FANCD2	10026370	10101932	+
ENSG00000163705.13	FANCD2OS	10081317	10108255	-
ENSG00000254999.4	BRK1	10115675	10127190	+
ENSG00000134086.10	VHL	10141778	10153667	+
ENSG00000134070.5	IRAK2	10164919	10243745	+
ENSG00000157014.11	TATDN2	10248023	10281218	+
ENSG00000289763.1	ENSG00000289763	10249042	10249366	+
ENSG00000272410.5	ENSG00000272410	10249372	10285796	+
ENSG00000157017.16	GHRL	10285666	10292947	-
ENSG00000157020.18	SEC13	10293131	10321112	-
ENSG00000157087.20	ATP2B2	10324023	10708007	-
ENSG00000132164.10	SLC6A11	10816201	10940714	+
ENSG00000157103.13	SLC6A1	10992186	11039247	+
ENSG00000196639.7	HRH1	11137093	11263557	+
ENSG00000197548.13	ATG7	11272309	11557665	+
ENSG00000144560.16	VGLL4	11556069	11771350	-
ENSG00000144559.11	TAMM41	11790442	11846919	-
ENSG00000157152.17	SYN2	12004388	12192032	+
ENSG00000157150.5	TIMP4	12153068	12158912	-
ENSG00000132170.24	PPARG	12287368	12434356	+
ENSG00000154743.19	TSEN2	12484421	12541549	+
ENSG00000225526.6	MKRN2OS	12514934	12561059	-
ENSG00000075975.17	MKRN2	12557057	12586208	+
ENSG00000132155.14	RAF1	12582101	12664201	-
ENSG00000088726.16	TMEM40	12733528	12769457	-
ENSG00000144712.13	CAND2	12796472	12834804	+
ENSG00000289809.2	ENSG00000289809	12825768	12871919	+
ENSG00000144713.13	RPL32	12834485	12841582	-
ENSG00000144711.17	IQSEC1	12897043	13283281	-
ENSG00000132182.13	NUP210	13316235	13420322	-
ENSG00000163517.15	HDAC11	13479724	13506424	+
ENSG00000163520.14	FBLN2	13549125	13638422	+
ENSG00000154764.6	WNT7A	13816258	13880071	-
ENSG00000163528.13	CHCHD4	14112077	14124870	-
ENSG00000170876.9	TMEM43	14125015	14143680	+
ENSG00000268279.4	ENSG00000268279	14135217	14148252	+
ENSG00000154767.15	XPC	14145147	14178621	-
ENSG00000170860.4	LSM3	14178817	14201122	+
ENSG00000131389.18	SLC6A6	14402576	14489349	+
ENSG00000144596.13	GRIP2	14489107	14556075	-
ENSG00000154781.17	CCDC174	14651762	14672659	+
ENSG00000131379.10	C3orf20	14675141	14773036	+
ENSG00000154783.12	FGD5	14810853	14934571	+
ENSG00000177463.16	NR2C2	14947583	15053600	+
ENSG00000131368.9	MRPS25	15009611	15065339	-
ENSG00000131381.12	RBSN	15070073	15099163	-
ENSG00000131375.10	CAPN7	15206152	15252916	+
ENSG00000131370.16	SH3BP5	15254353	15341368	-
ENSG00000206562.12	METTL6	15381275	15440566	-
ENSG00000144597.14	EAF1	15427598	15450635	+
ENSG00000293553.1	ENSG00000293553	15439199	15455940	-
ENSG00000206561.14	COLQ	15450133	15521751	-
ENSG00000131373.15	HACL1	15560699	15601852	-
ENSG00000169814.18	BTD	15601341	15722311	+
ENSG00000206560.12	ANKRD28	15667236	15859771	-
ENSG00000131386.20	GALNT15	16174680	16231992	+
ENSG00000154813.10	DPH3	16257061	16264969	-
ENSG00000154814.14	OXNAD1	16265160	16350299	+
ENSG00000131378.14	RFTN1	16313574	16514026	-
ENSG00000092345.14	DAZL	16586792	16670306	-
ENSG00000154822.18	PLCL2	16802651	17090604	+
ENSG00000131374.15	TBC1D5	17157162	18444817	-
ENSG00000182568.18	SATB1	18345377	18445621	-
ENSG00000183960.9	KCNH8	19148510	19535642	+
ENSG00000163576.18	EFHB	19879472	19947025	-
ENSG00000144566.11	RAB5A	19947097	19985175	+
ENSG00000183977.14	PP2D1	19979961	20012267	-
ENSG00000114166.8	KAT2B	20040446	20154404	+
ENSG00000129810.15	SGO1	20160593	20186206	-
ENSG00000151789.13	ZNF385D	21412218	22373321	-
ENSG00000182247.11	UBE2E2	23203020	23591794	+
ENSG00000170142.12	UBE2E1	23805955	23891640	+
ENSG00000197885.11	NKIRAS1	23889951	23946591	-
ENSG00000174748.22	RPL15	23916591	23924374	+
ENSG00000174738.13	NR1D2	23945286	23980617	+
ENSG00000151090.20	THRB	24117153	24495756	-
ENSG00000077092.20	RARB	24687887	25597932	+
ENSG00000077097.17	TOP2B	25597978	25664909	-
ENSG00000151092.18	NGLY1	25718944	25790039	-
ENSG00000151093.8	OXSM	25782917	25794534	+
ENSG00000179796.13	LRRC3B	26622772	26717537	+
ENSG00000163491.18	NEK10	27106484	27369460	-
ENSG00000033867.18	SLC4A7	27372723	27484420	-
ENSG00000163508.13	EOMES	27715949	27722711	-
ENSG00000187118.14	CMC1	28241584	28325142	+
ENSG00000163512.14	AZI2	28315003	28349050	-
ENSG00000206559.8	ZCWPW2	28348721	28538122	+
ENSG00000283563.1	ENSG00000283563	28349178	29767537	+
ENSG00000144642.22	RBMS3	28574791	30010391	+
ENSG00000163513.20	TGFBR2	30606478	30694249	+
ENSG00000144644.15	GADL1	30726197	30894661	-
ENSG00000163527.10	STT3B	31532638	31637616	+
ENSG00000144645.16	OSBPL10	31657912	32077580	-
ENSG00000197385.6	ZNF860	31981750	31991723	+
ENSG00000152642.11	GPD1L	32105689	32168709	+
ENSG00000170293.9	CMTM8	32238679	32370321	+
ENSG00000153551.14	CMTM7	32391698	32483067	+
ENSG00000091317.8	CMTM6	32481312	32502852	-
ENSG00000144635.9	DYNC1LI1	32525974	32570858	-
ENSG00000182973.20	CNOT10	32685145	32773875	+
ENSG00000206557.6	TRIM71	32817997	32897824	+
ENSG00000183813.7	CCR4	32951644	32956349	+
ENSG00000170266.16	GLB1	32996609	33097202	-
ENSG00000188167.9	TMPPE	33090421	33097146	-
ENSG00000170275.15	CRTAP	33114014	33147773	+
ENSG00000173705.9	SUSD5	33150043	33218810	-
ENSG00000153558.17	FBXL2	33277025	33403662	+
ENSG00000153560.12	UBP1	33388336	33441371	-
ENSG00000163539.19	CLASP2	33496245	33718356	-
ENSG00000170248.15	PDCD6IP	33798571	33869707	+
ENSG00000172995.17	ARPP21	35638945	35794496	+
ENSG00000144681.11	STAC	36380503	36548007	+
ENSG00000163673.8	DCLK3	36712421	36764553	-
ENSG00000168016.15	TRANK1	36826819	36945057	-
ENSG00000178567.8	EPM2AIP1	36985043	36993131	-
ENSG00000076242.18	MLH1	36993226	37050896	+
ENSG00000093167.18	LRRFIP2	37052626	37183689	-
ENSG00000144674.19	GOLGA4	37243191	37366879	+
ENSG00000144668.12	ITGA9	37452115	37823507	+
ENSG00000144677.15	CTDSPL	37861880	37984469	+
ENSG00000136059.16	VILL	37988059	38007188	+
ENSG00000187091.14	PLCD1	38007496	38029642	-
ENSG00000008226.20	DLEC1	38039205	38124025	+
ENSG00000060971.19	ACAA1	38103129	38137242	-
ENSG00000172936.18	MYD88	38138552	38143024	+
ENSG00000172939.9	OXSR1	38165089	38255484	+
ENSG00000172940.13	SLC22A13	38265812	38278757	+
ENSG00000144671.11	SLC22A14	38282294	38318575	+
ENSG00000093217.11	XYLB	38346760	38421348	+
ENSG00000114739.14	ACVR2B	38453890	38493142	+
ENSG00000157036.13	EXOG	38496127	38542161	+
ENSG00000183873.19	SCN5A	38548057	38649743	-
ENSG00000185313.9	SCN10A	38696802	38816286	-
ENSG00000168356.13	SCN11A	38845764	39052157	-
ENSG00000114742.14	WDR48	39052013	39096671	+
ENSG00000114745.15	GORASP1	39095222	39108369	-
ENSG00000168026.19	TTC21A	39107680	39138903	+
ENSG00000144655.15	CSRNP1	39141855	39154562	-
ENSG00000168334.9	XIRP1	39183210	39192596	-
ENSG00000168329.14	CX3CR1	39263495	39281735	-
ENSG00000179934.7	CCR8	39329709	39333680	+
ENSG00000144659.13	SLC25A38	39383370	39397351	+
ENSG00000168028.15	RPSA	39406716	39426255	+
ENSG00000168314.19	MOBP	39467198	39529479	+
ENSG00000170011.14	MYRIP	39808914	40260321	+
ENSG00000114784.4	EIF1B	40309707	40312424	+
ENSG00000291315.1	ENSG00000291315	40312086	40312214	+
ENSG00000168032.10	ENTPD3	40387184	40428744	+
ENSG00000188846.14	RPL14	40457292	40468587	+
ENSG00000177873.14	ZNF619	40477113	40491053	+
ENSG00000177842.12	ZNF620	40477131	40518736	+
ENSG00000172888.12	ZNF621	40524878	40574685	+
ENSG00000168036.19	CTNNB1	41194741	41260096	+
ENSG00000168038.11	ULK4	41246599	41962130	-
ENSG00000182606.17	TRAK1	42013802	42225890	+
ENSG00000187094.12	CCK	42257825	42266185	-
ENSG00000157093.9	LYZL4	42397083	42410610	-
ENSG00000114812.13	VIPR1	42489299	42537573	+
ENSG00000093183.14	SEC22C	42547969	42601080	-
ENSG00000008324.12	SS18L2	42581840	42596934	+
ENSG00000114857.19	NKTR	42600655	42648735	+
ENSG00000114853.15	ZBTB47	42653697	42667580	+
ENSG00000157119.12	KLHL40	42685537	42692544	+
ENSG00000010282.15	HHATL	42692663	42702824	-
ENSG00000244607.7	CCDC13	42705756	42773253	-
ENSG00000280571.2	ENSG00000280571	42705756	42804518	-
ENSG00000181061.14	HIGD1A	42782908	42804490	-
ENSG00000144648.16	ACKR2	42804752	42887974	+
ENSG00000273291.5	ENSG00000273291	42809446	43055871	+
ENSG00000290317.1	ENSG00000290317	42809483	42942792	+
ENSG00000180432.6	CYP8B1	42856005	42875898	-
ENSG00000182983.15	ZNF662	42906142	42919334	+
ENSG00000240747.9	KRBOX1	42936386	42942792	+
ENSG00000144649.10	GASK1A	42979087	43067898	+
ENSG00000144647.7	POMGNT2	43079229	43106085	-
ENSG00000163788.14	SNRK	43286512	43424764	+
ENSG00000160746.13	ANO10	43354859	43691594	-
ENSG00000011198.10	ABHD5	43690108	43734371	+
ENSG00000173769.4	TOPAZ1	44241886	44332098	+
ENSG00000179152.20	TCAIM	44338119	44409451	+
ENSG00000185219.18	ZNF445	44431705	44477670	-
ENSG00000178917.19	ZNF852	44491766	44510636	-
ENSG00000196345.13	ZKSCAN7	44555193	44594173	+
ENSG00000144792.9	ZNF660	44578223	44599694	+
ENSG00000186448.15	ZNF197	44584888	44648471	+
ENSG00000169981.11	ZNF35	44648732	44660791	+
ENSG00000196653.12	ZNF502	44712643	44723831	+
ENSG00000186446.12	ZNF501	44729596	44737083	+
ENSG00000163807.6	KIAA1143	44737661	44761619	-
ENSG00000163808.17	KIF15	44761721	44873376	+
ENSG00000169964.8	TMEM42	44861904	44865670	+
ENSG00000163810.13	TGM4	44874608	44914990	+
ENSG00000163812.16	ZDHHC3	44915257	44976185	-
ENSG00000075914.13	EXOSC7	44975241	45036066	+
ENSG00000163815.6	CLEC3B	45001548	45036071	+
ENSG00000163814.8	CDCP1	45082277	45146422	-
ENSG00000249992.2	TMEM158	45224466	45226287	-
ENSG00000011376.12	LARS2	45388561	45554726	+
ENSG00000144791.10	LIMD1	45555394	45686341	+
ENSG00000211456.14	SACM1L	45689056	45745412	+
ENSG00000163817.17	SLC6A20	45755449	45796574	-
ENSG00000163818.20	LZTFL1	45823316	45916042	-
ENSG00000173585.18	CCR9	45884425	45903174	+
ENSG00000163820.16	FYCO1	45917903	45995824	-
ENSG00000172215.6	CXCR6	45940933	45948351	+
ENSG00000173578.9	XCR1	46016990	46085825	-
ENSG00000183625.16	CCR3	46130890	46266706	+
ENSG00000163823.4	CCR1	46201711	46208313	-
ENSG00000121807.7	CCR2	46353864	46360940	+
ENSG00000160791.14	CCR5	46370946	46376206	+
ENSG00000121797.10	CCRL2	46407166	46412997	+
ENSG00000012223.13	LTF	46435645	46485234	-
ENSG00000163825.5	RTP3	46494611	46500950	+
ENSG00000163827.14	LRRC2	46515385	46606948	-
ENSG00000241186.10	CRIPTO	46574534	46582457	+
ENSG00000283877.1	ENSG00000283877	46581150	46617226	+
ENSG00000283473.5	FAM240A	46612525	46626543	+
ENSG00000178038.17	ALS2CL	46668995	46693704	-
ENSG00000181585.7	TMIE	46694528	46710886	+
ENSG00000206549.13	ENSG00000206549	46712115	46812574	-
ENSG00000283706.2	PRSS50	46712117	46717869	-
ENSG00000160808.13	MYL3	46835110	46882178	-
ENSG00000160801.14	PTH1R	46877721	46903799	+
ENSG00000160799.12	CCDC12	46921726	46982010	-
ENSG00000160796.18	NBEAL2	46979666	47009704	+
ENSG00000181555.22	SETD2	47016428	47164113	-
ENSG00000088727.14	KIF9	47227998	47283451	-
ENSG00000114648.12	KLHL18	47282917	47346816	+
ENSG00000076201.16	PTPN23	47381011	47413435	+
ENSG00000114650.21	SCAP	47413681	47477126	-
ENSG00000163832.16	ELP6	47495640	47513712	-
ENSG00000114646.10	CSPG5	47562238	47580792	-
ENSG00000173473.11	SMARCC1	47585269	47782106	-
ENSG00000132153.15	DHX30	47802909	47850195	+
ENSG00000047849.22	MAP4	47850690	48089272	-
ENSG00000164045.12	CDC25A	48157146	48188417	-
ENSG00000164047.6	CAMP	48223347	48225491	+
ENSG00000164048.14	ZNF589	48241100	48299253	+
ENSG00000172113.10	NME6	48290722	48301685	-
ENSG00000229453.3	SPINK8	48306842	48333661	-
ENSG00000164049.14	FBXW12	48372219	48401259	+
ENSG00000164050.13	PLXNB1	48403854	48430086	-
ENSG00000164051.14	CCDC51	48432164	48440456	-
ENSG00000232112.3	TMA7	48440257	48444208	+
ENSG00000164053.22	ATRIP	48446710	48467645	+
ENSG00000213689.14	TREX1	48465811	48467645	+
ENSG00000164054.17	SHISA5	48467798	48504826	-
ENSG00000114268.12	PFKFB4	48517684	48562015	-
ENSG00000145040.4	UCN2	48561718	48563781	-
ENSG00000114270.18	COL7A1	48564073	48595329	-
ENSG00000010256.12	UQCRC1	48599002	48610976	-
ENSG00000183396.4	TMEM89	48620759	48621769	-
ENSG00000225697.13	SLC26A6	48625723	48635493	-
ENSG00000008300.17	CELSR3	48636463	48662886	-
ENSG00000213672.8	NCKIPSD	48673844	48686364	-
ENSG00000068745.15	IP6K2	48688003	48740353	-
ENSG00000114302.17	PRKAR2A	48744597	48847874	-
ENSG00000178537.10	SLC25A20	48856926	48898904	-
ENSG00000177479.20	ARIH2	48918821	48986382	+
ENSG00000178467.18	P4HTM	48989889	49007153	+
ENSG00000178252.19	WDR6	49007062	49015953	+
ENSG00000178149.17	DALRD3	49015488	49022293	-
ENSG00000178057.15	NDUFAF3	49020459	49023495	+
ENSG00000178035.13	IMPDH2	49024325	49029447	-
ENSG00000290315.1	ENSG00000290315	49024345	49094071	-
ENSG00000198218.12	QRICH1	49029707	49094363	-
ENSG00000172053.18	QARS1	49095932	49105130	-
ENSG00000172046.21	USP19	49108046	49120938	-
ENSG00000172037.14	LAMB2	49121114	49133118	-
ENSG00000177352.10	CCDC71	49162535	49166331	-
ENSG00000185909.15	KLHDC8B	49171598	49176486	+
ENSG00000236980.10	C3orf84	49177634	49191858	-
ENSG00000173421.17	IHO1	49198428	49258106	+
ENSG00000188315.8	C3orf62	49268596	49277232	-
ENSG00000114316.13	USP4	49277144	49340712	-
ENSG00000233276.9	GPX1	49357174	49358605	-
ENSG00000290318.1	ENSG00000290318	49357176	49412051	-
ENSG00000067560.14	RHOA	49359139	49412998	-
ENSG00000145022.5	TCTA	49412212	49416476	+
ENSG00000283189.2	ENSG00000283189	49416777	49429314	-
ENSG00000145020.16	AMT	49416778	49422685	-
ENSG00000145029.15	NICN1	49422333	49429326	-
ENSG00000173402.13	DAG1	49468713	49535618	+
ENSG00000164061.5	BSN	49554477	49671549	+
ENSG00000164062.13	APEH	49674014	49683971	+
ENSG00000173531.16	MST1	49683947	49689501	-
ENSG00000164068.16	RNF123	49689538	49721529	+
ENSG00000176020.9	AMIGO3	49716829	49719684	-
ENSG00000173540.14	GMPPB	49716844	49723973	-
ENSG00000176095.12	IP6K1	49724294	49786542	-
ENSG00000187492.9	CDHR4	49790732	49799873	-
ENSG00000185614.7	INKA1	49803261	49805030	+
ENSG00000182179.13	UBA7	49805209	49813953	-
ENSG00000183763.9	TRAIP	49828601	49856574	-
ENSG00000164076.17	CAMKV	49857988	49869935	-
ENSG00000164078.15	MST1R	49886902	49903873	-
ENSG00000164077.15	MON1A	49907160	49930173	-
ENSG00000004534.15	RBM6	49940007	50100045	+
ENSG00000003756.17	RBM5	50088919	50119021	+
ENSG00000001617.12	SEMA3F	50155045	50189075	+
ENSG00000114349.10	GNAT1	50191610	50197696	+
ENSG00000188338.15	SLC38A3	50205246	50221486	+
ENSG00000114353.17	GNAI2	50226292	50259362	+
ENSG00000012171.20	SEMA3B	50267558	50277546	+
ENSG00000179564.4	LSMEM2	50279087	50288114	+
ENSG00000214706.12	IFRD2	50287732	50292918	-
ENSG00000186792.17	HYAL3	50292831	50299405	-
ENSG00000243477.6	NAA80	50296402	50299416	-
ENSG00000114378.17	HYAL1	50299890	50312381	-
ENSG00000068001.14	HYAL2	50317790	50322782	-
ENSG00000114383.10	TUSC2	50320027	50328251	-
ENSG00000068028.18	RASSF1	50329782	50340980	-
ENSG00000004838.14	ZMYND10	50341110	50345732	-
ENSG00000114388.14	NPRL2	50347330	50350826	-
ENSG00000114395.11	CYB561D2	50350845	50358460	+
ENSG00000272104.1	ENSG00000272104	50350892	50367923	+
ENSG00000126062.4	TMEM115	50354750	50359521	-
ENSG00000007402.12	CACNA2D2	50362613	50504244	-
ENSG00000088543.15	C3orf18	50558025	50571027	-
ENSG00000114735.10	HEMK1	50569152	50596168	+
ENSG00000114737.16	CISH	50606489	50611774	-
ENSG00000114738.11	MAPKAPK3	50611520	50649291	+
ENSG00000088538.13	DOCK3	50674927	51384198	+
ENSG00000145050.19	MANF	51385291	51389397	+
ENSG00000259956.2	RBM15B	51391285	51397908	+
ENSG00000145041.17	DCAF1	51395867	51500015	-
ENSG00000164080.14	RAD54L2	51538719	51668667	+
ENSG00000164081.13	TEX264	51662693	51704323	+
ENSG00000164082.15	GRM2	51707068	51718613	+
ENSG00000214686.7	IQCF6	51778561	51779241	-
ENSG00000285749.3	ENSG00000285749	51798803	51830856	+
ENSG00000229972.10	IQCF3	51826883	51833389	+
ENSG00000184345.5	IQCF2	51861615	51863424	+
ENSG00000214681.4	IQCF5	51873721	51875601	-
ENSG00000173389.16	IQCF1	51894876	51903353	-
ENSG00000114767.7	RRP9	51933429	51941904	-
ENSG00000041880.15	PARP3	51942345	51948867	+
ENSG00000180929.6	GPR62	51955381	51957499	+
ENSG00000090097.22	PCBP4	51957454	51974016	-
ENSG00000114779.20	ABHD14B	51968510	51983409	-
ENSG00000248487.10	ABHD14A	51971426	51981196	+
ENSG00000114786.16	ABHD14A-ACY1	51974706	51989183	+
ENSG00000243989.9	ACY1	51983340	51989197	+
ENSG00000162244.12	RPL29	51993522	51995895	-
ENSG00000164086.10	DUSP7	52048919	52056571	-
ENSG00000164087.8	POC1A	52075226	52154690	-
ENSG00000023330.15	ALAS1	52198086	52214327	+
ENSG00000239732.4	TLR9	52221080	52225645	-
ENSG00000173366.11	ENSG00000173366	52221081	52231190	-
ENSG00000247596.10	TWF2	52228612	52246788	-
ENSG00000164088.18	PPM1M	52245759	52250599	+
ENSG00000164091.12	WDR82	52254434	52288020	-
ENSG00000168237.18	GLYCTK	52287089	52295257	+
ENSG00000114841.18	DNAH1	52316319	52400492	+
ENSG00000163930.10	BAP1	52401008	52410008	-
ENSG00000010318.22	PHF7	52410660	52423641	+
ENSG00000010319.7	SEMA3G	52433035	52445103	-
ENSG00000114854.8	TNNC1	52451100	52454041	-
ENSG00000010322.16	NISCH	52455118	52493068	+
ENSG00000010327.10	STAB1	52495338	52524495	+
ENSG00000168268.11	NT5DC2	52524385	52535054	-
ENSG00000168273.8	UQCC5	52534013	52579237	+
ENSG00000163939.19	PBRM1	52545352	52685917	-
ENSG00000163938.17	GNL3	52681156	52694497	+
ENSG00000016864.19	GLT8D1	52694486	52706032	-
ENSG00000114902.14	SPCS1	52704955	52711148	+
ENSG00000114904.13	NEK4	52708444	52770946	-
ENSG00000055957.11	ITIH1	52777595	52792068	+
ENSG00000162267.14	ITIH3	52794768	52808799	+
ENSG00000055955.17	ITIH4	52812962	52830688	-
ENSG00000243696.5	ENSG00000243696	52813282	52835729	-
ENSG00000272573.6	MUSTN1	52833114	52835019	-
ENSG00000248592.7	STIMATE-MUSTN1	52833121	52897562	-
ENSG00000213533.13	STIMATE	52836219	52897548	-
ENSG00000163935.14	SFMBT1	52903572	53046750	-
ENSG00000272305.5	ENSG00000272305	52969119	53099453	-
ENSG00000163933.10	RFT1	53088483	53130453	-
ENSG00000163932.16	PRKCD	53156009	53192717	+
ENSG00000163931.17	TKT	53224712	53256052	-
ENSG00000272886.6	DCP1A	53283429	53347586	-
ENSG00000157388.20	CACNA1D	53328963	53813733	+
ENSG00000016391.11	CHDH	53812335	53846419	-
ENSG00000056736.10	IL17RB	53846568	53865794	+
ENSG00000113812.14	ACTR8	53867066	53882152	-
ENSG00000113811.12	SELENOK	53884417	53891885	-
ENSG00000157445.16	CACNA2D3	54122552	55074557	+
ENSG00000144771.8	LRTM1	54918231	54967088	-
ENSG00000114251.15	WNT5A	55465715	55490539	-
ENSG00000187672.15	ERC2	55508311	56469095	-
ENSG00000180376.17	CCDC66	56557161	56621837	+
ENSG00000163946.14	TASOR	56620132	56683265	-
ENSG00000163947.12	ARHGEF3	56727418	57079329	-
ENSG00000186451.2	SPATA12	57060664	57075432	+
ENSG00000144730.19	IL17RD	57089982	57170306	-
ENSG00000163666.10	HESX1	57197838	57227606	-
ENSG00000157500.12	APPL1	57227726	57278105	+
ENSG00000239388.10	ASB14	57268342	57292685	-
ENSG00000174844.15	DNAH12	57293699	57544344	-
ENSG00000174840.9	PDE12	57556274	57566848	+
ENSG00000168374.11	ARF4	57571363	57598220	-
ENSG00000174839.13	DENND6A	57625454	57693077	-
ENSG00000163681.17	SLMAP	57755450	57930003	+
ENSG00000136068.16	FLNB	58008398	58172251	+
ENSG00000163687.14	DNASE1L3	58192257	58214697	-
ENSG00000163686.15	ABHD6	58237532	58295693	+
ENSG00000163684.12	RPP14	58306245	58324695	+
ENSG00000255154.9	HTD2	58306262	58320193	+
ENSG00000168297.16	PXK	58332880	58426127	+
ENSG00000168291.13	PDHB	58427630	58433857	-
ENSG00000168301.13	KCTD6	58492096	58502360	+
ENSG00000168306.13	ACOX2	58505136	58537283	-
ENSG00000168309.18	FAM107A	58564117	58627610	-
ENSG00000198643.7	FAM3D	58633946	58666834	-
ENSG00000163689.21	CFAP20DC	58717365	59050084	-
ENSG00000189283.11	FHIT	59747277	61251459	-
ENSG00000144724.20	PTPRG	61561569	62297609	+
ENSG00000114405.11	CEP15	62319015	62336213	+
ENSG00000153266.13	FEZF2	62369681	62374324	-
ENSG00000163618.18	CADPS	62398346	62875416	-
ENSG00000163630.11	SYNPR	63228315	63616924	+
ENSG00000188817.8	SNTN	63652675	63679020	+
ENSG00000163632.15	C3orf49	63819299	63848636	+
ENSG00000163634.12	THOC7	63833870	63863868	-
ENSG00000163635.20	ATXN7	63863155	64003462	+
ENSG00000163636.11	PSMD6	64010550	64024010	-
ENSG00000163637.13	PRICKLE2	64092236	64445476	-
ENSG00000163638.13	ADAMTS9	64515654	64688000	-
ENSG00000151276.24	MAGI1	65353525	66038918	-
ENSG00000144741.19	SLC25A26	66133610	66388116	+
ENSG00000144749.14	LRIG1	66378797	66501263	-
ENSG00000163376.11	KBTBD8	66998307	67011210	+
ENSG00000172340.15	SUCLG2	67360460	67654612	-
ENSG00000183662.12	TAFA1	68004247	68545621	+
ENSG00000163377.16	TAFA4	68731766	68953297	-
ENSG00000163378.14	EOGT	68975217	69013684	-
ENSG00000144747.17	TMF1	69019827	69052339	-
ENSG00000144744.18	UBA3	69054730	69080408	-
ENSG00000144746.7	ARL6IP5	69084937	69106092	+
ENSG00000163380.16	LMOD3	69106065	69123032	-
ENSG00000114541.15	FRMD4B	69168782	69542583	-
ENSG00000187098.18	MITF	69739456	69968336	+
ENSG00000242120.4	MDFIC2	70194479	70312638	-
ENSG00000114861.24	FOXP1	70954693	71583978	-
ENSG00000285708.1	ENSG00000285708	70959226	71754229	-
ENSG00000163412.13	EIF4E3	71675414	71754773	-
ENSG00000170837.3	GPR27	71753855	71756496	+
ENSG00000163421.9	PROK2	71771655	71785206	-
ENSG00000163602.12	RYBP	72371825	72446621	-
ENSG00000144736.14	SHQ1	72749277	72861914	-
ENSG00000172986.13	GXYLT2	72888046	72998138	+
ENSG00000163605.16	PPP4R2	72996803	73069198	+
ENSG00000255423.1	EBLN2	73061659	73063337	+
ENSG00000121440.15	PDZRN3	73382431	73624941	-
ENSG00000113805.9	CNTN3	74262568	74614659	-
ENSG00000172969.8	FRG2C	75664328	75667220	+
ENSG00000227124.11	ZNF717	75678660	75785583	-
ENSG00000185008.19	ROBO2	75906695	77649964	+
ENSG00000169855.21	ROBO1	78597239	79767998	-
ENSG00000114480.13	GBE1	81489703	81761645	-
ENSG00000175161.14	CADM2	84958989	86074429	+
ENSG00000206538.9	VGLL3	86876388	86991149	-
ENSG00000083937.10	CHMP2B	87227271	87255556	+
ENSG00000064835.12	POU1F1	87259404	87276584	-
ENSG00000179097.7	HTR1F	87792706	87993839	+
ENSG00000163320.12	CGGBP1	88051944	88149885	-
ENSG00000288654.1	ENSG00000288654	88058139	88058216	-
ENSG00000175105.8	ZNF654	88059255	88144660	+
ENSG00000179021.10	C3orf38	88149959	88168729	+
ENSG00000283434.2	CSNKA2IP	88338416	88467594	+
ENSG00000044524.11	EPHA3	89107621	89482134	+
ENSG00000184500.16	PROS1	93873051	93980003	-
ENSG00000169379.17	ARL13B	93980139	94055678	+
ENSG00000178750.3	STX19	94014365	94028597	-
ENSG00000178700.9	DHFR2	94047836	94063389	-
ENSG00000178694.10	NSUN3	94062980	94131832	+
ENSG00000080224.18	EPHA6	96814581	97761532	+
ENSG00000113966.11	ARL6	97764521	97801229	+
ENSG00000080200.10	CRYBG3	97822011	97944984	+
ENSG00000170854.18	RIOX2	97941818	97972457	-
ENSG00000183185.10	GABRR3	97985102	98035315	-
ENSG00000213439.3	OR5AC1	98064472	98065396	+
ENSG00000196578.4	OR5AC2	98087173	98088102	+
ENSG00000231192.3	OR5H1	98130721	98138548	+
ENSG00000236032.3	OR5H14	98147479	98156614	+
ENSG00000233412.6	OR5H15	98166696	98169774	+
ENSG00000230301.6	OR5H6	98263252	98265356	+
ENSG00000197938.6	OR5H2	98282505	98284070	+
ENSG00000232535.2	OR5H8	98306752	98312843	+
ENSG00000196098.2	OR5K4	98353854	98354819	+
ENSG00000206536.1	OR5K3	98390666	98391631	+
ENSG00000232382.2	OR5K1	98463201	98472924	+
ENSG00000231861.3	OR5K2	98497681	98498631	+
ENSG00000080822.17	CLDND1	98497912	98523066	-
ENSG00000285635.1	ENSG00000285635	98521133	98585498	-
ENSG00000154165.5	GPR15	98531978	98534681	+
ENSG00000080819.9	CPOX	98579446	98593648	-
ENSG00000064225.13	ST3GAL6	98732236	98821201	+
ENSG00000057019.16	DCBLD2	98795941	98901695	-
ENSG00000144810.16	COL8A1	99638475	99799226	+
ENSG00000184220.12	CMSS1	99817837	100181732	+
ENSG00000168386.19	FILIP1L	99828811	100114513	-
ENSG00000036054.13	TBC1D23	100260992	100325251	+
ENSG00000114021.12	NIT2	100334739	100361635	+
ENSG00000154174.8	TOMM70	100363431	100401089	-
ENSG00000206535.8	LNP1	100401532	100456319	+
ENSG00000181458.10	TMEM45A	100492619	100577444	+
ENSG00000144820.8	ADGRG7	100609601	100695479	+
ENSG00000114354.15	TFG	100709295	100748964	+
ENSG00000154175.19	ABI3BP	100749156	100993515	-
ENSG00000081148.12	IMPG2	101222546	101320575	-
ENSG00000138468.16	SENP7	101324205	101513241	-
ENSG00000174173.7	TRMT10C	101561868	101566446	+
ENSG00000081154.12	PCNP	101574180	101594465	+
ENSG00000066422.7	ZBTB11	101648889	101677135	-
ENSG00000114391.14	RPL24	101681091	101686733	-
ENSG00000293268.2	ENSG00000293268	101686827	101713301	+
ENSG00000182504.12	CEP97	101724534	101770562	+
ENSG00000144815.18	NXPE3	101779177	101843743	+
ENSG00000144802.11	NFKBIZ	101827991	101861022	+
ENSG00000170044.9	ZPLD1	102099244	102479841	+
ENSG00000170017.12	ALCAM	105366909	105576900	+
ENSG00000114423.23	CBLB	105655461	105869552	-
ENSG00000138483.3	CCDC54	107377439	107378635	+
ENSG00000114439.19	BBX	107522936	107811339	+
ENSG00000196776.17	CD47	108043091	108091862	-
ENSG00000114446.5	IFT57	108160812	108222435	-
ENSG00000114455.15	HHLA2	108296529	108378285	+
ENSG00000144821.11	MYH15	108380368	108529322	-
ENSG00000163507.15	CIP2A	108549864	108589644	-
ENSG00000198919.13	DZIP3	108589705	108694840	+
ENSG00000163515.7	RETNLB	108743424	108757410	-
ENSG00000163519.14	TRAT1	108822770	108855005	+
ENSG00000138472.11	GUCA1C	108907792	108953879	-
ENSG00000114487.10	MORC1	108958248	109118134	-
ENSG00000241224.8	C3orf85	109118252	109151401	+
ENSG00000163530.4	DPPA2	109293788	109316517	-
ENSG00000121570.13	DPPA4	109326144	109337546	-
ENSG00000177707.11	NECTIN3	111070071	111275563	+
ENSG00000153283.13	CD96	111292719	111665750	+
ENSG00000177494.6	ZBED2	111592900	111595346	-
ENSG00000240891.8	PLCXD2	111674676	111846447	+
ENSG00000144824.21	PHLDB2	111732497	111976517	+
ENSG00000144827.9	ABHD10	111979010	111993368	+
ENSG00000144834.14	TAGLN3	111998739	112013887	+
ENSG00000176040.14	TMPRSS7	112034736	112081269	+
ENSG00000114529.13	C3orf52	112086335	112131004	+
ENSG00000174500.13	GCSAM	112120839	112133270	-
ENSG00000172139.15	SLC9C1	112140898	112294227	-
ENSG00000091972.19	CD200	112332235	112363181	+
ENSG00000186265.10	BTLA	112463966	112499472	-
ENSG00000144848.11	ATG3	112532510	112562046	-
ENSG00000138459.9	SLC35A5	112561709	112585579	+
ENSG00000091986.16	CCDC80	112596797	112649530	-
ENSG00000206531.12	CD200R1L	112815709	112846864	-
ENSG00000163606.11	CD200R1	112921205	112975103	-
ENSG00000163607.18	GTPBP8	112990984	113015060	+
ENSG00000163608.15	NEPRO	113002444	113019861	-
ENSG00000144857.15	BOC	113211003	113287459	+
ENSG00000206530.11	CFAP44	113286930	113441610	-
ENSG00000285943.1	ENSG00000285943	113361901	113515151	-
ENSG00000163611.11	SPICE1	113442718	113515187	-
ENSG00000072858.11	SIDT1	113532555	113629575	+
ENSG00000176542.10	USF3	113648385	113696646	-
ENSG00000121579.14	NAA50	113716458	113746300	-
ENSG00000114573.12	ATP6V1A	113746770	113812056	+
ENSG00000178075.20	GRAMD1C	113828182	113947174	+
ENSG00000184307.17	ZDHHC23	113947901	113965401	+
ENSG00000163617.11	CCDC191	113964137	114056594	-
ENSG00000151576.10	QTRT2	114005833	114088422	+
ENSG00000151577.14	DRD3	114127580	114199407	-
ENSG00000174255.8	ZNF80	114234631	114237578	-
ENSG00000181847.12	TIGIT	114276913	114310288	+
ENSG00000181722.18	ZBTB20	114314500	115147292	-
ENSG00000172020.13	GAP43	115623510	115721490	+
ENSG00000185565.13	LSAMP	115802374	117139389	-
ENSG00000144847.13	IGSF11	118900557	119146068	-
ENSG00000163424.9	TEX55	119146151	119160042	+
ENSG00000251012.2	ENSG00000251012	119147375	119187807	+
ENSG00000114638.8	UPK1B	119173517	119205143	+
ENSG00000121578.13	B4GALT4	119211732	119240946	-
ENSG00000031081.11	ARHGAP31	119294383	119420714	+
ENSG00000176142.13	TMEM39A	119428949	119468830	-
ENSG00000163389.12	POGLUT1	119468963	119494708	+
ENSG00000113845.10	TIMMDC1	119498547	119525090	+
ENSG00000121594.12	CD80	119524293	119559614	-
ENSG00000144843.12	ADPRH	119579268	119589945	+
ENSG00000144837.9	PLA1A	119597875	119629811	+
ENSG00000121577.14	POPDC2	119636457	119665324	-
ENSG00000138495.7	COX17	119654513	119677454	-
ENSG00000183833.16	CFAP91	119703022	119767102	+
ENSG00000285585.1	ENSG00000285585	119703076	119807570	+
ENSG00000144852.20	NR1I2	119780484	119818487	+
ENSG00000082701.17	GSK3B	119821321	120094994	-
ENSG00000175697.11	GPR156	120164645	120285222	-
ENSG00000163428.4	LRRC58	120324509	120349354	-
ENSG00000163430.13	FSTL1	120392293	120451016	-
ENSG00000065518.8	NDUFB4	120596328	120602507	+
ENSG00000113924.12	HGD	120628172	120682269	-
ENSG00000144840.10	RABL3	120684938	120742993	-
ENSG00000153767.10	GTF2E1	120742637	120783069	+
ENSG00000145087.14	STXBP5L	120908072	121424761	+
ENSG00000051341.15	POLQ	121431431	121545988	-
ENSG00000186103.5	ARGFX	121567949	121590622	+
ENSG00000163833.8	FBXO40	121593379	121630295	+
ENSG00000180353.11	HCLS1	121631399	121660927	-
ENSG00000173230.17	GOLGB1	121663199	121749966	-
ENSG00000173226.17	IQCB1	121769761	121835079	-
ENSG00000145088.9	EAF2	121835183	121886526	+
ENSG00000163406.11	SLC15A2	121894401	121944188	+
ENSG00000145103.15	ILDR1	121987323	122022247	-
ENSG00000114013.16	CD86	122055362	122121139	+
ENSG00000036828.17	CASR	122183668	122291629	+
ENSG00000121552.4	CSTA	122325248	122341969	+
ENSG00000160124.9	MIX23	122359591	122383231	-
ENSG00000114023.16	FAM162A	122384161	122412334	+
ENSG00000196981.4	WDR5B	122411846	122416062	-
ENSG00000114030.13	KPNA1	122421902	122514945	-
ENSG00000138496.17	PARP9	122527924	122564577	-
ENSG00000163840.10	DTX3L	122564338	122575203	+
ENSG00000173200.13	PARP15	122577628	122639047	+
ENSG00000173193.15	PARP14	122680839	122730840	+
ENSG00000169087.11	HSPBAP1	122739999	122793831	-
ENSG00000138463.9	SLC49A4	122795069	122881139	+
ENSG00000082684.16	SEMA5B	122909082	123028605	-
ENSG00000065485.20	PDIA5	123067025	123225227	+
ENSG00000121542.12	SEC22A	123201927	123274136	+
ENSG00000173175.16	ADCY5	123282296	123449090	-
ENSG00000206527.10	HACD2	123490820	123585053	-
ENSG00000065534.20	MYLK	123610049	123884332	-
ENSG00000175455.16	CCDC14	123897305	123961408	-
ENSG00000065371.18	ROPN1	123968521	123992178	-
ENSG00000160145.16	KALRN	124033369	124726325	+
ENSG00000114491.14	UMPS	124730433	124749273	+
ENSG00000082781.12	ITGB5	124761948	124901418	-
ENSG00000173702.7	MUC13	124905442	124953819	-
ENSG00000173706.15	HEG1	124965710	125055997	-
ENSG00000221955.11	SLC12A8	125082636	125212864	-
ENSG00000163848.21	ZNF148	125225669	125375325	-
ENSG00000114520.11	SNX4	125446650	125520202	-
ENSG00000144909.8	OSBPL11	125528858	125595497	-
ENSG00000114547.10	ROPN1B	125969160	125983454	+
ENSG00000114544.17	SLC41A3	126006357	126101561	-
ENSG00000144908.14	ALDH1L1	126103562	126197994	-
ENSG00000163884.4	KLF15	126342635	126357408	-
ENSG00000163885.12	CFAP100	126394909	126436556	+
ENSG00000070476.15	ZXDC	126437601	126475891	-
ENSG00000159650.9	UROC1	126481166	126517773	-
ENSG00000180767.11	CHST13	126524155	126543291	+
ENSG00000180697.9	C3orf22	126526999	126558965	-
ENSG00000197763.20	TXNRD3	126571779	126655124	-
ENSG00000159685.11	CHCHD6	126704240	126960420	+
ENSG00000114554.12	PLXNA1	126982693	127037389	+
ENSG00000214324.5	PRR23E	127193131	127198185	+
ENSG00000239620.3	PRR20G	127283783	127288046	-
ENSG00000163870.16	TPRA1	127571232	127598267	-
ENSG00000073111.15	MCM2	127598223	127622436	+
ENSG00000114631.11	PODXL2	127629185	127672802	+
ENSG00000114626.18	ABTB1	127672935	127680926	+
ENSG00000074416.16	MGLL	127689062	128052190	-
ENSG00000187715.13	KBTBD12	127915232	127987671	+
ENSG00000058262.11	SEC61A1	128051641	128071705	+
ENSG00000175792.12	RUVBL1	128064778	128153914	-
ENSG00000132394.11	EEFSEC	128153481	128408646	+
ENSG00000179407.4	DNAJB8	128462437	128466968	-
ENSG00000179348.13	GATA2	128479427	128493201	-
ENSG00000163902.12	RPN1	128619969	128681075	-
ENSG00000075785.14	RAB7A	128693669	128825942	+
ENSG00000177646.20	ACAD9	128879596	128924003	+
ENSG00000114656.13	CFAP92	128909866	129002690	-
ENSG00000114654.8	EFCC1	129001304	129040742	+
ENSG00000169704.5	GP9	129060779	129062406	+
ENSG00000172780.17	RAB43	129087569	129122801	-
ENSG00000261796.1	ISY1-RAB43	129087575	129161036	-
ENSG00000240682.10	ISY1	129127415	129161063	-
ENSG00000169714.17	CNBP	129167827	129183922	-
ENSG00000181789.14	COPG1	129249606	129277773	+
ENSG00000183624.14	HMCES	129278828	129306186	+
ENSG00000184897.7	H1-10	129314771	129316286	-
ENSG00000172771.13	EFCAB12	129401321	129428636	-
ENSG00000163913.14	IFT122	129429607	129520510	+
ENSG00000129071.10	MBD4	129430947	129440179	-
ENSG00000163914.5	RHO	129528639	129535344	+
ENSG00000178804.8	H1-8	129543175	129551467	+
ENSG00000004399.13	PLXND1	129555214	129606676	-
ENSG00000172765.19	TMCC1	129647792	129893711	-
ENSG00000170893.4	TRH	129974688	129977935	+
ENSG00000251287.9	ALG1L2	130081831	130113227	+
ENSG00000172752.16	COL6A5	130345516	130484846	+
ENSG00000206384.11	COL6A6	130517177	130677044	+
ENSG00000196455.8	PIK3R4	130678934	130746829	-
ENSG00000017260.20	ATP2C1	130850595	131016712	+
ENSG00000034533.12	ASTE1	131013875	131027649	-
ENSG00000114670.14	NEK11	131026850	131350465	+
ENSG00000198585.12	NUDT16	131381671	131388830	+
ENSG00000114686.9	MRPL3	131462212	131502983	-
ENSG00000196353.13	CPNE4	131533555	132285410	-
ENSG00000014257.17	ACP3	132317369	132368302	+
ENSG00000138246.17	DNAJC13	132417502	132539032	+
ENSG00000240303.8	ACAD11	132558138	132660082	-
ENSG00000274810.4	NPHP3-ACAD11	132558142	132722459	-
ENSG00000129048.7	ACKR4	132597270	132618967	+
ENSG00000081307.15	UBA5	132654446	132679794	+
ENSG00000113971.21	NPHP3	132680609	132722432	-
ENSG00000144868.14	TMEM108	133038391	133397775	+
ENSG00000170819.5	BFSP2	133400056	133475222	+
ENSG00000091527.17	CDV3	133573686	133590261	+
ENSG00000163781.14	TOPBP1	133598175	133662380	-
ENSG00000091513.16	TF	133746040	133796641	+
ENSG00000144867.13	SRPRB	133784023	133825772	+
ENSG00000154917.11	RAB6B	133824235	133895882	-
ENSG00000174640.15	SLCO2A1	133932701	134052184	-
ENSG00000163785.14	RYK	134065303	134250859	-
ENSG00000114019.15	AMOTL2	134355347	134375479	-
ENSG00000129055.13	ANAPC13	134477706	134486716	-
ENSG00000182923.20	CEP63	134485699	134587789	+
ENSG00000174611.12	KY	134599923	134651636	-
ENSG00000154928.19	EPHB1	134795260	135260467	+
ENSG00000073711.11	PPP2R3A	135965728	136147894	+
ENSG00000174579.5	MSL2	136148917	136197241	-
ENSG00000114054.14	PCCB	136250340	136337896	+
ENSG00000118007.13	STAG1	136336236	136752403	-
ENSG00000168917.9	SLC35G2	136818647	136855888	+
ENSG00000158092.7	NCK1	136862208	136951606	+
ENSG00000174564.13	IL20RB	136946230	137011085	+
ENSG00000168875.3	SOX14	137764315	137766334	+
ENSG00000066405.13	CLDN18	137998735	138033655	+
ENSG00000158163.15	DZIP1L	138061990	138115818	-
ENSG00000118017.4	A4GNT	138123713	138132390	-
ENSG00000138231.14	DBR1	138160988	138174949	-
ENSG00000114098.18	ARMC8	138187248	138298384	+
ENSG00000181322.15	NME9	138261437	138329886	-
ENSG00000158186.13	MRAS	138347648	138405534	+
ENSG00000158220.14	ESYT3	138434586	138481686	+
ENSG00000114107.9	CEP70	138494344	138594538	-
ENSG00000158234.13	FAIM	138608606	138633376	+
ENSG00000051382.9	PIK3CB	138652698	138834928	-
ENSG00000183770.7	FOXL2	138944224	138947137	-
ENSG00000206262.9	FOXL2NB	138947217	138953990	+
ENSG00000206260.4	PRR23A	139003962	139006268	-
ENSG00000175110.14	MRPS22	139005806	139360497	+
ENSG00000184814.5	PRR23B	139019031	139020926	-
ENSG00000233701.3	PRR23C	139042102	139044892	-
ENSG00000184432.11	COPB2	139353946	139389736	-
ENSG00000114113.6	RBP2	139452884	139480747	-
ENSG00000114115.11	RBP1	139517434	139539829	-
ENSG00000163864.18	NMNAT3	139560180	139678017	-
ENSG00000158258.16	CLSTN2	139935185	140577397	+
ENSG00000155890.4	TRIM42	140678064	140701150	+
ENSG00000114120.14	SLC25A36	140941830	140980995	+
ENSG00000175093.5	SPSB4	141051347	141148611	+
ENSG00000155893.13	PXYLP1	141228726	141367753	+
ENSG00000177311.12	ZBTB38	141324213	141449792	+
ENSG00000155903.14	RASA2	141487027	141615344	+
ENSG00000114125.14	RNF7	141738249	141747560	+
ENSG00000285558.1	ENSG00000285558	141738474	141807919	+
ENSG00000114124.3	GRK7	141763408	141819352	+
ENSG00000069849.11	ATP1B3	141876124	141926549	+
ENSG00000114126.18	TFDP2	141944428	142149544	-
ENSG00000175066.16	GK5	142157527	142225592	-
ENSG00000114127.11	XRN1	142306607	142448062	-
ENSG00000175054.16	ATR	142449007	142578733	-
ENSG00000120756.13	PLS1	142596393	142713664	+
ENSG00000144935.17	TRPC1	142724034	142807888	+
ENSG00000163710.9	PCOLCE2	142815922	142889206	-
ENSG00000188582.10	PAQR9	142949164	142963674	-
ENSG00000163714.18	U2SURP	142964497	143060725	+
ENSG00000175040.6	CHST2	143119771	143124014	+
ENSG00000181804.15	SLC9A9	143265222	143848485	-
ENSG00000181744.9	DIPK2A	143971823	144048719	+
ENSG00000152952.14	PLOD2	146035139	146163725	-
ENSG00000114698.15	PLSCR4	146192335	146251179	-
ENSG00000163746.13	PLSCR2	146391421	146495991	-
ENSG00000188313.13	PLSCR1	146515180	146544856	-
ENSG00000231213.7	PLSCR5	146576555	146605346	-
ENSG00000174963.18	ZIC4	147386046	147406809	-
ENSG00000152977.10	ZIC1	147393422	147510293	+
ENSG00000144891.19	AGTR1	148697784	148743008	+
ENSG00000153002.12	CPB1	148791102	148860187	+
ENSG00000163751.4	CPA3	148865296	148897203	+
ENSG00000163754.18	GYG1	148991408	149031775	+
ENSG00000071794.16	HLTF	149030127	149086554	-
ENSG00000163755.9	HPS3	149129638	149173732	+
ENSG00000047457.14	CP	149162410	149221829	-
ENSG00000163762.7	TM4SF18	149318498	149334414	-
ENSG00000169908.12	TM4SF1	149369022	149377692	-
ENSG00000169903.7	TM4SF4	149474697	149503394	+
ENSG00000018408.15	WWTR1	149517235	149736714	-
ENSG00000114744.9	COMMD2	149738472	149752495	-
ENSG00000206199.11	ANKUB1	149761100	149968385	-
ENSG00000082996.20	RNF13	149812770	149962139	+
ENSG00000070087.15	PFN2	149964904	150050788	-
ENSG00000196428.13	TSC22D2	150408298	150466422	+
ENSG00000120742.11	SERP1	150541998	150603228	-
ENSG00000144895.12	EIF2A	150546678	150586016	+
ENSG00000198843.14	SELENOT	150602875	150630436	+
ENSG00000163645.15	ERICH6	150659885	150703971	-
ENSG00000181788.4	SIAH2	150741125	150763477	-
ENSG00000214237.11	MINDY4B	150870376	150905439	-
ENSG00000260234.5	ENSG00000260234	150882997	150941743	-
ENSG00000163646.12	CLRN1	150926163	150972727	-
ENSG00000144893.13	MED12L	151085286	151437072	+
ENSG00000174946.7	GPR171	151197832	151203216	-
ENSG00000174944.9	P2RY14	151212117	151278542	-
ENSG00000138271.6	GPR87	151294086	151316820	-
ENSG00000181631.7	P2RY13	151326312	151329549	-
ENSG00000169313.10	P2RY12	151336843	151384753	-
ENSG00000152580.9	IGSF10	151425384	151461061	-
ENSG00000197953.6	AADACL2	151733916	151761339	+
ENSG00000114771.14	AADAC	151814073	151828488	+
ENSG00000198829.6	SUCNR1	151873643	151884619	+
ENSG00000152601.18	MBNL1	152243828	152465780	+
ENSG00000169860.7	P2RY1	152835131	152841439	+
ENSG00000181467.5	RAP2B	153162226	153170627	+
ENSG00000114790.13	ARHGEF26	154121003	154257827	+
ENSG00000174953.14	DHX36	154272546	154324487	-
ENSG00000174948.6	GPR149	154334943	154430190	-
ENSG00000196549.13	MME	155024124	155183704	+
ENSG00000240045.2	STRIT1	155290227	155293683	-
ENSG00000114805.18	PLCH1	155375580	155745071	-
ENSG00000174928.16	C3orf33	155762617	155806278	-
ENSG00000284952.1	ENSG00000284952	155763043	155854442	-
ENSG00000169359.16	SLC33A1	155821024	155854456	-
ENSG00000163655.16	GMPS	155870650	155944020	+
ENSG00000169282.19	KCNAB1	156037701	156538756	+
ENSG00000114850.7	SSR3	156539553	156555149	-
ENSG00000163659.13	TIPARP	156673235	156706770	+
ENSG00000197980.14	LEKR1	156825481	157046129	+
ENSG00000163660.12	CCNL1	157146508	157160760	-
ENSG00000197415.12	VEPH1	157259742	157533619	-
ENSG00000163661.4	PTX3	157436850	157443633	+
ENSG00000168779.21	SHOX2	158095905	158106420	-
ENSG00000174891.14	RSRC1	158105855	158545730	+
ENSG00000178053.21	MLF1	158571163	158607252	+
ENSG00000168827.15	GFM1	158644527	158695581	+
ENSG00000079257.8	LXN	158645822	158672648	-
ENSG00000118849.10	RARRES1	158696892	158732489	-
ENSG00000118855.21	MFSD1	158732198	158829719	+
ENSG00000283154.4	IQCJ-SCHIP1	158962235	159897358	+
ENSG00000214216.11	IQCJ	158962928	159266307	+
ENSG00000151967.19	SCHIP1	159273244	159897629	+
ENSG00000168811.8	IL12A	159988835	159996019	+
ENSG00000180044.6	C3orf80	160225422	160228213	+
ENSG00000248710.1	TRIM59-IFT80	160227454	160449829	-
ENSG00000068885.15	IFT80	160256986	160399880	-
ENSG00000113810.16	SMC4	160399274	160434954	+
ENSG00000213186.8	TRIM59	160432445	160485773	-
ENSG00000186432.10	KPNA4	160495007	160565571	-
ENSG00000179674.4	ARL14	160677160	160678448	+
ENSG00000163590.14	PPM1L	160755602	161078902	+
ENSG00000169255.15	B3GALNT1	161083883	161105411	-
ENSG00000169251.13	NMD3	161104696	161253532	+
ENSG00000196542.9	SPTSSB	161344798	161372880	-
ENSG00000182447.4	OTOL1	161496808	161503942	+
ENSG00000090402.8	SI	164978898	165078496	-
ENSG00000121871.4	SLITRK3	165186720	165197109	-
ENSG00000114200.10	BCHE	165772904	165837462	-
ENSG00000169064.13	ZBBX	167239843	167407874	-
ENSG00000114204.16	SERPINI2	167441914	167478972	-
ENSG00000174776.12	WDR49	167478684	167653983	-
ENSG00000114209.15	PDCD10	167683298	167734939	-
ENSG00000163536.13	SERPINI1	167735243	167825569	+
ENSG00000173905.9	GOLIM4	168008689	168095924	-
ENSG00000085276.19	MECOM	169083499	169663775	-
ENSG00000184378.3	ACTRT3	169766921	169769561	-
ENSG00000085274.16	MYNN	169773396	169789716	+
ENSG00000171757.17	LRRC34	169793003	169812986	-
ENSG00000188306.7	LRRIQ4	169812870	169837773	+
ENSG00000114248.10	LRRC31	169839172	169869935	-
ENSG00000187033.9	SAMD7	169911572	169939175	+
ENSG00000008952.17	SEC62	169966635	169998373	+
ENSG00000173890.17	GPR160	170037995	170085392	+
ENSG00000173889.16	PHC3	170086732	170181749	-
ENSG00000163558.13	PRKCI	170222424	170305977	+
ENSG00000136603.15	SKIL	170357342	170396835	+
ENSG00000013297.12	CLDN11	170418868	170454733	+
ENSG00000285218.1	ENSG00000285218	170418868	170860380	+
ENSG00000013293.6	SLC7A14	170459548	170586075	-
ENSG00000163584.18	RPL22L1	170864875	170870208	-
ENSG00000163577.8	EIF5A2	170888418	170908644	-
ENSG00000163581.14	SLC2A2	170996347	171026743	-
ENSG00000154310.17	TNIK	171058414	171460408	-
ENSG00000075651.17	PLD1	171600404	171810950	-
ENSG00000186329.9	TMEM212	171843349	171938715	+
ENSG00000075420.13	FNDC3B	172039578	172401669	+
ENSG00000121853.4	GHSR	172443291	172448456	-
ENSG00000121858.11	TNFSF10	172505508	172523475	-
ENSG00000144959.11	NCEH1	172630249	172711218	-
ENSG00000114346.14	ECT2	172750682	172821474	+
ENSG00000144962.7	SPATA16	172889357	173141235	-
ENSG00000169760.18	NLGN1	173396284	174294372	+
ENSG00000177694.16	NAALADL2	174438573	175810548	+
ENSG00000177565.19	TBL1XR1	177019340	177228000	-
ENSG00000197584.13	KCNMB2	178272932	178844429	+
ENSG00000275163.1	ENSG00000275163	178419123	178843300	+
ENSG00000172667.11	ZMAT3	178960121	179072215	-
ENSG00000121879.6	PIK3CA	179148114	179240093	+
ENSG00000171121.17	KCNMB3	179236691	179267002	-
ENSG00000121864.10	ZNF639	179323031	179338583	+
ENSG00000171109.19	MFN1	179347709	179394936	+
ENSG00000114450.11	GNB4	179396088	179451476	-
ENSG00000136518.17	ACTL6A	179562886	179588407	+
ENSG00000136522.14	MRPL47	179588285	179604649	-
ENSG00000136521.13	NDUFB5	179604690	179627647	+
ENSG00000288698.1	ENSG00000288698	179604807	179784179	+
ENSG00000058056.10	USP13	179653032	179804366	+
ENSG00000114757.19	PEX5L	179794958	180037053	-
ENSG00000163728.11	TTC14	180602163	180617828	+
ENSG00000284862.3	CCDC39	180602858	180684942	-
ENSG00000114416.19	FXR1	180868141	180982753	+
ENSG00000205981.9	DNAJC19	180983697	180989774	-
ENSG00000181449.4	SOX2	181711925	181714436	+
ENSG00000058063.16	ATP11B	182793503	182921629	+
ENSG00000043093.15	DCUN1D1	182938074	182985953	-
ENSG00000078070.14	MCCC1	183015218	183116075	-
ENSG00000078081.8	LAMP3	183122215	183163839	-
ENSG00000053524.13	MCF2L2	183178041	183428778	-
ENSG00000176597.12	B3GNT5	183253253	183298504	+
ENSG00000172578.12	KLHL6	183487551	183555706	-
ENSG00000114796.16	KLHL24	183635610	183684519	+
ENSG00000163872.16	YEATS2	183697797	183812624	+
ENSG00000283765.1	ENSG00000283765	183815568	183884889	-
ENSG00000180834.8	MAP6D1	183815922	183825594	-
ENSG00000175193.14	PARL	183829271	183884933	-
ENSG00000114770.17	ABCC5	183919934	184017939	-
ENSG00000186090.11	HTR3D	184031544	184039369	+
ENSG00000178084.2	HTR3C	184053047	184060673	+
ENSG00000186038.9	HTR3E	184097064	184106995	+
ENSG00000145191.15	EIF2B5	184135038	184146127	+
ENSG00000161202.20	DVL3	184155377	184173614	+
ENSG00000161203.14	AP2M1	184174689	184184214	+
ENSG00000161204.12	ABCF3	184186095	184194012	+
ENSG00000145198.15	VWA5B2	184229585	184242329	+
ENSG00000214160.10	ALG3	184242301	184249548	-
ENSG00000284753.2	EEF1AKMT4	184249672	184258759	+
ENSG00000284917.1	EEF1AKMT4-ECE2	184249695	184293031	+
ENSG00000163888.4	CAMK2N2	184259213	184261553	-
ENSG00000145194.19	ECE2	184276011	184293031	+
ENSG00000175166.17	PSMD2	184299198	184309050	+
ENSG00000114867.22	EIF4G1	184314495	184335358	+
ENSG00000175182.15	FAM131A	184335926	184348421	+
ENSG00000114859.16	CLCN2	184346185	184361650	-
ENSG00000163882.10	POLR2H	184361710	184368596	+
ENSG00000090534.20	THPO	184371935	184381968	-
ENSG00000090539.16	CHRD	184380054	184390736	+
ENSG00000182580.3	EPHB3	184561785	184582408	+
ENSG00000177383.5	MAGEF1	184710364	184712064	-
ENSG00000156931.16	VPS8	184812143	185052614	+
ENSG00000187068.3	C3orf70	185076838	185153060	-
ENSG00000113790.11	EHHADH	185190624	185281990	-
ENSG00000073803.14	MAP3K13	185282941	185489094	+
ENSG00000163900.11	TMEM41A	185476496	185499057	-
ENSG00000163898.10	LIPH	185506262	185552588	-
ENSG00000163904.13	SENP2	185582496	185633551	+
ENSG00000073792.16	IGF2BP2	185643130	185825042	-
ENSG00000136527.19	TRA2B	185914558	185938103	-
ENSG00000244405.8	ETV5	186046314	186110318	-
ENSG00000058866.15	DGKG	186105668	186362234	-
ENSG00000213139.8	CRYGS	186538441	186546702	-
ENSG00000113838.13	TBCCD1	186546067	186570543	-
ENSG00000090520.12	DNAJB11	186567403	186585800	+
ENSG00000283149.1	ENSG00000283149	186581995	186597103	+
ENSG00000145192.13	AHSG	186613060	186621318	+
ENSG00000090512.12	FETUB	186635969	186653141	+
ENSG00000113905.5	HRG	186660216	186678234	+
ENSG00000113889.14	KNG1	186717348	186744410	+
ENSG00000156976.17	EIF4A2	186783205	186789897	+
ENSG00000163918.12	RFC4	186789880	186807058	-
ENSG00000181092.10	ADIPOQ	186842704	186858463	+
ENSG00000073849.16	ST6GAL1	186930325	187078553	+
ENSG00000163923.10	RPL39L	187120948	187180908	-
ENSG00000175077.6	RTP1	187197486	187201462	+
ENSG00000127241.18	MASP1	187217282	187291980	-
ENSG00000136514.3	RTP4	187368385	187372076	+
ENSG00000157005.4	SST	187668912	187670394	-
ENSG00000198471.1	RTP2	187698259	187702557	-
ENSG00000113916.18	BCL6	187721377	187745725	-
ENSG00000145012.15	LPP	188153284	188890671	+
ENSG00000188001.10	TPRG1	188947214	189325304	+
ENSG00000073282.14	TP63	189631389	189897276	+
ENSG00000090530.10	P3H2	189956728	190122437	-
ENSG00000163347.6	CLDN1	190305707	190322446	-
ENSG00000113946.4	CLDN16	190322541	190412138	+
ENSG00000198398.3	TMEM207	190428655	190449901	-
ENSG00000196083.11	IL1RAP	190514051	190659750	+
ENSG00000205835.9	GMNC	190852737	190892429	-
ENSG00000188729.7	OSTN	191199241	191265615	+
ENSG00000188958.10	UTS2B	191267168	191330526	-
ENSG00000152492.15	CCDC50	191329085	191398659	+
ENSG00000253548.1	PYDC2	191461163	191461456	+
ENSG00000114279.15	FGF12	192139390	192767764	-
ENSG00000180611.7	MB21D2	192796815	192917856	-
ENSG00000127252.7	PLAAT1	193241128	193277738	+
ENSG00000187527.12	ATP13A5	193274789	193378820	-
ENSG00000127249.15	ATP13A4	193398967	193593111	-
ENSG00000198836.11	OPA1	193593144	193697811	+
ENSG00000114315.4	HES1	194136148	194138732	+
ENSG00000178772.7	CPN2	194339768	194351328	-
ENSG00000172061.9	LRRC15	194355249	194369743	-
ENSG00000178732.6	GP5	194394821	194399266	-
ENSG00000133657.17	ATP13A3	194402672	194498364	-
ENSG00000145014.18	TMEM44	194587673	194633689	-
ENSG00000041802.11	LSG1	194640791	194672463	-
ENSG00000185112.6	FAM43A	194685883	194689037	+
ENSG00000173950.16	XXYLT1	195068284	195271159	-
ENSG00000114331.16	ACAP2	195274745	195443044	-
ENSG00000184203.8	PPP1R2	195514428	195543386	-
ENSG00000189058.9	APOD	195568705	195584033	-
ENSG00000176945.18	MUC20	195720884	195741123	+
ENSG00000145113.22	MUC4	195746765	195811973	-
ENSG00000061938.21	TNK2	195863364	195911945	-
ENSG00000289747.1	ENSG00000289747	195908695	195909561	-
ENSG00000072274.14	TFRC	196012511	196082153	-
ENSG00000163958.14	ZDHHC19	196197452	196211437	-
ENSG00000163959.10	SLC51A	196211487	196243178	+
ENSG00000161217.12	PCYT1A	196214222	196287957	-
ENSG00000272741.1	ENSG00000272741	196248230	196318222	-
ENSG00000213123.11	DYNLT2B	196291219	196318299	-
ENSG00000273331.1	TM4SF19-DYNLT2B	196316082	196338373	-
ENSG00000145107.16	TM4SF19	196319342	196338503	-
ENSG00000163960.12	UBXN7	196347662	196432430	-
ENSG00000163961.4	RNF168	196468783	196503768	-
ENSG00000214097.5	SMCO1	196506879	196515346	-
ENSG00000185798.8	WDR53	196554177	196568674	-
ENSG00000174013.8	FBXO45	196568611	196589059	+
ENSG00000174004.6	NRROS	196639694	196662004	+
ENSG00000163964.18	PIGX	196639775	196736007	+
ENSG00000174007.9	CEP19	196706277	196712250	-
ENSG00000180370.10	PAK2	196739857	196832647	+
ENSG00000119231.11	SENP5	196867856	196934714	+
ENSG00000114503.11	NCBP2	196935402	196942594	-
ENSG00000270170.2	NCBP2AS2	196942674	196943543	+
ENSG00000119227.8	PIGZ	196946356	196969060	-
ENSG00000163975.14	MELTF	196980590	197029835	-
ENSG00000075711.21	DLG1	197042560	197299330	-
ENSG00000161267.12	BDH1	197509783	197573323	-
ENSG00000145016.17	RUBCN	197668867	197749727	-
ENSG00000122068.13	FYTTD1	197737179	197787596	+
ENSG00000186001.14	LRCH3	197791226	197888436	+
ENSG00000114473.14	IQCG	197889077	197960142	-
ENSG00000182899.17	RPL35A	197950190	197956610	+
ENSG00000185621.11	LMLN	197960200	198043720	+
