config_idx,species,model_id,pop,n_hap,seq_len,seed,mu,rho,rho_source,schema_version,n_sites,n_pairs,t_sim,t_gamma_smc_cu_total,t_gamma_smc_cu_compute,t_gsmc_total,t_gsmc_compute,speedup_compute,speedup_total,gpu_api_seconds,cpu_subprocess_seconds,reference_input_compression_index_seconds,timing_summary,gpu_repeat_max_relative_errors,time_units,gpu_calibration,cpu_calibration,truth_alignment,status,blockwise_tolerance_failed,r_gamma_smc_cu_median,r_gamma_smc_cu_q25,r_gamma_smc_cu_q75,r_gamma_smc_cu_n,r_gsmc_median,r_gsmc_q25,r_gsmc_q75,r_gsmc_n,r_between_methods_median,r_between_methods_q25,r_between_methods_q75,r_between_methods_n,rmse_gamma_smc_cu_median,rmse_gamma_smc_cu_q25,rmse_gamma_smc_cu_q75,rmse_gamma_smc_cu_n,rmse_gsmc_median,rmse_gsmc_q25,rmse_gsmc_q75,rmse_gsmc_n,rmse_between_methods_median,rmse_between_methods_q25,rmse_between_methods_q75,rmse_between_methods_n,n_pairs_evaluated_tmrca,n_pairs_evaluated_gsmc,n_pairs_evaluated_between
0,HomSap,OutOfAfrica_3G09,YRI,20,5000000,42,1.29e-08,1.2820402396300887e-08,model,2,8680,190,0.13250762224197388,0.0160943316295743,0.0160943316295743,4.556522238999605,4.492989224381745,279.1659403939215,283.1134801911701,"[0.01669598277658224, 0.01591751165688038, 0.0160943316295743]","[4.500223306939006, 4.486413090489805, 4.492989224381745]",0.06353301461786032,median after one full-workload warmup; CPU subprocess includes parsing/initialization/serialization; GPU API includes preprocessing/cache/allocation/decoding/host transfer; neither compute measure is kernel-only,"[0.0, 0.0]",generations,"{'calibration_version': 1, 'time_units': 'generations', 'posterior_time_units': 'coalescent', 'time_scale_source': 'physical_mutation_rate', 'auto_estimate_theta': True, 'input_Ne': 10000.0, 'input_mu': 1.29e-08, 'input_rho': 1.2820402396300887e-08, 'physical_mu': 1.29e-08, 'kernel_mu': 1.1088674191390836e-08, 'kernel_rho': 1.102025311434937e-08, 'scaled_mutation_rate': 0.0004435469676556334, 'scaled_recombination_rate': 0.0004408101245739748, 'generations_per_coalescent_unit': 17191.742932388894, 'effective_Ne': 8595.871466194447, 'native_generations_per_coalescent_unit': 20000.0, 'generation_rescaling_factor': 0.8595871466194447}","{'physical_mu': 1.29e-08, 'scaled_mutation_rate': 0.000443547, 'generations_per_coalescent_unit': 17191.74418604651}",exact original tree-sequence sites; CPU subset by exact coordinate; no interpolation,ok,False,0.7947330753954046,0.7643524652885525,0.8371844959051558,190,0.7945943668872464,0.7634252193369779,0.8358218032763756,190,0.9927933626059207,0.9909000028935488,0.9950029704797203,190,0.6248426306223958,0.6028838008589914,0.6434377424495892,190,0.6238032444608523,0.6035944541713862,0.6432231396656759,190,0.10262290193332463,0.10123484826044879,0.10380314721659517,190,190,190,190
1,HomSap,OutOfAfrica_2T12,AFR,20,5000000,42,1.29e-08,1.2820402396300887e-08,model,2,8914,190,0.12843089550733566,0.01599794067442417,0.01599794067442417,4.536461134441197,4.482451348565519,280.1892718436937,283.56531798455876,"[0.016660626977682114, 0.015993435867130756, 0.01599794067442417]","[4.479142815805972, 4.493348148651421, 4.482451348565519]",0.05400978587567806,median after one full-workload warmup; CPU subprocess includes parsing/initialization/serialization; GPU API includes preprocessing/cache/allocation/decoding/host transfer; neither compute measure is kernel-only,"[0.0, 0.0]",generations,"{'calibration_version': 1, 'time_units': 'generations', 'posterior_time_units': 'coalescent', 'time_scale_source': 'physical_mutation_rate', 'auto_estimate_theta': True, 'input_Ne': 10000.0, 'input_mu': 1.29e-08, 'input_rho': 1.2820402396300887e-08, 'physical_mu': 1.29e-08, 'kernel_mu': 1.0875563630123027e-08, 'kernel_rho': 1.0808457521298607e-08, 'scaled_mutation_rate': 0.00043502254520492106, 'scaled_recombination_rate': 0.00043233830085194426, 'generations_per_coalescent_unit': 16861.33896143105, 'effective_Ne': 8430.669480715525, 'native_generations_per_coalescent_unit': 20000.0, 'generation_rescaling_factor': 0.8430669480715526}","{'physical_mu': 1.29e-08, 'scaled_mutation_rate': 0.0004350225, 'generations_per_coalescent_unit': 16861.337209302324}",exact original tree-sequence sites; CPU subset by exact coordinate; no interpolation,ok,False,0.7631971182437898,0.7316011989481692,0.8000329678738265,190,0.7617947598033804,0.73000598908816,0.8000534113924946,190,0.9918829812191889,0.9904766541932735,0.9943328061469163,190,0.61877801172088,0.6020541423759401,0.6409053921116404,190,0.619245423201522,0.6026215281609655,0.6404527702681971,190,0.09925869587914618,0.09828238339660417,0.10025048866221578,190,190,190,190
2,HomSap,Africa_1T12,AFR,20,5000000,42,1.29e-08,1.2820402396300887e-08,model,2,9023,190,0.12566355615854263,0.015995584428310394,0.015995584428310394,4.543524778448045,4.491238520480692,280.77989526482713,284.0486884872124,"[0.017663665115833282, 0.015995584428310394, 0.015876109711825848]","[4.492105050012469, 4.478951262310147, 4.491238520480692]",0.05228625796735287,median after one full-workload warmup; CPU subprocess includes parsing/initialization/serialization; GPU API includes preprocessing/cache/allocation/decoding/host transfer; neither compute measure is kernel-only,"[0.0, 0.0]",generations,"{'calibration_version': 1, 'time_units': 'generations', 'posterior_time_units': 'coalescent', 'time_scale_source': 'physical_mutation_rate', 'auto_estimate_theta': True, 'input_Ne': 10000.0, 'input_mu': 1.29e-08, 'input_rho': 1.2820402396300887e-08, 'physical_mu': 1.29e-08, 'kernel_mu': 1.1338783631023288e-08, 'kernel_rho': 1.126881928948126e-08, 'scaled_mutation_rate': 0.00045355134524093155, 'scaled_recombination_rate': 0.0004507527715792504, 'generations_per_coalescent_unit': 17579.509505462465, 'effective_Ne': 8789.754752731233, 'native_generations_per_coalescent_unit': 20000.0, 'generation_rescaling_factor': 0.8789754752731233}","{'physical_mu': 1.29e-08, 'scaled_mutation_rate': 0.0004535514, 'generations_per_coalescent_unit': 17579.511627906977}",exact original tree-sequence sites; CPU subset by exact coordinate; no interpolation,ok,False,0.7849467132115275,0.7592679678294193,0.8245616511184104,190,0.7846043983842168,0.7575662991536847,0.8238825795640844,190,0.9932795221542594,0.9914696131215717,0.9949939496648463,190,0.6339964660439608,0.6182972516996349,0.6519037338833511,190,0.6321761341866097,0.6179800658333757,0.6503864120180838,190,0.10044667778280449,0.09910737185476935,0.10152765702464676,190,190,190,190
3,HomSap,AmericanAdmixture_4B18,AFR,20,5000000,42,1.29e-08,1.2820402396300887e-08,model,2,8927,190,0.13046119455248117,0.016478385776281357,0.016478385776281357,4.5497313514351845,4.49735189974308,272.9242997949759,276.1029759349349,"[0.016826474107801914, 0.01620420254766941, 0.016478385776281357]","[4.513509124517441, 4.49735189974308, 4.492204277776182]",0.05237945169210434,median after one full-workload warmup; CPU subprocess includes parsing/initialization/serialization; GPU API includes preprocessing/cache/allocation/decoding/host transfer; neither compute measure is kernel-only,"[0.0, 0.0]",generations,"{'calibration_version': 1, 'time_units': 'generations', 'posterior_time_units': 'coalescent', 'time_scale_source': 'physical_mutation_rate', 'auto_estimate_theta': True, 'input_Ne': 10000.0, 'input_mu': 1.29e-08, 'input_rho': 1.2820402396300887e-08, 'physical_mu': 1.29e-08, 'kernel_mu': 1.124640766152144e-08, 'kernel_rho': 1.1177013312677996e-08, 'scaled_mutation_rate': 0.0004498563064608576, 'scaled_recombination_rate': 0.00044708053250711987, 'generations_per_coalescent_unit': 17436.290948095255, 'effective_Ne': 8718.145474047627, 'native_generations_per_coalescent_unit': 20000.0, 'generation_rescaling_factor': 0.8718145474047627}","{'physical_mu': 1.29e-08, 'scaled_mutation_rate': 0.0004498564, 'generations_per_coalescent_unit': 17436.294573643412}",exact original tree-sequence sites; CPU subset by exact coordinate; no interpolation,ok,False,0.770381079288571,0.7368237830108271,0.8058429064646784,190,0.7693176107587025,0.7369888468707726,0.805175282210254,190,0.9927065908760697,0.9906537541087714,0.9945103092958889,190,0.6274394596774244,0.6077683744610992,0.6457541627755767,190,0.6279843237846011,0.6077161084422428,0.646118501956096,190,0.10206331521338144,0.10107539250375293,0.10289414639745872,190,190,190,190
4,HomSap,Zigzag_1S14,generic,20,5000000,42,1.29e-08,1.2820402396300887e-08,model,2,14793,190,0.29098698776215315,0.023780428804457188,0.023780428804457188,4.614120909012854,4.554379143752158,191.51795710675017,194.03018116090595,"[0.024416843429207802, 0.023761987686157227, 0.023780428804457188]","[4.554379143752158, 4.5427395682781935, 4.559482745826244]",0.05974176526069641,median after one full-workload warmup; CPU subprocess includes parsing/initialization/serialization; GPU API includes preprocessing/cache/allocation/decoding/host transfer; neither compute measure is kernel-only,"[0.0, 0.0]",generations,"{'calibration_version': 1, 'time_units': 'generations', 'posterior_time_units': 'coalescent', 'time_scale_source': 'physical_mutation_rate', 'auto_estimate_theta': True, 'input_Ne': 10000.0, 'input_mu': 1.29e-08, 'input_rho': 1.2820402396300887e-08, 'physical_mu': 1.29e-08, 'kernel_mu': 1.894170463141229e-08, 'kernel_rho': 1.8824827553998583e-08, 'scaled_mutation_rate': 0.0007576681852564916, 'scaled_recombination_rate': 0.0007529931021599434, 'generations_per_coalescent_unit': 29366.98392467022, 'effective_Ne': 14683.49196233511, 'native_generations_per_coalescent_unit': 20000.0, 'generation_rescaling_factor': 1.4683491962335111}","{'physical_mu': 1.29e-08, 'scaled_mutation_rate': 0.0007576682, 'generations_per_coalescent_unit': 29366.984496124034}",exact original tree-sequence sites; CPU subset by exact coordinate; no interpolation,ok,False,0.8364506895416336,0.8191405344752715,0.8522432104285493,190,0.8346334346283555,0.8169807668150051,0.8500825929859521,190,0.9945612322977935,0.9938433310372381,0.9953265544793721,190,0.6064201044129117,0.590623673312895,0.6208803719069959,190,0.608673301739272,0.5935911810005114,0.621955316983871,190,0.10246081912226114,0.10144327083541844,0.10351026756704831,190,190,190,190
5,HomSap,OutOfAfricaExtendedNeandertalAdmixturePulse_3I21,YRI,20,5000000,42,1.29e-08,1.2820402396300887e-08,model,2,9455,190,0.19478595070540905,0.01894432306289673,0.01894432306289673,4.559351087547839,4.506603286601603,237.88674167133368,240.67110091030509,"[0.01894432306289673, 0.03307414427399635, 0.01700503658503294]","[4.502177673391998, 4.506603286601603, 4.5162109630182385]",0.05274780094623566,median after one full-workload warmup; CPU subprocess includes parsing/initialization/serialization; GPU API includes preprocessing/cache/allocation/decoding/host transfer; neither compute measure is kernel-only,"[0.0, 0.0]",generations,"{'calibration_version': 1, 'time_units': 'generations', 'posterior_time_units': 'coalescent', 'time_scale_source': 'physical_mutation_rate', 'auto_estimate_theta': True, 'input_Ne': 10000.0, 'input_mu': 1.29e-08, 'input_rho': 1.2820402396300887e-08, 'physical_mu': 1.29e-08, 'kernel_mu': 1.3479136823067137e-08, 'kernel_rho': 1.3395965738489727e-08, 'scaled_mutation_rate': 0.0005391654729226855, 'scaled_recombination_rate': 0.000535838629539589, 'generations_per_coalescent_unit': 20897.88654739091, 'effective_Ne': 10448.943273695455, 'native_generations_per_coalescent_unit': 20000.0, 'generation_rescaling_factor': 1.0448943273695455}","{'physical_mu': 1.29e-08, 'scaled_mutation_rate': 0.0005391655, 'generations_per_coalescent_unit': 20897.887596899225}",exact original tree-sequence sites; CPU subset by exact coordinate; no interpolation,ok,False,0.8289020597652235,0.8067356289553571,0.8563621490075719,190,0.828654351115119,0.8087902997437842,0.8571534042466913,190,0.9948263341480994,0.9936544810587379,0.9960786678656797,190,0.6981135182734608,0.681481567599316,0.7175833588274709,190,0.6934582016507342,0.6786976011316669,0.7119437665462538,190,0.10914247071424335,0.10729836877100915,0.11049215275368213,190,190,190,190
6,PonAbe,TwoSpecies_2L11,Bornean,20,5000000,42,1.5e-08,6.4028843988297726e-09,model,2,14084,190,0.11686269845813513,0.024306645616889,0.024306645616889,4.592587253078818,4.53222525678575,186.460333861807,188.94368747811703,"[0.025582414120435715, 0.024306645616889, 0.02401665225625038]","[4.531016254797578, 4.53222525678575, 4.543292626738548]",0.06036199629306793,median after one full-workload warmup; CPU subprocess includes parsing/initialization/serialization; GPU API includes preprocessing/cache/allocation/decoding/host transfer; neither compute measure is kernel-only,"[0.0, 0.0]",generations,"{'calibration_version': 1, 'time_units': 'generations', 'posterior_time_units': 'coalescent', 'time_scale_source': 'physical_mutation_rate', 'auto_estimate_theta': True, 'input_Ne': 10000.0, 'input_mu': 1.5e-08, 'input_rho': 6.4028843988297726e-09, 'physical_mu': 1.5e-08, 'kernel_mu': 2.0091110769767402e-08, 'kernel_rho': 8.5760706468603e-09, 'scaled_mutation_rate': 0.000803644430790696, 'scaled_recombination_rate': 0.00034304282587441204, 'generations_per_coalescent_unit': 26788.147693023202, 'effective_Ne': 13394.073846511601, 'native_generations_per_coalescent_unit': 20000.0, 'generation_rescaling_factor': 1.33940738465116}","{'physical_mu': 1.5e-08, 'scaled_mutation_rate': 0.0008036445, 'generations_per_coalescent_unit': 26788.15}",exact original tree-sequence sites; CPU subset by exact coordinate; no interpolation,ok,False,0.8802340409564549,0.8655042764377092,0.8996746300704245,190,0.8818362961999613,0.867565956703906,0.9007381946587646,190,0.9984402290601193,0.9981175971287382,0.9987976549305687,190,0.6786944634604442,0.6596245711614778,0.7025474481043942,190,0.6744914140021143,0.6558895209606779,0.6988537500127014,190,0.07528632988191603,0.07399896842795076,0.07638996376446358,190,190,190,190
7,PanTro,BonoboGhost_4K19,western,20,5000000,42,1.6e-08,1.2e-08,model,2,12584,190,0.17851636931300163,0.021830533631145954,0.021830533631145954,4.568604537285864,4.5138686215505,206.7685883367732,209.2758983576914,"[0.022592244669795036, 0.021733158268034458, 0.021830533631145954]","[4.5138686215505, 4.508488362655044, 4.5315851755440235]",0.05473591573536396,median after one full-workload warmup; CPU subprocess includes parsing/initialization/serialization; GPU API includes preprocessing/cache/allocation/decoding/host transfer; neither compute measure is kernel-only,"[0.0, 0.0]",generations,"{'calibration_version': 1, 'time_units': 'generations', 'posterior_time_units': 'coalescent', 'time_scale_source': 'physical_mutation_rate', 'auto_estimate_theta': True, 'input_Ne': 10000.0, 'input_mu': 1.6e-08, 'input_rho': 1.2e-08, 'physical_mu': 1.6e-08, 'kernel_mu': 1.7623744236343088e-08, 'kernel_rho': 1.3217808177257314e-08, 'scaled_mutation_rate': 0.0007049497694537235, 'scaled_recombination_rate': 0.0005287123270902925, 'generations_per_coalescent_unit': 22029.680295428858, 'effective_Ne': 11014.840147714429, 'native_generations_per_coalescent_unit': 20000.0, 'generation_rescaling_factor': 1.1014840147714429}","{'physical_mu': 1.6e-08, 'scaled_mutation_rate': 0.0007049498, 'generations_per_coalescent_unit': 22029.681249999998}",exact original tree-sequence sites; CPU subset by exact coordinate; no interpolation,ok,False,0.8450336666700444,0.8284704169073196,0.8675202285559231,190,0.8463663209759938,0.8293197787517387,0.8687077116478178,190,0.9963622326554615,0.9954366605662357,0.9972164515701094,190,0.6582338366680203,0.6405934194347819,0.6848405516413365,190,0.6568493762208716,0.638765527663488,0.6814599756291008,190,0.09674371869751364,0.0953721715447174,0.09781176610217779,190,190,190,190
8,DroMel,African3Epoch_1S16,AFR,20,5000000,42,5.489999999999999e-09,1.9809378853406417e-08,model,2,101702,190,105.86585636343807,0.14998763892799616,0.14998763892799616,4.858181712217629,4.670697225257754,31.1405477054012,32.39054729403316,"[0.14998763892799616, 0.14866839814931154, 0.15028495714068413]","[4.670697225257754, 4.659541303291917, 4.684524143114686]",0.18748448695987463,median after one full-workload warmup; CPU subprocess includes parsing/initialization/serialization; GPU API includes preprocessing/cache/allocation/decoding/host transfer; neither compute measure is kernel-only,"[0.0, 0.0]",generations,"{'calibration_version': 1, 'time_units': 'generations', 'posterior_time_units': 'coalescent', 'time_scale_source': 'physical_mutation_rate', 'auto_estimate_theta': True, 'input_Ne': 10000.0, 'input_mu': 5.489999999999999e-09, 'input_rho': 1.9809378853406417e-08, 'physical_mu': 5.489999999999999e-09, 'kernel_mu': 1.1462492134902474e-07, 'kernel_rho': 4.135971754179863e-07, 'scaled_mutation_rate': 0.00458499685396099, 'scaled_recombination_rate': 0.016543887016719452, 'generations_per_coalescent_unit': 417577.1269545529, 'effective_Ne': 208788.56347727645, 'native_generations_per_coalescent_unit': 20000.0, 'generation_rescaling_factor': 20.878856347727645}","{'physical_mu': 5.489999999999999e-09, 'scaled_mutation_rate': 0.0045849965, 'generations_per_coalescent_unit': 417577.09471766854}",exact original tree-sequence sites; CPU subset by exact coordinate; no interpolation,ok,False,0.6001064947720016,0.5862699711794487,0.6136682340946435,190,0.5694768987987362,0.5588292803963776,0.5810159337180104,190,0.9653032014487104,0.964590408386429,0.9660149436131198,190,0.775812750881026,0.7515563299064099,0.7999528704648431,190,0.7802318278327065,0.755214165322796,0.80585677310433,190,0.12361913583460823,0.12334218231024155,0.12391107580120361,190,190,190,190
10,AraTha,SouthMiddleAtlas_1D17,SouthMiddleAtlas,20,5000000,42,7e-09,8.05407370072434e-10,model,2,53277,190,0.14954742044210434,0.0845108013600111,0.0845108013600111,4.872384539805353,4.779057702049613,56.54966732230008,57.65398577927664,"[0.0845108013600111, 0.08465956151485443, 0.08293310459703207]","[4.764193271286786, 4.831421171315014, 4.779057702049613]",0.09332683775573969,median after one full-workload warmup; CPU subprocess includes parsing/initialization/serialization; GPU API includes preprocessing/cache/allocation/decoding/host transfer; neither compute measure is kernel-only,"[0.0, 0.0]",generations,"{'calibration_version': 1, 'time_units': 'generations', 'posterior_time_units': 'coalescent', 'time_scale_source': 'physical_mutation_rate', 'auto_estimate_theta': True, 'input_Ne': 10000.0, 'input_mu': 7e-09, 'input_rho': 8.05407370072434e-10, 'physical_mu': 7e-09, 'kernel_mu': 8.275251480239702e-08, 'kernel_rho': 9.521355044839822e-09, 'scaled_mutation_rate': 0.003310100592095881, 'scaled_recombination_rate': 0.00038085420179359287, 'generations_per_coalescent_unit': 236435.7565782772, 'effective_Ne': 118217.8782891386, 'native_generations_per_coalescent_unit': 20000.0, 'generation_rescaling_factor': 11.82178782891386}","{'physical_mu': 7e-09, 'scaled_mutation_rate': 0.0033101006, 'generations_per_coalescent_unit': 236435.75714285715}",exact original tree-sequence sites; CPU subset by exact coordinate; no interpolation,ok,False,0.9251135029771809,0.9183753512463037,0.9375452809800677,189,0.926055536288209,0.9194844399366726,0.9383872994513545,189,0.9995811763256892,0.9995171074907895,0.9996654316814724,190,0.5309085877113533,0.5161308851161697,0.5425278520704824,190,0.5276643960672058,0.5132951907631096,0.5389283088448766,190,0.03765675681021926,0.03695519294796255,0.03838130909084868,190,189,189,190
11,AraTha,African2Epoch_1H18,SouthMiddleAtlas,20,5000000,42,7e-09,8.05407370072434e-10,model,2,62632,190,0.24155696388334036,0.09720063116401434,0.09720063116401434,4.979639161378145,4.87370634637773,50.140686207622856,51.23052290653962,"[0.0980393635109067, 0.09712731372565031, 0.09720063116401434]","[4.870460703037679, 4.876746157184243, 4.87370634637773]",0.10593281500041485,median after one full-workload warmup; CPU subprocess includes parsing/initialization/serialization; GPU API includes preprocessing/cache/allocation/decoding/host transfer; neither compute measure is kernel-only,"[0.0, 0.0]",generations,"{'calibration_version': 1, 'time_units': 'generations', 'posterior_time_units': 'coalescent', 'time_scale_source': 'physical_mutation_rate', 'auto_estimate_theta': True, 'input_Ne': 10000.0, 'input_mu': 7e-09, 'input_rho': 8.05407370072434e-10, 'physical_mu': 7e-09, 'kernel_mu': 9.339735490994866e-08, 'kernel_rho': 1.0746131141391927e-08, 'scaled_mutation_rate': 0.0037358941963979465, 'scaled_recombination_rate': 0.0004298452456556771, 'generations_per_coalescent_unit': 266849.58545699617, 'effective_Ne': 133424.79272849808, 'native_generations_per_coalescent_unit': 20000.0, 'generation_rescaling_factor': 13.342479272849808}","{'physical_mu': 7e-09, 'scaled_mutation_rate': 0.0037358939, 'generations_per_coalescent_unit': 266849.5642857143}",exact original tree-sequence sites; CPU subset by exact coordinate; no interpolation,ok,False,0.9083534506666682,0.8956285572186116,0.9198138298828156,189,0.9090004623357819,0.8965988123742261,0.9204840484369775,189,0.999662719193654,0.9996036114644355,0.9997318715983734,190,0.6564198342105341,0.6336854535572858,0.6764405801550114,190,0.6538353869462066,0.6308788076097027,0.674222897194642,190,0.03642839663725886,0.03554000893310437,0.03731122219753456,190,189,189,190
12,AnoGam,GabonAg1000G_1A17,GAS,20,5000000,42,3.5000000000000003e-09,1.3774490723212614e-08,model,2,101534,190,205.47479221317917,0.15050814673304558,0.15050814673304558,4.844313841313124,4.636552505195141,30.805990279176957,32.18638955076248,"[0.1521400874480605, 0.15029889438301325, 0.15050814673304558]","[4.636552505195141, 4.5832173293456435, 4.668049901723862]",0.20776133611798286,median after one full-workload warmup; CPU subprocess includes parsing/initialization/serialization; GPU API includes preprocessing/cache/allocation/decoding/host transfer; neither compute measure is kernel-only,"[0.0, 0.0]",generations,"{'calibration_version': 1, 'time_units': 'generations', 'posterior_time_units': 'coalescent', 'time_scale_source': 'physical_mutation_rate', 'auto_estimate_theta': True, 'input_Ne': 10000.0, 'input_mu': 3.5000000000000003e-09, 'input_rho': 1.3774490723212614e-08, 'physical_mu': 3.5000000000000003e-09, 'kernel_mu': 1.4127978255956511e-07, 'kernel_rho': 5.560163012126358e-07, 'scaled_mutation_rate': 0.005651191302382605, 'scaled_recombination_rate': 0.022240652048505432, 'generations_per_coalescent_unit': 807313.043197515, 'effective_Ne': 403656.5215987575, 'native_generations_per_coalescent_unit': 20000.0, 'generation_rescaling_factor': 40.36565215987575}","{'physical_mu': 3.5000000000000003e-09, 'scaled_mutation_rate': 0.0056511913, 'generations_per_coalescent_unit': 807313.0428571429}",exact original tree-sequence sites; CPU subset by exact coordinate; no interpolation,ok,False,0.7248609679562066,0.7191407787951131,0.73085707703183,190,0.6958105637982349,0.690535592551602,0.7007603362608953,190,0.9653454384353071,0.9648651290918902,0.9658708528351794,190,1.0370289269269382,1.0199511199424796,1.0578331320386387,190,1.0383268164884494,1.020308860071985,1.0595207785694152,190,0.13837119645736673,0.13798621065897512,0.13879862529737844,190,190,190,190
13,CanFam,EarlyWolfAdmixture_6F14,BSJ,20,5000000,42,4.000000000000001e-09,9.506483722244087e-09,model,2,9381,190,5.772774964570999,0.017137696966528893,0.017137696966528893,4.55957833584398,4.506636369973421,262.9662771360232,266.05548836282685,"[0.017573922872543335, 0.017137696966528893, 0.01687281485646963]","[4.506636369973421, 4.513157901354134, 4.503594794310629]",0.052941965870559216,median after one full-workload warmup; CPU subprocess includes parsing/initialization/serialization; GPU API includes preprocessing/cache/allocation/decoding/host transfer; neither compute measure is kernel-only,"[0.0, 0.0]",generations,"{'calibration_version': 1, 'time_units': 'generations', 'posterior_time_units': 'coalescent', 'time_scale_source': 'physical_mutation_rate', 'auto_estimate_theta': True, 'input_Ne': 10000.0, 'input_mu': 4.000000000000001e-09, 'input_rho': 9.506483722244087e-09, 'physical_mu': 4.000000000000001e-09, 'kernel_mu': 1.5170492441668847e-08, 'kernel_rho': 3.6054509863787954e-08, 'scaled_mutation_rate': 0.0006068196976667539, 'scaled_recombination_rate': 0.0014421803945515181, 'generations_per_coalescent_unit': 75852.46220834421, 'effective_Ne': 37926.231104172104, 'native_generations_per_coalescent_unit': 20000.0, 'generation_rescaling_factor': 3.7926231104172103}","{'physical_mu': 4.000000000000001e-09, 'scaled_mutation_rate': 0.0006068197, 'generations_per_coalescent_unit': 75852.46249999998}",exact original tree-sequence sites; CPU subset by exact coordinate; no interpolation,ok,False,0.8419417798580651,0.8256574942459751,0.8570353824887058,190,0.8412152989748705,0.8244102117103547,0.8566449331853109,190,0.9889410298435146,0.9872164661815002,0.9918623386664002,190,0.9856846500283665,0.9611699038852056,1.0140884269647912,190,0.9786348562514489,0.9532112239308032,1.008579325103355,190,0.1377980712177457,0.13576325349454024,0.13959067672520023,190,190,190,190
14,BosTau,HolsteinFriesian_1M13,Holstein_Friesian,20,5000000,42,1.2000000000000005e-08,9.260000000000002e-09,model,2,17974,190,0.9591731615364552,0.02993372082710266,0.02993372082710266,4.636593956500292,4.5741816982626915,152.8103280137872,154.89534305745966,"[0.030564075335860252, 0.02993372082710266, 0.029769022949039936]","[4.555076142773032, 4.578715386800468, 4.5741816982626915]",0.06241225823760033,median after one full-workload warmup; CPU subprocess includes parsing/initialization/serialization; GPU API includes preprocessing/cache/allocation/decoding/host transfer; neither compute measure is kernel-only,"[0.0, 0.0]",generations,"{'calibration_version': 1, 'time_units': 'generations', 'posterior_time_units': 'coalescent', 'time_scale_source': 'physical_mutation_rate', 'auto_estimate_theta': True, 'input_Ne': 10000.0, 'input_mu': 1.2000000000000005e-08, 'input_rho': 9.260000000000002e-09, 'physical_mu': 1.2000000000000005e-08, 'kernel_mu': 3.156743577152675e-08, 'kernel_rho': 2.435953793702814e-08, 'scaled_mutation_rate': 0.00126269743086107, 'scaled_recombination_rate': 0.0009743815174811255, 'generations_per_coalescent_unit': 52612.392952544564, 'effective_Ne': 26306.196476272282, 'native_generations_per_coalescent_unit': 20000.0, 'generation_rescaling_factor': 2.630619647627228}","{'physical_mu': 1.2000000000000005e-08, 'scaled_mutation_rate': 0.0012626975, 'generations_per_coalescent_unit': 52612.395833333314}",exact original tree-sequence sites; CPU subset by exact coordinate; no interpolation,ok,True,0.9193048357907131,0.9071571055055248,0.9308266409568248,187,0.9210992385141469,0.9089797525808845,0.9322247373850971,187,0.9988638974696328,0.9985080216944149,0.9991029737733302,190,0.9125263626506923,0.8846350006058765,0.9434277427531219,190,0.9055681175258381,0.8776857797098104,0.9359900108255936,190,0.10496862637075113,0.10086062991406608,0.10835593663553786,190,187,187,190
