name,position_GRCh38,population,derived_allele,observed_derived_count,n_haplotypes,popFreq_argument,coal,pin,df,tCutoff,CI,years_per_generation,converter_flip_count,reconciled_derived_count,logLR,-log10(p-value),Epoch1_start,Epoch1_end,SelectionMLE1,Epoch,95%_lower,95%_upper
GRK2,67407126,GIH,G,202,206,0.981,chr11_popsize.coal,b20dc5df6b8e6c93a1cfaf2ea6d0f09d04f4c52b,200,2000,0.95,28,0,202,3.7849,2.23,0,2000,0.00519,1,0.00218,0.00820
c11orf65,108387060,GIH,T,64,206,0.311,chr11_popsize.coal,b20dc5df6b8e6c93a1cfaf2ea6d0f09d04f4c52b,200,2000,0.95,28,0,64,0.1135,0.20,0,2000,-0.00068,1,-0.00350,0.00215
TREM2_41121942,41121942,IBS,A,208,314,0.6624203821656051,chr6_IBS_corrected.coal,b20dc5df6b8e6c93a1cfaf2ea6d0f09d04f4c52b,200,2000,0.95,28,0,208,0.0445,0.12,0,2000,0.00054,1,-0.00286,0.00394
TREM2_41137356,41137356,IBS,T,175,314,0.5573248407643312,chr6_IBS_corrected.coal,b20dc5df6b8e6c93a1cfaf2ea6d0f09d04f4c52b,200,2000,0.95,28,2,173,2.4666,1.58,0,2000,0.00361,1,0.00050,0.00672
TREM2_41166068,41166068,IBS,G,179,314,0.5700636942675159,chr6_IBS_corrected.coal,b20dc5df6b8e6c93a1cfaf2ea6d0f09d04f4c52b,200,2000,0.95,28,0,179,1.4805,1.07,0,2000,0.00240,1,-0.00032,0.00512
TREM2_41176920,41176920,IBS,C,212,314,0.6751592356687898,chr6_IBS_corrected.coal,b20dc5df6b8e6c93a1cfaf2ea6d0f09d04f4c52b,200,2000,0.95,28,0,212,0.7420,0.65,0,2000,0.00198,1,-0.00106,0.00501
TREM2_41189316,41189316,IBS,T,203,314,0.6464968152866242,chr6_IBS_corrected.coal,b20dc5df6b8e6c93a1cfaf2ea6d0f09d04f4c52b,200,2000,0.95,28,15,218,0.0499,0.12,0,2000,0.00048,1,-0.00272,0.00369
TREM2_41189932,41189932,IBS,C,111,314,0.3535031847133758,chr6_IBS_corrected.coal,b20dc5df6b8e6c93a1cfaf2ea6d0f09d04f4c52b,200,2000,0.95,28,0,111,0.7963,0.68,0,2000,-0.00185,1,-0.00463,0.00093
TREM2_41191484,41191484,IBS,G,203,314,0.6464968152866242,chr6_IBS_corrected.coal,b20dc5df6b8e6c93a1cfaf2ea6d0f09d04f4c52b,200,2000,0.95,28,0,203,1.1881,0.91,0,2000,0.00193,1,-0.00050,0.00436
BPIFA2,33251230,GIH,C,153,206,0.7427184466019418,chr20_popsize.coal,b20dc5df6b8e6c93a1cfaf2ea6d0f09d04f4c52b,200,2000,0.95,28,4,149,2.6746,1.68,0,2000,0.00378,1,0.00076,0.00681
SLC6A15,84886570,CHS,C,322,326,0.9877300613496932,chr12_popsize.coal,b20dc5df6b8e6c93a1cfaf2ea6d0f09d04f4c52b,200,2000,0.95,28,0,322,6.4052,3.46,0,2000,0.00675,1,0.00366,0.00984
CCDC92,123959862,CDX,C,172,186,0.9247311827956989,chr12_CDX_corrected.coal,b20dc5df6b8e6c93a1cfaf2ea6d0f09d04f4c52b,200,2000,0.95,28,0,172,3.4066,2.04,0,2000,0.00438,1,0.00141,0.00735
CLEC6A,8945337,CDX,C,123,186,0.6612903225806451,chr12_CDX_corrected.coal,b20dc5df6b8e6c93a1cfaf2ea6d0f09d04f4c52b,200,2000,0.95,28,0,123,0.0404,0.11,0,2000,0.00044,1,-0.00264,0.00351
