locus_id,gene_id,gene_name,representative_gene
chr1:25222276-25362361,ENSG00000117614.10,SYF2,SYF2
chr1:25222276-25362361,ENSG00000183726.11,TMEM50A,SYF2
chr1:26693236-27851676,ENSG00000117713.21,ARID1A,PIGV
chr1:26693236-27851676,ENSG00000060642.12,PIGV,PIGV
chr1:26693236-27851676,ENSG00000204160.12,ZDHHC18,PIGV
chr1:26693236-27851676,ENSG00000142751.15,GPN2,PIGV
chr1:26693236-27851676,ENSG00000198746.13,GPATCH3,PIGV
chr1:26693236-27851676,ENSG00000090273.14,NUDC,PIGV
chr1:26693236-27851676,ENSG00000131910.5,NR0B2,PIGV
chr1:26693236-27851676,ENSG00000158246.8,TENT5B,PIGV
chr1:26693236-27851676,ENSG00000009780.16,FAM76A,PIGV
chr1:26693236-27851676,ENSG00000117758.14,STX12,PIGV
chr1:26693236-27851676,ENSG00000117751.18,PPP1R8,PIGV
chr1:32292083-32496686,ENSG00000116478.12,HDAC1,TSSK3
chr1:32292083-32496686,ENSG00000162526.7,TSSK3,TSSK3
chr1:32292083-32496686,ENSG00000225828.2,FAM229A,TSSK3
chr1:32292083-32496686,ENSG00000160058.19,BSDC1,TSSK3
chr1:32292083-32496686,ENSG00000273274.2,ZBTB8B,TSSK3
chr1:34974356-36093932,ENSG00000284773.1,ENSG00000284773,PSMB2
chr1:34974356-36093932,ENSG00000243749.2,TMEM35B,PSMB2
chr1:34974356-36093932,ENSG00000271741.1,ENSG00000271741,PSMB2
chr1:34974356-36093932,ENSG00000163867.17,ZMYM6,PSMB2
chr1:34974356-36093932,ENSG00000197056.11,ZMYM1,PSMB2
chr1:34974356-36093932,ENSG00000116560.12,SFPQ,PSMB2
chr1:34974356-36093932,ENSG00000146463.12,ZMYM4,PSMB2
chr1:34974356-36093932,ENSG00000142687.19,KIAA0319L,PSMB2
chr1:34974356-36093932,ENSG00000020129.16,NCDN,PSMB2
chr1:34974356-36093932,ENSG00000116819.9,TFAP2E,PSMB2
chr1:34974356-36093932,ENSG00000126067.12,PSMB2,PSMB2
chr1:34974356-36093932,ENSG00000142686.8,C1orf216,PSMB2
chr1:34974356-36093932,ENSG00000134698.11,AGO4,PSMB2
chr1:34974356-36093932,ENSG00000092847.14,AGO1,PSMB2
chr1:34974356-36093932,ENSG00000126070.20,AGO3,PSMB2
chr1:34974356-36093932,ENSG00000092850.12,TEKT2,PSMB2
chr1:34974356-36093932,ENSG00000116863.11,ADPRS,PSMB2
chr1:51236273-52420836,ENSG00000123091.5,RNF11,RNF11
chr1:51236273-52420836,ENSG00000085832.18,EPS15,RNF11
chr1:51236273-52420836,ENSG00000117862.14,TXNDC12,RNF11
chr1:51236273-52420836,ENSG00000285839.1,ENSG00000285839,RNF11
chr1:51236273-52420836,ENSG00000198841.4,KTI12,RNF11
chr1:51236273-52420836,ENSG00000134748.13,PRPF38A,RNF11
chr1:53946077-53968168,ENSG00000116212.16,LRRC42,LRRC42
chr1:70144805-70253052,ENSG00000066557.6,LRRC40,SRSF11
chr1:70144805-70253052,ENSG00000116754.14,SRSF11,SRSF11
chr1:86914635-87109982,ENSG00000153936.18,HS2ST1,HS2ST1
chr1:92080305-92486925,ENSG00000189195.15,BTBD8,GLMN
chr1:92080305-92486925,ENSG00000203910.9,C1orf146,GLMN
chr1:92080305-92486925,ENSG00000174842.17,GLMN,GLMN
chr1:92080305-92486925,ENSG00000122484.9,RPAP2,GLMN
chr1:92080305-92486925,ENSG00000162676.13,GFI1,GLMN
chr1:99969351-100083321,ENSG00000117620.15,SLC35A3,SLC35A3
chr1:99969351-100083321,ENSG00000283761.1,ENSG00000283761,SLC35A3
chr1:116372668-116410261,ENSG00000163399.16,ATP1A1,ATP1A1
chr1:149884459-150145329,ENSG00000184678.11,H2BC21,H2BC21
chr1:149884459-150145329,ENSG00000178096.9,BOLA1,H2BC21
chr1:149884459-150145329,ENSG00000136631.16,VPS45,H2BC21
chr1:152084141-152089064,ENSG00000182898.4,TCHHL1,TCHHL1
chr1:154957026-154994315,ENSG00000163348.4,PYGO2,PYGO2
chr1:154957026-154994315,ENSG00000160691.19,SHC1,PYGO2
chr1:154957026-154994315,ENSG00000173207.13,CKS1B,PYGO2
chr1:154957026-154994315,ENSG00000160688.19,FLAD1,PYGO2
chr1:154957026-154994315,ENSG00000163352.6,LENEP,PYGO2
chr1:161070998-161178013,ENSG00000143217.9,NECTIN4,NIT1
chr1:161070998-161178013,ENSG00000162755.14,KLHDC9,NIT1
chr1:161070998-161178013,ENSG00000158793.14,NIT1,NIT1
chr1:161070998-161178013,ENSG00000158796.17,DEDD,NIT1
chr1:161070998-161178013,ENSG00000143222.12,UFC1,NIT1
chr1:161070998-161178013,ENSG00000143258.17,USP21,NIT1
chr1:161070998-161178013,ENSG00000143224.18,PPOX,NIT1
chr1:161070998-161178013,ENSG00000158850.15,B4GALT3,NIT1
chr1:248590487-248597700,ENSG00000184022.4,OR2T10,OR2T10
chr2:17510579-17788946,ENSG00000214842.6,RAD51AP2,GEN1
chr2:17510579-17788946,ENSG00000178295.15,GEN1,GEN1
chr2:62673851-63057836,ENSG00000115504.15,EHBP1,OTX1
chr2:62673851-63057836,ENSG00000115507.10,OTX1,OTX1
chr2:68459422-68467294,ENSG00000204923.4,FBXO48,FBXO48
chr2:72175984-72936071,ENSG00000144036.16,EXOC6B,EXOC6B
chr2:72175984-72936071,ENSG00000116096.7,SPR,EXOC6B
chr2:72175984-72936071,ENSG00000135638.14,EMX1,EXOC6B
chr2:74526645-74648338,ENSG00000115307.17,AUP1,DOK1
chr2:74526645-74648338,ENSG00000115317.13,HTRA2,DOK1
chr2:74526645-74648338,ENSG00000115318.12,LOXL3,DOK1
chr2:74526645-74648338,ENSG00000115325.14,DOK1,DOK1
chr2:74526645-74648338,ENSG00000159374.18,M1AP,DOK1
chr2:95025677-96858016,ENSG00000172005.11,MAL,MRPS5
chr2:95025677-96858016,ENSG00000144029.14,MRPS5,MRPS5
chr2:95025677-96858016,ENSG00000289685.2,ENSG00000289685,MRPS5
chr2:95025677-96858016,ENSG00000144026.14,ZNF514,MRPS5
chr2:95025677-96858016,ENSG00000275111.5,ZNF2,MRPS5
chr2:95025677-96858016,ENSG00000233757.7,ZNF892,MRPS5
chr2:95025677-96858016,ENSG00000155066.16,PROM2,MRPS5
chr2:95025677-96858016,ENSG00000084090.14,STARD7,MRPS5
chr2:95025677-96858016,ENSG00000135956.10,TMEM127,MRPS5
chr2:95025677-96858016,ENSG00000144021.3,CIAO1,MRPS5
chr2:95025677-96858016,ENSG00000144028.15,SNRNP200,MRPS5
chr2:95025677-96858016,ENSG00000213337.9,ANKRD39,MRPS5
chr2:110637528-110678063,ENSG00000169679.15,BUB1,BUB1
chr2:151788984-151828492,ENSG00000162980.17,ARL5A,ARL5A
chr2:157257705-157327713,ENSG00000136542.9,GALNT5,ERMN
chr2:157257705-157327713,ENSG00000136541.15,ERMN,ERMN
chr2:162170684-162371595,ENSG00000078098.15,FAP,IFIH1
chr2:162170684-162371595,ENSG00000115267.10,IFIH1,IFIH1
chr2:162170684-162371595,ENSG00000115271.11,GCA,IFIH1
chr2:196763035-196927796,ENSG00000119041.11,GTF3C3,C2orf66
chr2:196763035-196927796,ENSG00000187944.5,C2orf66,C2orf66
chr2:196763035-196927796,ENSG00000197121.15,PGAP1,C2orf66
chr2:200889327-201071671,ENSG00000196290.17,NIF3L1,ORC2
chr2:200889327-201071671,ENSG00000115942.9,ORC2,ORC2
chr2:200889327-201071671,ENSG00000155744.10,HYCC2,ORC2
chr2:218981087-218993422,ENSG00000163497.3,FEV,FEV
chr2:218981087-218993422,ENSG00000163499.12,CRYBA2,FEV
chr3:38138552-38143024,ENSG00000172936.18,MYD88,MYD88
chr3:44555193-44648471,ENSG00000196345.13,ZKSCAN7,ZNF660
chr3:44555193-44648471,ENSG00000144792.9,ZNF660,ZNF660
chr3:44555193-44648471,ENSG00000186448.15,ZNF197,ZNF660
chr3:48517684-52423641,ENSG00000114268.12,PFKFB4,P4HTM
chr3:48517684-52423641,ENSG00000145040.4,UCN2,P4HTM
chr3:48517684-52423641,ENSG00000114270.18,COL7A1,P4HTM
chr3:48517684-52423641,ENSG00000010256.12,UQCRC1,P4HTM
chr3:48517684-52423641,ENSG00000183396.4,TMEM89,P4HTM
chr3:48517684-52423641,ENSG00000225697.13,SLC26A6,P4HTM
chr3:48517684-52423641,ENSG00000008300.17,CELSR3,P4HTM
chr3:48517684-52423641,ENSG00000213672.8,NCKIPSD,P4HTM
chr3:48517684-52423641,ENSG00000114302.17,PRKAR2A,P4HTM
chr3:48517684-52423641,ENSG00000178537.10,SLC25A20,P4HTM
chr3:48517684-52423641,ENSG00000177479.20,ARIH2,P4HTM
chr3:48517684-52423641,ENSG00000178467.18,P4HTM,P4HTM
chr3:48517684-52423641,ENSG00000178252.19,WDR6,P4HTM
chr3:48517684-52423641,ENSG00000178149.17,DALRD3,P4HTM
chr3:48517684-52423641,ENSG00000178057.15,NDUFAF3,P4HTM
chr3:48517684-52423641,ENSG00000178035.13,IMPDH2,P4HTM
chr3:48517684-52423641,ENSG00000290315.1,ENSG00000290315,P4HTM
chr3:48517684-52423641,ENSG00000198218.12,QRICH1,P4HTM
chr3:48517684-52423641,ENSG00000172053.18,QARS1,P4HTM
chr3:48517684-52423641,ENSG00000172046.21,USP19,P4HTM
chr3:48517684-52423641,ENSG00000172037.14,LAMB2,P4HTM
chr3:48517684-52423641,ENSG00000177352.10,CCDC71,P4HTM
chr3:48517684-52423641,ENSG00000185909.15,KLHDC8B,P4HTM
chr3:48517684-52423641,ENSG00000236980.10,C3orf84,P4HTM
chr3:48517684-52423641,ENSG00000173421.17,IHO1,P4HTM
chr3:48517684-52423641,ENSG00000114316.13,USP4,P4HTM
chr3:48517684-52423641,ENSG00000164062.13,APEH,P4HTM
chr3:48517684-52423641,ENSG00000012171.20,SEMA3B,P4HTM
chr3:48517684-52423641,ENSG00000179564.4,LSMEM2,P4HTM
chr3:48517684-52423641,ENSG00000214706.12,IFRD2,P4HTM
chr3:48517684-52423641,ENSG00000114383.10,TUSC2,P4HTM
chr3:48517684-52423641,ENSG00000114388.14,NPRL2,P4HTM
chr3:48517684-52423641,ENSG00000114395.11,CYB561D2,P4HTM
chr3:48517684-52423641,ENSG00000272104.1,ENSG00000272104,P4HTM
chr3:48517684-52423641,ENSG00000126062.4,TMEM115,P4HTM
chr3:48517684-52423641,ENSG00000114737.16,CISH,P4HTM
chr3:48517684-52423641,ENSG00000145050.19,MANF,P4HTM
chr3:48517684-52423641,ENSG00000259956.2,RBM15B,P4HTM
chr3:48517684-52423641,ENSG00000164080.14,RAD54L2,P4HTM
chr3:48517684-52423641,ENSG00000164081.13,TEX264,P4HTM
chr3:48517684-52423641,ENSG00000164082.15,GRM2,P4HTM
chr3:48517684-52423641,ENSG00000285749.3,ENSG00000285749,P4HTM
chr3:48517684-52423641,ENSG00000114767.7,RRP9,P4HTM
chr3:48517684-52423641,ENSG00000041880.15,PARP3,P4HTM
chr3:48517684-52423641,ENSG00000180929.6,GPR62,P4HTM
chr3:48517684-52423641,ENSG00000090097.22,PCBP4,P4HTM
chr3:48517684-52423641,ENSG00000162244.12,RPL29,P4HTM
chr3:48517684-52423641,ENSG00000163930.10,BAP1,P4HTM
chr3:48517684-52423641,ENSG00000010318.22,PHF7,P4HTM
chr3:94047836-94063389,ENSG00000178700.9,DHFR2,DHFR2
chr3:107522936-107811339,ENSG00000114439.19,BBX,BBX
chr3:129060779-129122801,ENSG00000169704.5,GP9,RAB43
chr3:129060779-129122801,ENSG00000172780.17,RAB43,RAB43
chr3:138261437-138329886,ENSG00000181322.15,NME9,NME9
chr3:140941830-140980995,ENSG00000114120.14,SLC25A36,SLC25A36
chr4:1871393-1982207,ENSG00000109685.19,NSD2,NSD2
chr4:41935129-42152878,ENSG00000109133.14,TMEM33,DCAF4L1
chr4:41935129-42152878,ENSG00000182308.7,DCAF4L1,DCAF4L1
chr4:41935129-42152878,ENSG00000014824.14,SLC30A9,DCAF4L1
chr4:41935129-42152878,ENSG00000188848.17,BEND4,DCAF4L1
chr4:51993652-52751586,ENSG00000188993.4,LRRC66,SGCB
chr4:51993652-52751586,ENSG00000163069.13,SGCB,SGCB
chr4:51993652-52751586,ENSG00000109189.13,USP46,SGCB
chr4:51993652-52751586,ENSG00000226887.8,ERVMER34-1,SGCB
chr4:70704204-70839897,ENSG00000018189.13,RUFY3,GRSF1
chr4:70704204-70839897,ENSG00000132463.15,GRSF1,GRSF1
chr4:78776342-78916365,ENSG00000138756.19,BMP2K,BMP2K
chr4:105708778-105847725,ENSG00000138780.15,GSTCD,GSTCD
chr4:127880893-127899224,ENSG00000142731.11,PLK4,PLK4
chr4:145098288-145129524,ENSG00000164163.11,ABCE1,ABCE1
chr4:147617386-147684163,ENSG00000164168.8,TMEM184C,PRMT9
chr4:147617386-147684163,ENSG00000164169.13,PRMT9,PRMT9
chr5:41730065-41941743,ENSG00000083720.13,OXCT1,FBXO4
chr5:41730065-41941743,ENSG00000205765.10,RIMOC1,FBXO4
chr5:41730065-41941743,ENSG00000151876.13,FBXO4,FBXO4
chr5:69492292-69558104,ENSG00000197822.12,OCLN,OCLN
chr5:93733220-93741600,ENSG00000248483.7,POU5F2,POU5F2
chr5:139273752-140129392,ENSG00000280987.4,MATR3,IGIP
chr5:139273752-140129392,ENSG00000170476.16,MZB1,IGIP
chr5:139273752-140129392,ENSG00000228672.4,PROB1,IGIP
chr5:139273752-140129392,ENSG00000170469.11,SPATA24,IGIP
chr5:139273752-140129392,ENSG00000279686.1,ENSG00000279686,IGIP
chr5:139273752-140129392,ENSG00000249751.4,ECSCR,IGIP
chr5:139273752-140129392,ENSG00000185129.8,PURA,IGIP
chr5:139273752-140129392,ENSG00000182700.5,IGIP,IGIP
chr5:148268180-148286255,ENSG00000214510.10,SPINK13,SPINK13
chr6:10671418-10709782,ENSG00000137434.12,C6orf52,C6orf52
chr6:10671418-10709782,ENSG00000111845.5,PAK1IP1,C6orf52
chr6:21593751-21598619,ENSG00000124766.7,SOX4,SOX4
chr6:35342558-35428191,ENSG00000112033.14,PPARD,PPARD
chr6:50042099-50049929,ENSG00000180872.7,DEFB112,DEFB112
chr6:56955107-57222307,ENSG00000151917.18,BEND6,BAG2
chr6:56955107-57222307,ENSG00000112208.11,BAG2,BAG2
chr6:56955107-57222307,ENSG00000112210.12,RAB23,BAG2
chr6:83853360-83967423,ENSG00000203877.9,RIPPLY2,RIPPLY2
chr6:83853360-83967423,ENSG00000065615.14,CYB5R4,RIPPLY2
chr6:125956770-126348875,ENSG00000111911.7,HINT3,CENPW
chr6:125956770-126348875,ENSG00000066651.20,TRMT11,CENPW
chr6:125956770-126348875,ENSG00000203760.9,CENPW,CENPW
chr6:136231024-136289851,ENSG00000146410.12,MTFR2,BCLAF1
chr6:136231024-136289851,ENSG00000029363.17,BCLAF1,BCLAF1
chr7:73536356-73557690,ENSG00000106635.8,BCL7B,BCL7B
chr7:94656325-94669695,ENSG00000242265.6,PEG10,PEG10
chr7:99598267-100464260,ENSG00000244219.7,TMEM225B,CYP3A5
chr7:99598267-100464260,ENSG00000197037.11,ZSCAN25,CYP3A5
chr7:99598267-100464260,ENSG00000106258.16,CYP3A5,CYP3A5
chr7:99598267-100464260,ENSG00000185955.5,SPACDR,CYP3A5
chr7:112762377-112790423,ENSG00000146802.13,TMEM168,TMEM168
chr8:37695782-38409527,ENSG00000183779.7,ZNF703,PLPP5
chr8:37695782-38409527,ENSG00000147475.17,ERLIN2,PLPP5
chr8:37695782-38409527,ENSG00000156735.11,BAG4,PLPP5
chr8:37695782-38409527,ENSG00000085788.14,DDHD2,PLPP5
chr8:37695782-38409527,ENSG00000147535.17,PLPP5,PLPP5
chr8:37695782-38409527,ENSG00000147548.17,NSD3,PLPP5
chr8:37695782-38409527,ENSG00000165046.13,LETM2,PLPP5
chr8:42271302-43077334,ENSG00000104365.16,IKBKB,VDAC3
chr8:42271302-43077334,ENSG00000070501.12,POLB,VDAC3
chr8:42271302-43077334,ENSG00000104371.5,DKK4,VDAC3
chr8:42271302-43077334,ENSG00000078668.14,VDAC3,VDAC3
chr8:42271302-43077334,ENSG00000131931.8,THAP1,VDAC3
chr8:42271302-43077334,ENSG00000120925.16,RNF170,VDAC3
chr8:42271302-43077334,ENSG00000168172.9,HOOK3,VDAC3
chr8:42271302-43077334,ENSG00000254673.1,ENSG00000254673,VDAC3
chr8:47773111-48921740,ENSG00000253729.9,PRKDC,MCM4
chr8:47773111-48921740,ENSG00000104738.19,MCM4,MCM4
chr8:47773111-48921740,ENSG00000019549.13,SNAI2,MCM4
chr8:66562175-67056604,ENSG00000185697.17,MYBL1,PPP1R42
chr8:66562175-67056604,ENSG00000288602.1,C8orf44-SGK3,PPP1R42
chr8:66562175-67056604,ENSG00000104205.16,SGK3,PPP1R42
chr8:66562175-67056604,ENSG00000178460.18,MCMDC2,PPP1R42
chr8:66562175-67056604,ENSG00000261787.2,TCF24,PPP1R42
chr8:66562175-67056604,ENSG00000178125.15,PPP1R42,PPP1R42
chr8:81280536-81284777,ENSG00000164687.11,FABP5,FABP5
chr8:91954972-92103385,ENSG00000079102.18,RUNX1T1,RUNX1T1
chr8:98944403-98952104,ENSG00000164920.10,OSR2,OSR2
chr8:123219967-123275541,ENSG00000189376.12,C8orf76,ZHX1
chr8:123219967-123275541,ENSG00000259305.6,ZHX1-C8orf76,ZHX1
chr8:123219967-123275541,ENSG00000165156.15,ZHX1,ZHX1
chr8:144078642-144140851,ENSG00000290230.1,ENSG00000290230,HGH1
chr8:144078642-144140851,ENSG00000178896.9,EXOSC4,HGH1
chr8:144078642-144140851,ENSG00000197858.12,GPAA1,HGH1
chr8:144078642-144140851,ENSG00000235173.7,HGH1,HGH1
chr9:71862452-71911193,ENSG00000107362.14,ABHD17B,ABHD17B
chr9:92383268-92404696,ENSG00000106809.11,OGN,OGN
chr9:96639577-96778129,ENSG00000158122.12,PRXL2C,ZNF510
chr9:96639577-96778129,ENSG00000081386.13,ZNF510,ZNF510
chr9:97926791-97944856,ENSG00000136929.13,HEMGN,HEMGN
chr9:99216425-99230615,ENSG00000119523.10,ALG2,ALG2
chr9:99216425-99230615,ENSG00000106803.10,SEC61B,ALG2
chr9:113410054-113429690,ENSG00000157653.12,C9orf43,C9orf43
chr9:120792403-120801787,ENSG00000214654.9,B3GALT9,B3GALT9
chr9:122723990-122750783,ENSG00000136939.1,OR1L4,OR1L4
chr9:122723990-122750783,ENSG00000171459.4,OR1L6,OR1L4
chr9:128683424-128696400,ENSG00000119335.18,SET,SET
chr9:136850943-136860799,ENSG00000177943.14,MAMDC4,MAMDC4
chr10:22316386-22454224,ENSG00000148444.16,COMMD3,BMI1
chr10:22316386-22454224,ENSG00000269897.5,COMMD3-BMI1,BMI1
chr10:22316386-22454224,ENSG00000168283.14,BMI1,BMI1
chr10:22316386-22454224,ENSG00000077327.16,SPAG6,BMI1
chr10:59176643-59247774,ENSG00000165443.12,PHYHIPL,PHYHIPL
chr10:72893584-73626117,ENSG00000138315.13,OIT3,PPP3CB
chr10:72893584-73626117,ENSG00000138308.6,PLA2G12B,PPP3CB
chr10:72893584-73626117,ENSG00000122884.13,P4HA1,PPP3CB
chr10:72893584-73626117,ENSG00000166321.14,NUDT13,PPP3CB
chr10:72893584-73626117,ENSG00000122882.11,ECD,PPP3CB
chr10:72893584-73626117,ENSG00000138286.15,FAM149B1,PPP3CB
chr10:72893584-73626117,ENSG00000213551.7,DNAJC9,PPP3CB
chr10:72893584-73626117,ENSG00000182180.14,MRPS16,PPP3CB
chr10:72893584-73626117,ENSG00000156042.19,CFAP70,PPP3CB
chr10:72893584-73626117,ENSG00000138279.16,ANXA7,PPP3CB
chr10:72893584-73626117,ENSG00000166343.10,MSS51,PPP3CB
chr10:72893584-73626117,ENSG00000107758.16,PPP3CB,PPP3CB
chr10:72893584-73626117,ENSG00000166348.20,USP54,PPP3CB
chr10:74824927-75032624,ENSG00000156650.14,KAT6B,KAT6B
chr10:87859158-87863533,ENSG00000227268.5,KLLN,KLLN
chr10:91409280-91514829,ENSG00000165338.17,HECTD2,HECTD2
chr10:101770109-101780371,ENSG00000107831.14,FGF8,FGF8
chr10:114938195-114977676,ENSG00000165832.6,TRUB1,TRUB1
chr11:46383789-46674818,ENSG00000180720.8,CHRM4,AMBRA1
chr11:46383789-46674818,ENSG00000110497.15,AMBRA1,AMBRA1
chr11:46383789-46674818,ENSG00000180423.4,HARBI1,AMBRA1
chr11:46383789-46674818,ENSG00000175224.17,ATG13,AMBRA1
chr11:55662201-55666195,ENSG00000181903.7,OR4C6,OR4C6
chr11:59636716-59845499,ENSG00000166889.14,PATL1,MRPL16
chr11:59636716-59845499,ENSG00000166902.5,MRPL16,MRPL16
chr11:59636716-59845499,ENSG00000134812.8,CBLIF,MRPL16
chr11:61102489-61295316,ENSG00000110448.11,CD5,VPS37C
chr11:61102489-61295316,ENSG00000167987.11,VPS37C,VPS37C
chr11:61102489-61295316,ENSG00000167992.14,VWCE,VPS37C
chr11:62559603-62591637,ENSG00000255508.7,ENSG00000255508,TUT1
chr11:62559603-62591637,ENSG00000149016.16,TUT1,TUT1
chr11:63759892-63768775,ENSG00000188070.9,ZFTA,ZFTA
chr11:66590176-67425607,ENSG00000182791.5,CCDC87,GRK2
chr11:66590176-67425607,ENSG00000173992.9,CCS,GRK2
chr11:66590176-67425607,ENSG00000239306.5,RBM14,GRK2
chr11:66590176-67425607,ENSG00000173898.16,SPTBN2,GRK2
chr11:66590176-67425607,ENSG00000173715.19,TOP6BL,GRK2
chr11:66590176-67425607,ENSG00000173120.15,KDM2A,GRK2
chr11:66590176-67425607,ENSG00000173020.11,GRK2,GRK2
chr11:66590176-67425607,ENSG00000172932.16,ANKRD13D,GRK2
chr11:66590176-67425607,ENSG00000172830.13,SSH3,GRK2
chr11:66590176-67425607,ENSG00000172613.8,RAD9A,GRK2
chr11:66590176-67425607,ENSG00000175482.9,POLD4,GRK2
chr11:66590176-67425607,ENSG00000256514.1,ENSG00000256514,GRK2
chr11:66590176-67425607,ENSG00000175505.11,CLCF1,GRK2
chr11:66590176-67425607,ENSG00000172531.16,PPP1CA,GRK2
chr11:66590176-67425607,ENSG00000175463.12,TBC1D10C,GRK2
chr11:66590176-67425607,ENSG00000172508.11,CARNS1,GRK2
chr11:118401602-118531197,ENSG00000285827.1,ENSG00000285827,KMT2A
chr11:118401602-118531197,ENSG00000118058.25,KMT2A,KMT2A
chr11:118401602-118531197,ENSG00000172425.12,TTC36,KMT2A
chr12:15620134-15903478,ENSG00000151491.14,EPS8,STRAP
chr12:15620134-15903478,ENSG00000023734.11,STRAP,STRAP
chr12:49366584-49764934,ENSG00000123352.18,SPATS2,FMNL3
chr12:49366584-49764934,ENSG00000135519.8,KCNH3,FMNL3
chr12:49366584-49764934,ENSG00000187778.14,MCRS1,FMNL3
chr12:49366584-49764934,ENSG00000110844.14,PRPF40B,FMNL3
chr12:49366584-49764934,ENSG00000135436.8,FAM186B,FMNL3
chr12:49366584-49764934,ENSG00000161791.14,FMNL3,FMNL3
chr12:49366584-49764934,ENSG00000139644.13,TMBIM6,FMNL3
chr12:53500921-54301015,ENSG00000139546.12,TARBP2,NFE2
chr12:53500921-54301015,ENSG00000123405.14,NFE2,NFE2
chr12:56158346-56362857,ENSG00000092841.19,MYL6,APOF
chr12:56158346-56362857,ENSG00000139613.12,SMARCC2,APOF
chr12:56158346-56362857,ENSG00000139645.11,ANKRD52,APOF
chr12:56158346-56362857,ENSG00000135469.14,COQ10A,APOF
chr12:56158346-56362857,ENSG00000257727.6,CNPY2,APOF
chr12:56158346-56362857,ENSG00000110944.9,IL23A,APOF
chr12:56158346-56362857,ENSG00000170581.15,STAT2,APOF
chr12:56158346-56362857,ENSG00000175336.10,APOF,APOF
chr12:57797376-57818734,ENSG00000135407.11,AVIL,AVIL
chr12:79773563-79935460,ENSG00000058272.19,PPP1R12A,PPP1R12A
chr12:82358528-82479239,ENSG00000127720.8,METTL25,METTL25
chr12:84859491-84913629,ENSG00000072041.18,SLC6A15,SLC6A15
chr12:91140484-91183217,ENSG00000011465.18,DCN,DCN
chr12:110491083-110704950,ENSG00000111237.19,VPS29,HVCN1
chr12:110491083-110704950,ENSG00000204852.17,TCTN1,HVCN1
chr12:110491083-110704950,ENSG00000122986.14,HVCN1,HVCN1
chr13:38349849-38363619,ENSG00000120686.12,UFM1,UFM1
chr14:44897275-45135319,ENSG00000179476.8,C14orf28,FKBP3
chr14:44897275-45135319,ENSG00000179454.14,KLHL28,FKBP3
chr14:44897275-45135319,ENSG00000198718.13,TOGARAM1,FKBP3
chr14:44897275-45135319,ENSG00000185246.18,PRPF39,FKBP3
chr14:44897275-45135319,ENSG00000100442.11,FKBP3,FKBP3
chr14:58395928-58408702,ENSG00000196860.8,TOMM20L,TOMM20L
chr15:43197227-43221018,ENSG00000166947.15,EPB42,EPB42
chr15:44288719-44663688,ENSG00000166734.20,GOLM2,GOLM2
chr15:44288719-44663688,ENSG00000104131.13,EIF3J,GOLM2
chr15:44288719-44663688,ENSG00000104133.16,SPG11,GOLM2
chr15:64364304-65185342,ENSG00000166803.14,PCLAF,PCLAF
chr15:64364304-65185342,ENSG00000103671.10,TRIP4,PCLAF
chr15:64364304-65185342,ENSG00000246922.10,UBAP1L,PCLAF
chr15:64364304-65185342,ENSG00000090470.15,PDCD7,PCLAF
chr15:64364304-65185342,ENSG00000166855.9,CLPX,PCLAF
chr15:69414246-69456205,ENSG00000137807.16,KIF23,KIF23
chr15:69414246-69456205,ENSG00000137818.12,RPLP1,KIF23
chr15:72266746-72408367,ENSG00000273025.1,ENSG00000273025,CELF6
chr15:72266746-72408367,ENSG00000140488.16,CELF6,CELF6
chr15:72266746-72408367,ENSG00000260729.1,ENSG00000260729,CELF6
chr15:72266746-72408367,ENSG00000213614.11,HEXA,CELF6
chr15:72266746-72408367,ENSG00000187806.9,TMEM202,CELF6
chr15:74630558-74696292,ENSG00000179151.13,EDC3,EDC3
chr15:88459477-88480776,ENSG00000259494.2,MRPL46,MRPL46
chr15:88459477-88480776,ENSG00000181991.16,MRPS11,MRPL46
chr16:14435700-14694308,ENSG00000140694.18,PARN,PLA2G10
chr16:14435700-14694308,ENSG00000103429.11,BFAR,PLA2G10
chr16:14435700-14694308,ENSG00000069764.10,PLA2G10,PLA2G10
chr16:21639550-22001116,ENSG00000140749.9,IGSF6,PDZD9
chr16:21639550-22001116,ENSG00000140740.11,UQCRC2,PDZD9
chr16:21639550-22001116,ENSG00000155714.14,PDZD9,PDZD9
chr16:29778256-31917357,ENSG00000174992.8,ZG16,CTF1
chr16:29778256-31917357,ENSG00000079616.14,KIF22,CTF1
chr16:29778256-31917357,ENSG00000103495.15,MAZ,CTF1
chr16:29778256-31917357,ENSG00000167371.21,PRRT2,CTF1
chr16:29778256-31917357,ENSG00000280893.1,ENSG00000280893,CTF1
chr16:29778256-31917357,ENSG00000280789.2,PAGR1,CTF1
chr16:29778256-31917357,ENSG00000281348.1,ENSG00000281348,CTF1
chr16:29778256-31917357,ENSG00000013364.19,MVP,CTF1
chr16:29778256-31917357,ENSG00000229809.9,ZNF688,CTF1
chr16:29778256-31917357,ENSG00000080603.17,SRCAP,CTF1
chr16:29778256-31917357,ENSG00000282034.2,ENSG00000282034,CTF1
chr16:29778256-31917357,ENSG00000281991.2,TMEM265,CTF1
chr16:29778256-31917357,ENSG00000156873.16,PHKG2,CTF1
chr16:29778256-31917357,ENSG00000196118.12,CFAP119,CTF1
chr16:29778256-31917357,ENSG00000103549.22,RNF40,CTF1
chr16:29778256-31917357,ENSG00000102870.6,ZNF629,CTF1
chr16:29778256-31917357,ENSG00000099385.12,BCL7C,CTF1
chr16:29778256-31917357,ENSG00000150281.7,CTF1,CTF1
chr16:29778256-31917357,ENSG00000099364.18,FBXL19,CTF1
chr16:29778256-31917357,ENSG00000175938.7,ORAI3,CTF1
chr16:29778256-31917357,ENSG00000099381.20,SETD1A,CTF1
chr16:29778256-31917357,ENSG00000099377.14,HSD3B7,CTF1
chr16:29778256-31917357,ENSG00000099365.11,STX1B,CTF1
chr16:29778256-31917357,ENSG00000052344.16,PRSS8,CTF1
chr16:29778256-31917357,ENSG00000178226.11,PRSS36,CTF1
chr16:29778256-31917357,ENSG00000185947.15,ZNF267,CTF1
chr16:46578591-47464149,ENSG00000171241.9,SHCBP1,SHCBP1
chr16:46578591-47464149,ENSG00000069329.19,VPS35,SHCBP1
chr16:46578591-47464149,ENSG00000091651.9,ORC6,SHCBP1
chr16:46578591-47464149,ENSG00000140795.13,MYLK3,SHCBP1
chr16:46578591-47464149,ENSG00000155330.10,C16orf87,SHCBP1
chr16:46578591-47464149,ENSG00000166123.14,GPT2,SHCBP1
chr16:46578591-47464149,ENSG00000069345.12,DNAJA2,SHCBP1
chr16:46578591-47464149,ENSG00000171208.10,NETO2,SHCBP1
chr16:46578591-47464149,ENSG00000129636.13,ITFG1,SHCBP1
chr16:67028984-68238102,ENSG00000067955.15,CBFB,SLC9A5
chr16:67028984-68238102,ENSG00000125149.12,PHAF1,SLC9A5
chr16:67028984-68238102,ENSG00000237172.4,B3GNT9,SLC9A5
chr16:67028984-68238102,ENSG00000102871.16,TRADD,SLC9A5
chr16:67028984-68238102,ENSG00000135722.9,FBXL8,SLC9A5
chr16:67028984-68238102,ENSG00000265690.7,ENSG00000265690,SLC9A5
chr16:67028984-68238102,ENSG00000102878.18,HSF4,SLC9A5
chr16:67028984-68238102,ENSG00000140939.15,NOL3,SLC9A5
chr16:67028984-68238102,ENSG00000179044.16,EXOC3L1,SLC9A5
chr16:67028984-68238102,ENSG00000205250.9,E2F4,SLC9A5
chr16:67028984-68238102,ENSG00000102890.16,ELMO3,SLC9A5
chr16:67028984-68238102,ENSG00000168701.19,TMEM208,SLC9A5
chr16:67028984-68238102,ENSG00000135723.14,FHOD1,SLC9A5
chr16:67028984-68238102,ENSG00000135740.17,SLC9A5,SLC9A5
chr16:67028984-68238102,ENSG00000196155.13,PLEKHG4,SLC9A5
chr16:67028984-68238102,ENSG00000168676.11,KCTD19,SLC9A5
chr16:67028984-68238102,ENSG00000159708.18,LRRC36,SLC9A5
chr16:67028984-68238102,ENSG00000159713.11,TPPP3,SLC9A5
chr16:67028984-68238102,ENSG00000159714.12,ZDHHC1,SLC9A5
chr16:67028984-68238102,ENSG00000176387.7,HSD11B2,SLC9A5
chr16:67028984-68238102,ENSG00000159720.13,ATP6V0D1,SLC9A5
chr16:67028984-68238102,ENSG00000159723.5,AGRP,SLC9A5
chr16:67028984-68238102,ENSG00000039523.20,RIPOR1,SLC9A5
chr16:67028984-68238102,ENSG00000102974.16,CTCF,SLC9A5
chr16:67028984-68238102,ENSG00000159753.15,CARMIL2,SLC9A5
chr16:67028984-68238102,ENSG00000102977.18,ACD,SLC9A5
chr16:67028984-68238102,ENSG00000102981.10,PARD6A,SLC9A5
chr16:67028984-68238102,ENSG00000124074.12,ENKD1,SLC9A5
chr16:67028984-68238102,ENSG00000159761.15,C16orf86,SLC9A5
chr16:67028984-68238102,ENSG00000141098.13,GFOD2,SLC9A5
chr16:67028984-68238102,ENSG00000141084.12,RANBP10,SLC9A5
chr16:67028984-68238102,ENSG00000102904.15,TSNAXIP1,SLC9A5
chr16:67028984-68238102,ENSG00000102901.13,CENPT,SLC9A5
chr16:67028984-68238102,ENSG00000102898.13,NUTF2,SLC9A5
chr16:67028984-68238102,ENSG00000038358.15,EDC4,SLC9A5
chr16:67028984-68238102,ENSG00000188038.8,NRN1L,SLC9A5
chr16:67028984-68238102,ENSG00000159792.10,PSKH1,SLC9A5
chr16:67028984-68238102,ENSG00000141086.18,CTRL,SLC9A5
chr16:67028984-68238102,ENSG00000261884.2,ENSG00000261884,SLC9A5
chr16:67028984-68238102,ENSG00000213398.8,LCAT,SLC9A5
chr16:67028984-68238102,ENSG00000103067.14,ESRP2,SLC9A5
chr17:19215615-19336715,ENSG00000072134.16,EPN2,EPN2
chr17:28041737-28724359,ENSG00000087095.13,NLK,PROCA1
chr17:28041737-28724359,ENSG00000109083.14,IFT20,PROCA1
chr17:28041737-28724359,ENSG00000109107.14,ALDOC,PROCA1
chr17:28041737-28724359,ENSG00000076382.17,SPAG5,PROCA1
chr17:28041737-28724359,ENSG00000258472.10,ENSG00000258472,PROCA1
chr17:28041737-28724359,ENSG00000167525.16,PROCA1,PROCA1
chr17:28041737-28724359,ENSG00000109113.20,RAB34,PROCA1
chr17:28041737-28724359,ENSG00000198242.14,RPL23A,PROCA1
chr17:38324571-38343956,ENSG00000277399.6,GPR179,GPR179
chr17:40287879-40417896,ENSG00000094804.12,CDC6,CDC6
chr17:40287879-40417896,ENSG00000131747.15,TOP2A,CDC6
chr17:42188799-42858130,ENSG00000167925.17,GHDC,PSME3
chr17:42188799-42858130,ENSG00000131475.7,VPS25,PSME3
chr17:42188799-42858130,ENSG00000126562.17,WNK4,PSME3
chr17:42188799-42858130,ENSG00000183978.8,COA3,PSME3
chr17:42188799-42858130,ENSG00000176563.10,CNTD1,PSME3
chr17:42188799-42858130,ENSG00000126581.13,BECN1,PSME3
chr17:42188799-42858130,ENSG00000131467.12,PSME3,PSME3
chr17:42188799-42858130,ENSG00000131480.9,AOC2,PSME3
chr17:42188799-42858130,ENSG00000131471.7,AOC3,PSME3
chr17:57971547-58007346,ENSG00000136451.9,VEZF1,ENSG00000266086
chr17:57971547-58007346,ENSG00000266086.3,ENSG00000266086,ENSG00000266086
chr17:57971547-58007346,ENSG00000136450.13,SRSF1,ENSG00000266086
chr17:60041008-60666280,ENSG00000068097.16,HEATR6,PPM1D
chr17:60041008-60666280,ENSG00000167434.10,CA4,PPM1D
chr17:60041008-60666280,ENSG00000170832.13,USP32,PPM1D
chr17:60041008-60666280,ENSG00000141371.13,CHCT1,PPM1D
chr17:60041008-60666280,ENSG00000062725.10,APPBP2,PPM1D
chr17:60041008-60666280,ENSG00000170836.13,PPM1D,PPM1D
chr17:63600882-65056740,ENSG00000136463.9,TACO1,CEP95
chr17:63600882-65056740,ENSG00000258890.8,CEP95,CEP95
chr17:63600882-65056740,ENSG00000108854.16,SMURF2,CEP95
chr17:63600882-65056740,ENSG00000120063.10,GNA13,CEP95
chr17:81887835-81927735,ENSG00000183684.8,ALYREF,PCYT2
chr17:81887835-81927735,ENSG00000141552.18,ANAPC11,PCYT2
chr17:81887835-81927735,ENSG00000183979.8,NPB,PCYT2
chr17:81887835-81927735,ENSG00000185813.11,PCYT2,PCYT2
chr17:81887835-81927735,ENSG00000187531.14,SIRT7,PCYT2
chr17:81887835-81927735,ENSG00000197063.11,MAFG,PCYT2
chr18:26133852-26193355,ENSG00000154611.15,PSMA8,PSMA8
chr19:10922185-10928681,ENSG00000130733.11,YIPF2,YIPF2
chr19:12730640-12748323,ENSG00000123144.11,TRIR,TRIR
chr19:12730640-12748323,ENSG00000198356.12,GET3,TRIR
chr19:15226919-15233435,ENSG00000105131.8,EPHX3,EPHX3
chr19:38374563-38399587,ENSG00000099341.13,PSMD8,GGN
chr19:38374563-38399587,ENSG00000179168.15,GGN,GGN
chr19:38374563-38399587,ENSG00000188766.13,SPRED3,GGN
chr19:39984134-40090943,ENSG00000187187.14,ZNF546,ZNF546
chr19:39984134-40090943,ENSG00000128000.17,ZNF780B,ZNF546
chr19:39984134-40090943,ENSG00000197782.15,ZNF780A,ZNF546
chr19:41956681-42427388,ENSG00000105404.11,RABAC1,TMEM145
chr19:41956681-42427388,ENSG00000285505.1,ENSG00000285505,TMEM145
chr19:41956681-42427388,ENSG00000105409.19,ATP1A3,TMEM145
chr19:41956681-42427388,ENSG00000105737.10,GRIK5,TMEM145
chr19:41956681-42427388,ENSG00000105732.13,ZNF574,TMEM145
chr19:41956681-42427388,ENSG00000028277.22,POU2F2,TMEM145
chr19:41956681-42427388,ENSG00000160570.14,DEDD2,TMEM145
chr19:41956681-42427388,ENSG00000288671.1,ENSG00000288671,TMEM145
chr19:41956681-42427388,ENSG00000167625.12,ZNF526,TMEM145
chr19:41956681-42427388,ENSG00000105723.13,GSK3A,TMEM145
chr19:41956681-42427388,ENSG00000268643.2,ENSG00000268643,TMEM145
chr19:41956681-42427388,ENSG00000105722.11,ERF,TMEM145
chr19:41956681-42427388,ENSG00000079432.9,CIC,TMEM145
chr19:41956681-42427388,ENSG00000079462.8,PAFAH1B3,TMEM145
chr19:41956681-42427388,ENSG00000188368.11,PRR19,TMEM145
chr19:41956681-42427388,ENSG00000167619.13,TMEM145,TMEM145
chr19:41956681-42427388,ENSG00000105429.13,MEGF8,TMEM145
chr19:41956681-42427388,ENSG00000105427.10,CNFN,TMEM145
chr19:41956681-42427388,ENSG00000079435.10,LIPE,TMEM145
chr20:31514428-31723989,ENSG00000101294.19,HM13,BCL2L1
chr20:31514428-31723989,ENSG00000131055.5,COX4I2,BCL2L1
chr20:31514428-31723989,ENSG00000171552.14,BCL2L1,BCL2L1
chr21:34364006-34371381,ENSG00000159197.4,KCNE2,KCNE2
chr22:39743044-39893864,ENSG00000176177.10,ENTHD1,ENTHD1
chr22:46244011-46330810,ENSG00000205643.11,CDPF1,GTSE1
chr22:46244011-46330810,ENSG00000130943.7,PKDREJ,GTSE1
chr22:46244011-46330810,ENSG00000075234.17,TTC38,GTSE1
chr22:46244011-46330810,ENSG00000075218.19,GTSE1,GTSE1
