key,chrom,center_pos,akbari_X,akbari_S,gene,min_tmrca_kya
rs75016891,15,48104661,-5.990305092613048,-0.020638799000924,SLC24A5,12.303540381887647
17:46661499,17,46661499,10.510854750564809,0.0205038649598733,NSF,14.668247797063518
rs3841320,12,49647028,-6.793407743272764,-0.0061796297543011,FMNL3,18.18340648810598
rs6709525,2,135403522,-15.256675753985052,-0.0382297844650053,ZRANB3,18.30090151566451
rs62262471,3,48996052,5.6223736401326505,0.0127662832865105,P4HTM,19.19122481208054
rs143586350,16,67700110,7.029883163559094,0.0140104965177738,GFOD2,20.827850298613267
rs80054178,20,31706879,5.756658863682691,0.0233635181679674,BCL2L1,21.226304766099446
rs35741556,4,42121498,-6.088654317900404,-0.0052063878677811,BEND4,21.744993771965323
16:67347480,16,67347480,7.138652116986993,0.0134021335429675,LRRC36,24.300746192426416
rs148178519,11,61399189,6.3580837517052,0.0092324889704031,TMEM216,26.32738052092054
rs10254610,7,117766184,-8.039448098888709,-0.0065291105156711,CTTNBP2,26.425243554803398
rs759246432,3,71492451,6.243909507714888,0.0129265909125504,FOXP1,26.992578490443762
2:135851076,2,135851076,16.523199593858344,0.0421221871105983,MCM6,28.70578055256576
rs1265775,12,110258952,-7.503768943435952,-0.011127304265494,ATP2A2,28.783920702824652
rs11065822,12,111162330,12.82975089516046,0.0161535390654005,CUX2,31.42113681759847
rs17715343,2,162311236,6.320943951106772,0.0099337269023939,IFIH1,32.811999781814116
rs72651554,1,26654560,5.783614295602989,0.012548386694878,ARID1A,33.476061862718105
rs62239982,3,37921388,5.593399128187844,0.0110241645137647,CTDSPL,35.28047547498265
rs2553450,4,105762294,5.602371762273204,0.0111671338111463,INTS12,35.52807771813873
rs11715496,3,48595812,6.394987564999205,0.0209137060034986,UQCRC1,36.90931477817751
rs74496647,2,17810697,-6.486406121404957,-0.0086917786111074,MSGN1,37.97600771721346
rs58235019,12,112459036,-14.41142282025266,-0.0172608081324467,PTPN11,39.28046056825128
rs117999269,16,68195220,6.564242748995681,0.0131207672667184,NFATC3,40.734016339806054
rs71445564,12,112073261,14.560398543685755,0.0176284875419416,NAA25,41.11350108696249
rs562134801,3,49888435,-6.111498434648201,-0.0055203247453143,MST1R,41.133226443898906
rs1204552,20,36050981,5.573712338715916,0.0181324511913622,CNBD2,42.05772279743848
rs62259945,3,49397244,6.177989244143859,0.0149565113862654,ENSG00000290318,43.559784889870095
rs68163138,12,88299374,6.314636800725022,0.0240962583278671,TMTC3,44.143448865650484
rs2585846,17,58083210,5.815859359559794,0.0099946377629307,DYNLL2,44.36984055859536
rs1423626,5,87829477,-5.865939266436676,-0.0053989266584422,TMEM161B,45.05639824918857
rs634382,3,52448835,6.538905205074918,0.0061302764233079,TNNC1,48.035539342346176
rs73087274,3,51125361,5.453242635705776,0.0139508190872422,DOCK3,48.1923568493888
rs55885404,17,19340319,6.04012285374814,0.0056964258845115,B9D1,48.408269100576604
rs6906237,6,35407749,8.448140762560946,0.0193438933094384,PPARD,48.60938615550217
rs62211528,20,35356094,5.982354386609737,0.0204863468572285,UQCC1,49.59858199649483
rs34737513,12,15863519,5.531135015007228,0.0115741219805392,EPS8,51.176606649764416
rs150357968,15,63878438,5.458023484138661,0.0136989112533353,DAPK2,51.64849009293945
12:110750159,12,110750159,7.848794385896777,0.0117532032320108,PPP1CC,51.746548834168685
rs229644,14,64729076,-6.0241400270434005,-0.0052145885542709,PLEKHG3,52.000983038333075
rs112685832,1,155852838,7.581152524285683,0.012249451579805,GON4L,52.26355412933614
rs66890203,3,136434703,5.978358269075785,0.0080730576737961,STAG1,53.03165110635951
rs1789900,4,99337560,-10.213310834150985,-0.0094435294352598,ADH1C,53.17681053974309
rs144854104,14,63630196,5.483290416480025,0.0120432947005698,WDR89,53.56393896955545
rs4890109,17,40351852,5.493641855369996,0.0153045048200796,RARA,54.476850702080704
rs2424995,20,34576711,6.429142221030742,0.0230051868141794,PIGU,54.67156717738596
rs1942055,2,134741354,-14.894848821047727,-0.0365812480310639,ACMSD,55.283719251586
rs211787,1,75526777,6.3506022061850285,0.0097233329005403,SLC44A5,55.427335532765234
rs653178,12,111569952,-15.596828419520495,-0.0188024534264795,ATXN2,55.523968699424714
rs62007493,15,28100878,6.060754587023055,0.0098978023557112,HERC2,55.6868493912907
rs12821256,12,88934558,6.488358045184057,0.0156720944508528,KITLG,56.30408092691173
2:27176778,2,27176778,5.514272974180187,0.0044270133948434,TCF23,56.56355091514505
rs200510516,16,31243211,-7.080791720762887,-0.007841410160047,TRIM72,57.427035305816794
rs149128906,3,51532486,5.662613737140632,0.0159097338553639,RAD54L2,59.11690244725806
rs4586234,12,109891626,-7.108115260998895,-0.0111504435021042,GLTP,59.57982363829451
rs11921171,3,51929888,5.5978110038264886,0.0146006485187537,RRP9,59.832711681435526
rs534821142,15,45102269,-12.24161881619757,-0.0148414811243985,DUOX2,60.26730903829574
rs143392426,3,160355249,5.614692734273968,0.0106606477231312,TRIM59-IFT80,61.056249644211995
rs75925257,1,155166366,7.171078567538573,0.0109246233089994,KRTCAP2,61.20516270699276
rs146120306,8,52205098,6.013028428083168,0.0071398316127233,ST18,61.57343189927438
rs9616751,22,49828588,-6.050963181831785,-0.0055174040079671,BRD1,62.49633147631268
rs12329128,2,96619180,6.981645075972903,0.0061661177830878,KANSL3,65.0367839783412
rs770452487,17,46219250,8.497539346790143,0.0144650468981546,KANSL1,65.48770267395908
rs11604662,11,67500577,5.824276051298143,0.0052623090218396,PITPNM1,66.74042661353708
rs709631,17,42403921,5.75533083652295,0.0047469390634597,CAVIN1,67.72790658088095
rs57411618,17,29946034,8.398703134263265,0.0072359985487511,EFCAB5,69.39253228818875
rs73165126,22,41917991,-10.16262268957606,-0.0118604657841831,SHISA8,69.57374279152299
rs57453590,13,28105289,5.732638901853616,0.0055880628520932,FLT3,69.92679639654308
rs6505173,17,30319039,-9.886773486763223,-0.0079062707423892,TMIGD1,70.31982895786476
rs199834630,1,72753058,6.219798645961562,0.0146468610364597,,70.32351501884577
rs4706006,5,131126137,13.02606660427817,0.0165390413419778,LYRM7,71.99273833194518
rs76078069,6,27229017,7.158868663719068,0.0317463442858135,PRSS16,73.18980292932802
rs35499598,2,142548684,5.526441554356125,0.0096003421075895,KYNU,73.28563931012282
rs146822580,5,60839021,5.665275688975091,0.0049659657326157,ELOVL7,73.53173407942666
rs12146727,12,7063032,-6.315002266277681,-0.0066368422429139,C1S,74.12409376570814
rs71582214,1,152136458,-9.824511262167167,-0.0085850883188713,RPTN,74.1427944492979
rs16841908,3,100042943,5.500655202910926,0.0137321471539787,CMSS1,74.37850648617184
rs35758692,6,49670482,5.90766564398751,0.0174334543659041,CRISP2,74.80186256170123
rs17711923,5,100444433,5.7387974568302536,0.0165550048945902,FAM174A,75.07673627924561
rs34645606,3,136811260,6.036788581481734,0.0081696855187924,SLC35G2,75.94409979488847
rs10751199,11,72236778,-6.983719204354648,-0.0063411182376242,INPPL1,76.56499622990637
rs35608744,2,97002285,5.996933959035306,0.0068571261401227,FAM178B,78.57129620622491
rs11795400,9,37553066,5.552157576104036,0.0082399823070416,FBXO10,79.49920422135908
rs2164243,17,75337870,-7.212428460975207,-0.0071043036454332,GRB2,79.74007195096047
rs111281369,8,144210989,5.834389261978554,0.0113194168279853,MROH1,80.00176647212143
rs145930990,16,68591939,5.998956750573028,0.0168548366865594,ZFP90,80.04556894981565
rs371405672,5,171166426,5.639141130350584,0.0081420311788394,RANBP17,80.10762110160404
5:33951588,5,33951588,13.149626229714274,0.0236263722107227,SLC45A2,81.46857806024518
rs174576,11,61836038,-16.15341039753985,-0.0154118620720612,FADS2,81.55573158793055
rs10631738,2,60477600,5.466199029189665,0.0083092093409726,BCL11A,82.67047246296008
rs35924359,5,61482906,-6.472022295698876,-0.0051630985224926,ZSWIM6,83.21578278970253
rs77263594,5,102985602,5.595666115052061,0.0162750603210421,PAM,83.81485583844012
rs62260760,3,47930430,5.936690619183474,0.0141269099629709,MAP4,85.26939839153334
rs558669065,17,39888640,-6.810784775553141,-0.0056982322156127,ZPBP2,86.00558280749199
rs546483712,4,86637935,5.592460197245414,0.0089198393014106,PTPN13,86.93047078871689
rs113700152,8,86421504,5.664539543410999,0.0046666992017003,WWP1,87.04126775992694
rs115795637,2,112126168,6.100284074407678,0.0169686722526181,FBLN7,87.1775601960758
rs72290633,5,131599503,13.606551888441953,0.0169625430896716,RAPGEF6,87.20306783032093
rs35263587,2,97890443,5.911804008687019,0.0066453818308453,TMEM131,88.08432921476071
rs9903048,17,29158499,5.457708647830901,0.0066480754931432,MYO18A,88.17575609529993
rs35979828,12,54292096,5.63784915904508,0.0098628609990089,NFE2,88.7822408067529
rs13097248,3,136054627,5.6084598757565365,0.0067904268428598,PPP2R3A,88.8632992344299
rs9289629,3,141459505,-6.494749050835441,-0.0054529786016006,ZBTB38,89.33325517217696
rs79478560,12,123914608,-5.688083824706293,-0.0047228925034187,DNAH10,89.63674555307736
rs630579,1,234628677,6.469280799157972,0.013738565666993,IRF2BP2,89.96865709246312
rs1160496,2,126217029,-5.519987135658148,-0.0185454442751172,GYPC,90.3172501085274
rs543985085,7,112230042,5.696211011954834,0.0117986884462677,ZNF277,90.58786856993427
rs7779160,7,117425564,-10.689391114344978,-0.0087334276638292,CFTR,91.17710775651989
rs376061381,4,98857613,7.080114493206514,0.0110802722897224,EIF4E,92.03973195766227
rs10778208,12,102883387,8.393125053068838,0.009176401174277,PAH,92.53291336867001
rs11643278,16,28841263,5.7997757082537325,0.0075102157125073,TUFM,92.71210996438191
rs10171471,2,96181298,-5.673581309605975,-0.0052738751983225,STARD7,93.74729907811594
rs1522278,3,169357290,-5.6921795690674735,-0.0047126591452963,MECOM,93.92335126757575
rs386457469,10,31164963,-5.559031455655116,-0.0055993032732473,ZNF438,93.99976039778173
rs143060887,3,159938302,6.04662068948084,0.0112982929498717,IL12A,94.16074028521503
rs5816206,16,23178351,-5.827974695188849,-0.0047431871268291,SCNN1G,94.29864141673318
rs118165911,9,136872096,6.214363669114404,0.012817636935121,EDF1,94.38151696313717
rs146178869,15,74743483,10.470373203371782,0.0102409091061951,CYP1A2,94.95914149479424
rs186956666,16,68968658,5.668016195015696,0.0121786894457885,TANGO6,95.04711697506148
rs1924470,6,121493916,6.532876399119591,0.0051780794037031,GJA1,95.43759910905308
rs75923814,2,70067128,-7.759029243941231,-0.0099013000507365,PCBP1,95.46689664436065
rs2377474,20,32376870,-8.026562891448458,-0.006762887838184,ASXL1,96.02247149786693
rs12313279,12,102452726,-7.008787431931431,-0.0071452184026401,IGF1,96.35965149957416
rs113465881,2,112901133,6.986565509462758,0.0195515228701316,IL37,96.54344702098267
rs2316775,17,45876136,8.140194737204315,0.0150974589037508,SPPL2C,99.85344904259291
rs74439044,17,7877701,6.417118742484828,0.0096818071689286,NAA38,101.37066486704778
rs116380454,2,58032941,5.548356687225953,0.0109242128615576,VRK2,102.27654414414044
rs72762048,5,45408797,5.557787878231703,0.0076334563959751,HCN1,102.35387671521757
rs75097049,17,39232314,5.958693891604345,0.0133537533293246,STAC2,102.66803050371196
rs71138837,17,29603877,-5.933038879039148,-0.0051674797693009,ANKRD13B,102.69559118786792
rs72784702,5,91190749,6.450577645469102,0.0125979934655394,ARRDC3,103.62623917994858
rs10170556,2,134338799,9.697392345732592,0.0213027817408075,MGAT5,103.97476467905211
rs62399909,6,34372016,8.27583058023957,0.016069933201383,NUDT3,104.82239825505904
rs6935678,6,26451660,8.35280274659499,0.0429150756083595,BTN3A3,106.26247436867493
rs3744026,17,75835819,5.799981682186814,0.009716979730778,UNC13D,106.48216726599162
rs17163313,1,222626283,6.024843561811332,0.0049864854173143,MIA3,107.17929870269163
rs117467721,17,44022622,5.473056963525904,0.016206554326804,TMEM101,107.239072074972
rs751523440,1,73382927,6.528439712655764,0.0054045537769079,,107.91589690527043
rs141046636,12,87266039,5.755005558023581,0.0210180223862542,,108.12723283996452
rs111959859,2,102435843,-9.217108241481885,-0.0077198678445081,IL18RAP,109.25731404442291
2:38070996,2,38070996,5.484718434078254,0.0067228327883742,CYP1B1,109.85784842146984
rs11743803,5,131976545,13.67054711700226,0.0169753954702949,ENSG00000281938,110.56795911018506
rs142418095,3,139263666,5.669571943611817,0.0048546763871746,MRPS22,112.08244280103155
rs12365699,11,118872577,-5.516391030668634,-0.0053082706391482,CXCR5,112.1601107473104
rs17098279,14,61365192,-5.598516192746403,-0.0085487611775885,PRKCH,113.50306804575432
rs149194762,13,58354504,5.58552338361035,0.0128591737103793,,114.05684865233832
rs200294635,5,132713897,7.749069937028259,0.0151735184249573,KIF3A,114.41647959875856
rs4896022,6,134076930,-8.523795899879124,-0.0106484626029092,SLC2A12,115.35937650313788
rs115035509,5,133102996,6.447748166104178,0.01541734824925,HSPA4,116.44392386662614
rs279580,3,9906557,-5.70560477976041,-0.0046321779895897,IL17RE,119.32910385502225
rs6437198,2,158756684,5.485256408036557,0.0047326267112249,DAPL1,120.27141708971793
rs10024928,4,55375887,-5.903303500682805,-0.0050682417580499,ENSG00000288695,121.35300984834238
rs11454735,12,95978248,8.240955883332301,0.0065239558121371,HAL,121.53297072231925
rs11754483,6,52175369,5.913659993006147,0.0161881575839793,IL17A,121.58199345232988
rs58993513,18,46894891,5.965514703302602,0.0047970860428547,PIAS2,121.62417116288442
rs17236593,3,160727067,5.87748452380314,0.0103214871862469,ARL14,123.12030899764147
rs544087541,12,89695058,5.552786996245293,0.0051938874775409,ATP2B1,123.69896579151599
rs80302162,4,108142628,5.586413434524007,0.0175967824799793,LEF1,123.84523362345949
rs78307723,2,133057185,6.768062897144,0.0245269736971363,NCKAP5,124.35385228032148
rs7701967,5,130724057,12.181739494898965,0.0157005421833936,LYRM7,124.3593333551885
rs117976941,12,87786109,5.7505498182775305,0.0195293146815176,C12orf50,124.48009926923932
rs4840504,8,10674167,-5.759226134045239,-0.0083360935369793,RP1L1,126.07182083345256
rs719161,2,174395627,5.491230855144264,0.0114316348852439,CIR1,126.14326570887233
rs10860831,12,102015768,6.394146610612863,0.0068566728982603,WASHC3,127.23278953025068
rs11352274,12,53260182,-7.192600725860324,-0.0064285885622415,MFSD5,128.09368098721714
rs10716379,3,138133991,-5.98102068165093,-0.0051580968097929,A4GNT,129.7176815442931
rs11406672,3,122507440,5.608096576114319,0.005092186332554,KPNA1,130.9261593977957
rs147297128,20,32826379,5.952959714075422,0.0216963304852677,MAPRE1,131.05244853576747
rs542796,13,66062025,-5.57863296463676,-0.0055829254396957,,132.45010987209204
rs7533686,1,66337750,5.665426045535122,0.0076895040781773,PDE4B,132.4626203551134
rs76654204,2,58497688,5.663969321464634,0.0123195913524699,FANCL,133.1608471530997
rs12816797,12,50193997,-5.709690022570983,-0.0080356313169222,LIMA1,133.32772138964907
rs386543940,17,45443032,7.6062575677934,0.0108557991112939,PLEKHM1,133.61566175484623
rs143930250,16,89012489,8.76026987911437,0.0117125396012164,CBFA2T3,134.9942320486559
rs602049,4,39749507,-5.675486197980904,-0.0055474298078944,UBE2K,135.2238147713993
rs1500004,3,46109445,7.006764414821708,0.0152885120608038,XCR1,136.3958638893703
rs76153647,6,27601645,7.77269364328325,0.032217831221795,ZNF184,136.77816186220218
rs41444548,17,47733988,6.905830426815294,0.0155168594103973,TBX21,137.1180030318913
rs77697285,2,31780520,-5.768616987610594,-0.0129627561860899,MEMO1,137.46305842426622
rs641445,18,76341311,-5.655282428289228,-0.0162309953360902,ZNF516,139.16504636837408
rs77095725,2,118668897,5.790478391260358,0.0204208190797641,EN1,139.48533451310087
rs77951681,18,21587191,5.940260167031275,0.0105074868834348,ESCO1,139.81698491818412
rs112555644,3,47544610,5.949838678785109,0.0144821558606924,CSPG5,139.96098471275735
rs1326798,9,12722228,5.577342912870082,0.0046628305154186,TYRP1,140.08871963402464
rs550139318,17,9117771,5.553241069119451,0.0065348668050137,NTN1,140.1317661894885
rs8075695,17,27540667,8.60114364165049,0.0081276341322608,KSR1,140.16844347508683
rs4573547,1,106597818,-5.824440302146758,-0.0104037392698968,PRMT6,141.2658673769563
rs79543903,11,89603943,7.616854131640918,0.0135625128819186,TRIM77,141.29181629211078
rs2082980,3,161782043,5.50562984922375,0.01171093127731,OTOL1,142.22032571215553
rs16953649,17,4024786,5.826568937025434,0.0130917043847232,ZZEF1,142.44705685153946
rs603424,10,100315722,6.278590988387099,0.0073848426770744,PKD2L1,143.57845779457043
rs4795278,17,38437968,7.171595195752358,0.0060858142899833,ARHGAP23,144.1161985489285
rs368565,19,48697960,-6.724081464456344,-0.0068514659366293,FUT2,144.26176151486916
rs570984194,1,206724549,-8.525719845906488,-0.0068834623324902,MAPKAPK2,144.37968804648452
rs66996981,3,154086908,-6.163657609178811,-0.0058457238852491,ARHGEF26,145.0407570385655
rs12142473,1,73872928,5.541824228349534,0.0137413890014651,LRRIQ3,145.95428887639275
rs57440165,6,26875738,5.548436696778612,0.0571514123996317,ZNF322,146.1527233061681
rs36183311,12,123378090,6.367944719448312,0.0053827099469321,KMT5A,146.86474249718137
rs73396583,6,28100270,10.237722378258702,0.0225000517613892,ZNF165,148.06286578815863
rs191717432,17,47390237,6.528923029652504,0.0158204954617358,EFCAB13,148.35573440105605
rs111402414,16,75537489,-7.015498310754998,-0.0058856163222919,ENSG00000260092,148.60671364482639
rs199792565,10,113111796,6.020693398344033,0.0183742092127763,TCF7L2,148.78864235800296
rs6583435,7,50253809,-6.127995056332736,-0.0057561808493441,IKZF1,149.0129145172786
rs72896886,18,45052687,5.978824292762741,0.0073649270349172,SETBP1,149.52794513909436
rs17286262,4,103354295,-6.224814189421815,-0.0054545343667828,CENPE,149.58609085694562
rs17441830,1,6861518,6.210537257265428,0.0082450346802242,CAMTA1,152.8924504629511
rs2196521,3,155094849,-5.856256540885017,-0.0086777807666998,MME,153.2717755949306
17:22191759,17,22191759,5.8263228973731565,0.0165659172021342,KCNJ18,153.8768404862173
rs11606033,11,71443158,10.041692723576476,0.0096114839363487,DHCR7,155.04881699569444
rs10085472,7,39047269,-5.464552467450627,-0.0056390760012924,POU6F2,155.54014597456214
rs74237290,12,85103653,5.765459405344609,0.0174661297279396,LRRIQ1,156.36497243544443
rs9890899,17,8574230,5.944083128412984,0.0205537298666,MYH10,156.45174938033577
rs1042602,11,89178528,13.373937370068113,0.0169467027921813,TYR,156.5615739029046
rs12904134,15,74300521,7.914679575961236,0.0075844427279822,CCDC33,156.64571119158165
3:56521405,3,56521405,-5.484755604204895,-0.0052766257125223,CCDC66,157.93271499123557
rs11446223,16,89956076,8.99087507599635,0.0178955560623209,DEF8,157.93443778231017
rs5896935,9,21418691,-5.974292449367354,-0.0133891734004472,IFNA8,158.24044345563607
rs12153255,5,76346711,5.474396882045174,0.0166731596124945,SV2C,158.58347547606323
rs73162515,22,34593228,6.000898998198009,0.0175274270866731,ISX,159.30767843784102
rs56062142,2,137997689,6.995428085681494,0.0232334597365013,HNMT,159.35946223678627
14:64311644,14,64311644,5.778452193804209,0.0116700396836732,ESR2,159.59103944928887
rs113569731,3,47051716,6.306088886861223,0.0132467826385936,SETD2,161.06418352644067
rs61759525,19,1602300,5.512982130868836,0.014601246713385,ENSG00000267059,161.15556491461123
rs140372346,5,158822259,7.119993690160955,0.0073448085129798,EBF1,162.45570526313602
rs745361528,11,120240332,-9.066158655296793,-0.0102146276545794,POU2F3,164.78016659012115
rs5743618,4,38797027,-11.6447371620524,-0.0196576321183717,TLR1,165.29135896721564
rs4275402,1,1054900,5.733005997082622,0.0046733736390735,AGRN,166.57131210637854
rs2731672,5,177415473,7.387580699227215,0.0071580179471395,F12,167.08408252004116
rs76798990,9,127038742,6.667858152044102,0.0123505344378745,RALGPS1,168.22852677355144
rs1757459,15,41498789,-5.514689924138498,-0.0049288842402069,ITPKA,168.58084593847738
6:160602994,6,160602994,7.098790391427339,0.014541429963001,LPA,168.6879781887991
rs4712888,6,25147290,-7.92485467119,-0.0367810305820484,RIPOR2,168.78496729352827
rs55929017,17,48917942,6.8577006581149735,0.0101862112901907,UBE2Z,169.3209956164106
rs11600393,11,91207259,5.668386467656947,0.008980562626345,,170.2420300908401
rs36119967,3,99584404,5.887778333721633,0.0113240718026259,COL8A1,170.92402059067123
rs61587156,3,186113794,6.113793718892881,0.0072155993913495,DGKG,171.2387909556473
rs72785099,2,36951596,5.759710263916911,0.0154560865889618,STRN,172.75876829269336
rs4560519,5,101126068,6.235091006217759,0.0175041011901296,ST8SIA4,173.01069157935555
rs372429030,12,122688034,7.538568278796084,0.0066231691487748,HCAR2,173.24293920478829
rs59007786,6,116664428,-6.841038473174132,-0.0057746577242704,ZUP1,174.2412662954318
7:26825580,7,26825580,5.795543455702839,0.0081592111954405,SKAP2,174.34430677771127
rs76017999,12,85715546,5.710035888807675,0.0205034009645406,RASSF9,174.66236088860373
rs56792959,4,102624740,-8.001045780722679,-0.0066397686446698,NFKB1,175.11864582917744
rs370601154,9,116616780,5.88225666740583,0.0049296111113733,ASTN2,175.5882960492587
rs6564702,16,79761744,-6.201213049331312,-0.00565612972534,MAF,175.74784461337583
rs6069740,20,56429946,6.200433716049113,0.0176438989212581,CASS4,175.83425489915697
rs34555420,6,26090042,9.035141108659364,0.0179285779620911,H2BC4,178.78060057646002
12:112919388,12,112919388,-15.141362356808733,-0.0151239831534382,OAS1,179.6152845748228
rs72843998,10,103095504,5.964096670251455,0.0104070951902063,NT5C2,179.70614963976834
rs2276025,11,126276036,-6.67324086387756,-0.005432106040617,FOXRED1,181.18977850667576
rs79007531,8,9012094,5.895642417071577,0.0132102630825873,ERI1,181.47718291284423
rs11630467,15,47281760,5.716057579648342,0.0106167126697554,SEMA6D,181.63972535721595
rs4896244,6,137208635,6.965431557515088,0.0055862849253475,IFNGR1,181.95069192359705
rs784235,18,55755913,-5.883008645287313,-0.00672967587741,TCF4,182.43893808745173
rs12543924,8,21907232,-5.640134055741875,-0.0046172421671647,DOK2,183.24145208747387
rs62209647,20,33917852,6.625393001299577,0.0231339739793037,CHMP4B,183.4942917474525
rs2369633,1,205211934,-7.626341029553984,-0.013444419213397,DSTYK,184.9133363532441
rs559868066,15,78938368,-6.031807218911953,-0.0063888168632807,CTSH,185.0038016441415
rs76313353,2,201247410,5.851780342345856,0.0181267520836467,CASP8,186.31582204065444
rs72844525,2,137573054,7.89702871669231,0.0238118254759632,THSD7B,187.25922853461
rs9461056,6,24728281,7.449873599510298,0.0414567374985077,C6orf62,188.32798269561525
rs150826383,4,143733274,6.649005398328792,0.0083065083594023,FREM3,189.32150054841662
rs1332455,9,119208141,5.8408045160914055,0.0056738831471986,BRINP1,190.43074432807367
rs73040262,11,132229485,5.548736554354756,0.0149778742576242,NTM,191.08157121636302
rs576307070,6,33193883,-11.390893686183542,-0.0115092128832824,RXRB,192.44139459963532
rs7713126,5,179717755,6.173793720733897,0.0134231328184171,CANX,192.50279781623456
rs562047,6,31816086,13.834787245369125,0.0367543573487751,HSPA1A,192.61342406712507
rs11870626,17,48573039,5.538204648816312,0.0095945248552013,HOXB3,193.0433554814265
rs4833253,4,122657695,5.6836531505404695,0.0076970836592387,IL21,194.38474340659815
rs2579643,2,119459880,-5.549947823821937,-0.0116980468828584,SCTR,195.001560931071
rs72996108,11,100582138,5.693432764510485,0.0077303726638327,ARHGAP42,195.25904525299492
rs112169037,5,46265924,5.95639627255325,0.0164554686010481,,195.86915938271488
rs2258380,19,40833083,6.187798581155735,0.0073579367052183,ENSG00000268797,196.1136376088466
rs369604532,20,38797517,6.356333504867397,0.0053878444216426,ACTR5,197.38786900325488
rs17711548,7,93348102,6.459842541019123,0.0073060605790645,VPS50,198.31696663319937
rs153519,5,143576279,5.580290067322673,0.0046893228507136,NR3C1,203.54642030511087
rs6788891,3,100698730,-5.652178838154119,-0.0053896399039175,TFG,204.41091273356523
rs2381379,4,39402686,-7.299886602858456,-0.0059358958221403,KLB,204.9551880794858
rs78620295,9,127802478,5.816346100228562,0.0125352489911527,FPGS,204.9912221844374
rs17686636,5,129832679,5.748312911192382,0.0081138807408949,MINAR2,205.2132497182434
rs33807,3,45293200,5.512988170209477,0.0111247612364243,TMEM158,205.5140566238352
5:102127673,5,102127673,6.763195398095638,0.0156552779431187,SLCO4C1,207.03113909099258
rs1038165,12,68272160,5.589663182156693,0.0047553277940375,IL22,207.4943855097345
rs2388486,10,8057058,5.857881870928175,0.0059132165635586,GATA3,207.68771984777254
rs34789728,3,161143717,5.471590146549672,0.0081100054901053,NMD3,208.93503239658045
rs11183617,12,46801506,-5.6652479124011705,-0.0065167553993487,SLC38A4,210.12659427560334
rs200707025,6,35999024,6.053659386283516,0.0345134272445137,SLC26A8,210.96359614466905
rs2902812,1,150985182,6.257628044754429,0.0052458740063071,ANXA9,211.22519579423954
1:150565809,1,150565809,6.174515312382276,0.0062849084220288,MCL1,211.24239910952002
rs8078336,17,47019971,6.383772005828633,0.0187177903887401,ENSG00000262633,212.19247754427624
rs72847650,2,136294404,12.402379700468217,0.0260755301901237,CXCR4,212.6940146440418
rs11518785,11,87620182,5.576670100121191,0.0127250201661738,TMEM135,214.76174096096298
rs72892915,6,50854748,5.553635631181611,0.0162809107224376,TFAP2B,215.19506287317358
rs77795894,6,35047304,6.082546420881358,0.0268780007330976,ANKS1A,216.51944799632633
rs4466492,9,16441088,6.167809540147543,0.0064169830491204,BNC2,217.5517575528249
rs5793350,11,88809769,-11.228529469534228,-0.0111201620080443,GRM5,218.3129902955257
rs513413,5,35372911,6.26146118358153,0.0058416528780521,PRLR,218.49605140196152
rs61777792,1,26263631,6.04781868363419,0.0085998271284765,CEP85,219.4521862536342
rs76790252,9,127393824,7.452078935270813,0.0140129121060925,SLC2A8,219.59623356889455
rs36094528,15,38279834,5.565901118900279,0.0167588393275873,SPRED1,219.78883873904067
rs9994654,4,102997908,-7.748707807896219,-0.0070075703592252,SLC9B1,221.12753238931722
rs6579837,5,151055333,-5.541761087675496,-0.0060353707161201,TNIP1,221.26979564432602
rs1750963,6,51688454,6.457221386886013,0.0143972683873924,PKHD1,221.4406548125443
rs13176003,5,40230672,5.880503637340484,0.0084339292598889,TTC33,222.02425994036136
rs73195680,7,106037229,-8.397961519733267,-0.0075217602334511,SYPL1,222.1022059356275
rs78085391,5,124574083,6.111503697549915,0.015112228473692,ZNF608,222.29240942920524
rs72731889,14,70218941,5.605461821326679,0.0123945854155283,SLC8A3,223.03737788694394
rs111460975,16,89368133,8.263016165630786,0.0185491825358093,ANKRD11,223.74859307595332
3:45764708,3,45764708,6.057871168788101,0.014958804324155,SLC6A20,226.6306991423674
rs149580409,4,100157089,6.044919832912245,0.0389479085702777,DDIT4L,226.74034338578144
rs112192278,6,28736285,10.189876434314137,0.0358398837169765,SCAND3,226.88229695366553
rs780581362,2,103995965,5.546912618335233,0.0046630106612374,,227.45247033009505
rs1379553,5,111643419,-6.450272316375525,-0.0058167599559342,STARD4,227.6692456963173
rs117747153,12,86874357,5.845812887410333,0.0220033598841127,MGAT4C,227.787228967001
rs77087867,5,50968405,6.03237787515011,0.0110747427887087,PARP8,227.79401489860055
rs2385094,8,125344207,-7.74742805818961,-0.0076256884192594,NSMCE2,228.3637651532654
rs71456692,12,109425476,5.699688487719385,0.0100080376853436,MYO1H,228.64595967469612
rs151323183,10,103533064,5.708886867076654,0.0109356041355069,NEURL1,229.15853876111743
rs35447532,5,130294532,10.321264240907864,0.0126444924156552,CHSY3,230.01159195397824
rs112862764,6,137682864,5.72819126442837,0.0095210349148271,OLIG3,230.12354955211816
rs74317099,6,60711682,5.734556238177934,0.0131364287148017,,230.45632814947416
rs144526132,19,44689076,6.025124513333085,0.0051870529833474,CEACAM19,230.49873285410396
rs7975862,12,53684643,-5.655048291928356,-0.0045916457630728,ATP5MC2,230.53894421374605
rs10893779,11,127878236,-5.67276043938868,-0.0060114116979766,,230.83809243033122
rs115470478,6,14100519,5.763898479084035,0.0120035880811452,CD83,231.62942792882168
rs118127175,17,48110821,6.001897626819015,0.0231209983373096,SNX11,232.04412301241658
rs13182481,5,44567308,-5.979966412498251,-0.0048674040293888,FGF10,232.13762891322824
rs6533107,4,103785757,-5.728318072623798,-0.0047652924301091,TACR3,232.3898740413032
rs55726545,12,92247914,5.734553872544992,0.0134452896051753,BTG1,233.1469579342124
rs7844616,8,71824339,-5.6903861162587015,-0.0082318627524347,MSC,233.16241242817227
rs145870731,6,25555730,8.65799075247019,0.0327944836719292,CARMIL1,235.81097488221027
rs376217474,9,16792104,7.037960304596894,0.0062906100383566,BNC2,237.80874448806003
rs112579976,3,46694697,6.452710402178334,0.0157472839626,TMIE,239.15580785713797
rs72704787,5,540616,8.246277817939523,0.0095757588928037,SLC9A3,240.2256790523681
rs74629965,6,51321055,6.202996240552255,0.0149194253029404,TFAP2B,241.1371455496278
rs12577765,11,1133549,11.06189053582267,0.0091446972474023,MUC2,241.2002506029649
rs10774579,12,120967407,5.651708530133177,0.0047210860472726,HNF1A,242.07716410947202
rs116611655,6,29082480,8.171650497707805,0.0373866912817695,OR2B3,242.47278257122414
rs138826733,6,24169024,6.791538755742856,0.0344321311887734,NRSN1,242.85126823019436
rs1813006,4,102080492,8.019091137818133,0.0208313360548657,SLC39A8,242.95096835781402
rs6477613,9,108049333,-7.777028614457781,-0.0063490868301045,,243.4586321293216
rs35786764,20,5039372,-6.394289790970368,-0.0105578357950929,TMEM230,244.84222370595833
rs35506085,11,2144346,7.950097393007837,0.0083680285821008,IGF2,247.2627505686245
rs538021413,5,132328823,16.643323945971595,0.0179478799031053,SLC22A4,251.38395353849407
rs72725826,1,87221727,5.456357850220058,0.0136962150850561,LMO4,253.3699615255202
rs73123161,20,18461344,6.052024478582207,0.0110992644707954,DZANK1,255.01098663298384
rs150087472,6,58279141,5.542824307000887,0.0131320526012894,,255.18506263668277
rs293709,20,33350300,-6.838210805930133,-0.0213729757522212,CDK5RAP1,255.74470564101526
rs286889,11,34659306,-6.485358403383141,-0.0055525554987076,EHF,257.253937701495
rs145496844,14,94006387,5.5869840826704005,0.0257674681353887,CCDC197,257.38449929859075
rs57172187,9,37016505,5.490899796746717,0.0098314490391761,PAX5,259.1701567594513
rs34175664,13,45955884,5.545988946618027,0.0101810397048653,ZC3H13,261.40970347282666
rs12965811,18,65506098,5.807264348476704,0.0148131281906871,CDH7,261.75319716428805
rs72883919,6,50384302,5.516783422356248,0.014421864967782,DEFB112,265.9390971464034
rs4730640,7,114703547,6.249842644263546,0.0052965599195555,MDFIC,268.122578846781
rs62208255,20,50038446,5.73863803181343,0.0179109477724467,SNAI1,268.1629181316742
rs113799755,17,21038822,5.552715313818792,0.0155816553564619,USP22,268.8010086060526
rs7569514,2,133519811,6.212117225589266,0.0100797291642531,NCKAP5,269.39606353000056
rs72267004,13,57862242,-6.64218472708798,-0.0080895212817097,PCDH17,271.0167424223252
rs11861698,16,11762282,5.664692700273386,0.0130001700489985,ZC3H7A,271.54585666694925
rs34448065,12,10440186,-5.753005473117857,-0.0075303460469671,KLRC2,272.46030212200276
rs4687148,3,190546481,5.972668767361537,0.0099755406970365,IL1RAP,272.8309784134246
rs145325967,6,33648154,7.367137723250872,0.0296235871680385,ITPR3,273.8272566804596
rs113686375,9,78181548,5.967820815339702,0.0063141604017691,CEP78,273.938951264207
rs17153607,8,11657684,5.701962905153927,0.0059339898840477,GATA4,274.66367605173457
rs138607377,2,139093444,7.555319527912277,0.0159638916814242,NXPH2,276.87190157347715
14:90796856,14,90796856,5.641567070271652,0.0093697074298189,TTC7B,277.5119506019055
rs62092498,18,22302738,5.954829709973829,0.0108834254456667,CTAGE1,278.5834175843471
rs58277565,5,67909175,6.286034102059021,0.0102097041192894,PIK3R1,281.3937737348662
rs86703,6,36732691,6.466804927143086,0.0058397829596963,RAB44,281.6836578980374
rs3771247,2,20210719,-6.969547668203565,-0.0055175156270879,SDC1,281.72625092957657
rs10511190,3,101508108,5.970466853205175,0.0116963862551124,SENP7,282.68133746535636
rs62050284,16,70662912,5.507057611935834,0.0150917462138156,MTSS2,283.58912837879086
rs532014593,1,154613281,5.911056661305114,0.0059745888564346,ADAR,283.99753435597154
rs74320175,4,184086740,5.4866398089790005,0.0104924741362972,ENPP6,284.9694796257412
11:90133829,11,90133829,7.817502183922395,0.0117013454961699,NAALAD2,287.1574347354042
rs35519280,2,133917644,8.692699082961752,0.0233828340914671,MGAT5,287.7926293272241
rs56266105,15,75099686,-8.591837264860976,-0.0069560087659528,PPCDC,288.37800918001324
rs4841233,8,9823930,5.948414906457482,0.0081981797559816,TNKS,288.95140810416336
rs617688,3,101873442,6.561876172037876,0.0068604164607028,NFKBIZ,289.39304213643095
rs4816636,21,39654583,-6.58205325906243,-0.0060556736670282,B3GALT5,289.68339385550274
rs10645486,3,151339431,-7.469011736203499,-0.0060934643262162,MED12L,294.3100069693243
rs1481012,4,88117930,5.937636948184251,0.0093529599825014,ABCG2,294.3424237095131
rs9509242,13,20486803,-7.96474997633084,-0.0067593543919092,CRYL1,296.8622468055553
rs36113657,5,39863185,5.490688661256088,0.010122474336423,DAB2,297.8662622490024
rs112228018,17,80804604,5.680276187271466,0.0156533036732365,RPTOR,298.6895365028013
rs73242340,4,37358994,5.488767087021943,0.0139958426589351,NWD2,299.4499293260095
rs477238,11,114453304,5.919521800814827,0.0047078307124492,REXO2,302.02679087598807
rs76499354,18,28894654,5.889437810816927,0.0125256725623352,,302.25179172376016
rs2813773,1,109822199,6.105664145715489,0.00643286667262,EPS8L3,302.6307002566909
rs6905389,6,30352153,11.966938884962602,0.0406885630905785,RPP21,303.93304374923275
rs114198721,5,2562951,5.7257527622753575,0.01556022123068,IRX2,304.14480991743284
rs2642438,1,220796686,7.843303803893213,0.0064292608689159,MTARC1,304.78803441730213
rs140997855,15,85709666,5.621162480234414,0.0067348793241435,AKAP13,311.7243873860716
rs146987041,8,14457977,5.52386158462782,0.01978869740821,SGCZ,312.23237662421724
rs35702515,2,136785277,10.8135230485559,0.0291394939266719,THSD7B,312.2501629183577
rs117390886,9,136348574,5.694670239608777,0.0136228838260747,GPSM1,314.6524651074477
rs6074164,20,10640657,5.859906774515788,0.0074196424552969,JAG1,315.31222998088595
rs117265989,20,63578891,5.967554347827302,0.017753906776889,HELZ2,315.66014725211465
rs140937328,16,69466078,5.558285987089924,0.0116422252632098,CYB5B,316.48921744726715
rs201139689,9,80625580,5.82092405071834,0.0193185777029461,,316.6251704838436
rs58334749,17,44986806,5.555589912130809,0.010197506319765,NMT1,318.4134885273426
rs11242723,6,244311,5.817716897724923,0.0104785702983829,DUSP22,318.9884424880263
rs34343843,18,47412335,6.188443280275794,0.0057133238081142,SKOR2,319.40666501466745
rs11605606,11,88452266,7.320057722661177,0.0110074107753843,CTSC,323.14013810860934
rs11561378,12,69374169,6.192610630350149,0.0051783734696931,YEATS4,328.0313026284033
rs6905035,6,34000351,7.284173295717763,0.0196837631634491,GRM4,328.1800512618674
rs74849416,2,138725485,6.799723108315352,0.0123560192691865,NXPH2,331.73464311121876
rs76624186,17,74658820,5.491770970885697,0.0121895482029688,CD300E,342.52370347980747
13:58723149,13,58723149,6.0396017850170525,0.008036038244439,,344.110588403619
rs1244349,14,34203564,-5.967757495422988,-0.0063370153405226,EGLN3,344.7973770588543
rs17502847,4,130905717,5.502437706402949,0.0100097952181707,,345.64657373276566
rs72656280,13,109144366,5.961103259152143,0.0151742672551113,MYO16,347.5641483806187
rs17418327,2,137130373,8.167040815534774,0.0234693886233683,THSD7B,348.1986941460056
rs66755627,2,102085948,5.842246165362376,0.0096302526894018,IL1R1,348.3095543438038
rs9371649,6,152906566,6.384800874461639,0.0110773689831939,FBXO5,349.229223189965
rs12874404,13,108341146,7.557249498194572,0.0145914359682753,TNFSF13B,349.69070475322286
rs3096337,3,195806461,-8.73425366076731,-0.0124065120413299,MUC4,352.1261487642483
rs113177067,12,9965410,5.662848606658939,0.0056788126901986,CLEC12A,353.2334038274645
rs6509859,19,54258559,5.988864903815837,0.0060577021958896,LILRB5,355.31215512834166
rs57737477,8,10322818,5.46868951246926,0.0057085377672629,MSRA,356.4089970376126
rs79719039,21,16979332,5.552428401678857,0.0112594725089989,,356.5453899018582
rs58463871,12,124351569,7.121075633605224,0.0086188545301127,NCOR2,357.5828729923546
6:7247111,6,7247111,6.587582281723848,0.0106703328929368,RREB1,363.16088774171834
rs140024501,2,32715957,-5.494919682090703,-0.0046849802698638,TTC27,363.6466017984471
rs2608894,19,5847989,10.961811607905585,0.0089774516206266,FUT3,365.030448269375
rs61950492,13,53061685,5.587136971960561,0.0102833466305045,OLFM4,365.16799369442566
rs35648552,5,35852821,-7.776702041289893,-0.0074363295278823,IL7R,369.22778475663654
rs204993,6,32187804,11.173760202547856,0.0307672028627994,PBX2,369.92674287571344
rs200439755,3,123390524,-5.4605907824818445,-0.004348799622856,ADCY5,370.22593600282414
rs193159515,17,7355768,6.276816663748574,0.0166733216390261,TMEM95,375.8757463606084
rs28558783,7,9104354,5.747129014148328,0.0172355501572607,,377.7981774895424
rs13107492,4,144120192,10.790471576915492,0.0093435236126459,GYPA,379.33652618583267
rs138109476,14,85592808,5.773594887248887,0.012230519147131,FLRT2,380.87966168677235
rs4817984,21,39093140,-6.172373457614871,-0.0051111485755817,PSMG1,384.60015495718307
rs750112563,6,29569489,10.709462765666515,0.0167753007657765,GABBR1,392.51495790700295
rs1150322,11,90515611,-6.839757308192331,-0.0112936422435044,CHORDC1,393.62894874344966
rs35586577,19,45874412,5.475114516635349,0.0099807150134805,FOXA3,400.15554526681115
rs201574164,16,73248645,5.502636518546928,0.0132376949678681,ZFHX3,403.58052881849244
rs10901252,9,133252613,10.567599092359728,0.0269969294516591,ABO,404.35417665428093
rs10873701,1,85394691,-6.227862306537003,-0.0085002968287278,DDAH1,406.32359972320677
rs10802491,1,247388412,7.02174643990608,0.0056284259155535,NLRP3,408.97327636106337
rs112166539,5,98085447,6.103712434574022,0.0193782214215891,,410.7498121642351
rs10701171,17,31529111,5.490453532637524,0.018590715969599,RAB11FIP4,411.0690609032906
rs750871923,12,6385904,6.78396549335237,0.0056015628242985,LTBR,413.74063006116006
rs141037074,17,18702414,5.6347257171363445,0.0169771146501937,FOXO3B,416.2550445729684
rs150494852,19,51612875,5.628316292996826,0.0051954355332997,SIGLEC5,417.4375095014838
rs1774131,1,19981070,-7.065389209263784,-0.005807175238184,PLA2G2A,417.9361632623668
rs7023969,9,32095378,-6.164779360978457,-0.0053848872760537,ACO1,422.2987937181349
rs7246865,19,17108295,6.681494376653297,0.0064544243325002,MYO9B,431.6065904462346
rs1941635,11,118111780,6.106217801627045,0.0091868727079628,TMPRSS4,442.14225361059266
rs12512607,4,1354460,-5.559465894223083,-0.0045150280512249,UVSSA,442.6986966085548
rs76613515,8,1054014,5.617668556683739,0.0250441050562521,DLGAP2,443.52747291201945
rs114087609,7,1193731,5.478848301973315,0.0165240255336726,ZFAND2A,449.2860681876698
rs11160318,14,96193582,-7.73597647338828,-0.0062678068802795,BDKRB2,450.3196289966338
rs76277413,1,161595591,8.458228512798378,0.0113401335186714,ENSG00000289768,457.93416602837567
rs75398812,3,38624089,5.472759930373177,0.0105601066794229,SCN5A,460.78926151533415
rs2516747,14,105678347,10.613088284891704,0.012105777265411,TMEM121,486.14074974095666
rs67585720,12,113680034,5.93919115882256,0.0081761799606512,RBM19,488.82458680081277
rs17814543,19,54860920,5.5024043238937965,0.0058299629851479,KIR3DL2,491.09912129058955
6:30989273,6,30989273,-10.596189026752274,-0.0128419919443686,MUC21,499.4019596798867
rs72771556,16,12408181,6.1205797205485615,0.0048375619326431,SNX29,503.1148668834574
rs11867717,17,16961105,-6.558004722486393,-0.0055887713805163,TNFRSF13B,504.3080998966469
rs2921098,8,8508736,6.096119500509,0.005020266576606,PRAG1,511.46477968703294
rs61828723,10,3844712,5.608416959532788,0.011903405447946,KLF6,522.6963015627342
rs7146689,14,92633679,6.30042107205071,0.0070522106430522,RIN3,535.8474250399737
rs55945512,6,30002262,10.176843680280497,0.0395681837020165,HLA-A,541.5657580442149
rs34361301,9,14535121,6.026359533280126,0.0057965014625361,ZDHHC21,554.1442646580554
rs62433354,7,522201,6.632977327037119,0.0131910608145718,PDGFA,574.3929902778906
rs72807046,16,85968015,6.5091025688010165,0.0182568842913381,IRF8,637.4536134371988
rs56309796,4,56876107,6.527665824157311,0.0073550533036352,SPINK2,673.0936631178078
rs6578679,11,5691617,5.452517700749403,0.0049616495374704,TRIM5,796.4844428102494
rs78963230,4,186069794,6.396748556196877,0.0113365518062038,TLR3,801.4755278694523
rs41284511,6,31409977,13.732645428106268,0.031997643016391,MICA,1696.048221842828
rs28383234,6,32616406,13.70362624419154,0.0301320059861105,HLA-DQA1,5475.292655903739
