,ACB_rank,ASW_rank,BEB_rank,CDX_rank,CEU_rank,CHB_rank,CHS_rank,CLM_rank,ESN_rank,FIN_rank,GBR_rank,GIH_rank,GWD_rank,IBS_rank,ITU_rank,JPT_rank,KHV_rank,LWK_rank,MSL_rank,MXL_rank,PEL_rank,PJL_rank,PUR_rank,STU_rank,TSI_rank,YRI_rank
ACB_rank,1.0,0.9731837282671538,0.7455384109090817,0.6621980629686444,0.7133061546640305,0.6596066246100165,0.6599364883309341,0.7626333525527433,0.9759957619599685,0.7052485887887805,0.7066065286902269,0.7427362812345154,0.9703507071257891,0.7207288076071965,0.7444299795618506,0.6567706994666385,0.6632439748512873,0.9688829427366893,0.9728832833226864,0.7238622237114501,0.6489565236709297,0.7508496687907233,0.7887069956148638,0.7471922617111043,0.7213153628722421,0.9789854777683452
ASW_rank,0.9731837282671538,1.0,0.7757618608285765,0.6840010799910203,0.7541001162118383,0.6838752312593823,0.6824498764945613,0.8020282324027526,0.9562012969124886,0.7462575032787375,0.7483352301913748,0.7754334288940838,0.95437870440319,0.7604466692266793,0.7753533980379198,0.6814231626127399,0.6873953865479961,0.9570868604126066,0.9539654504338391,0.761791181442611,0.6792278494784353,0.783827720064192,0.8265806113637826,0.7774961566728443,0.7600583038800678,0.9587989253253517
BEB_rank,0.7455384109090817,0.7757618608285765,1.0,0.8236597834189815,0.8644863340453457,0.8273692460862432,0.8240685997192306,0.8914759548382409,0.7054501998646899,0.8659902116183908,0.8630002983317142,0.9713627440158706,0.7111818441154967,0.8627860830515659,0.9777501454020603,0.8194124412674196,0.8351407809448078,0.7260291376334388,0.708076656840796,0.8718974482504271,0.788949431971139,0.9731010372238532,0.8908657699990078,0.9772920917233333,0.86854056341786,0.7093511025695708
CDX_rank,0.6621980629686444,0.6840010799910203,0.8236597834189815,1.0,0.7139032894093504,0.9546538424000777,0.9673053622695026,0.7704375215854005,0.6315889900322221,0.7281443143168285,0.7129604192132866,0.7853541925826519,0.6348978912073204,0.7140059999999226,0.7956949630268012,0.9346213274157726,0.9754948812198271,0.6459523413608796,0.6345357319871143,0.7842665408294323,0.7456628758964648,0.7893598377499847,0.7580700684774766,0.7986726095339168,0.7188982110517201,0.6352554728560869
CEU_rank,0.7133061546640305,0.7541001162118383,0.8644863340453457,0.7139032894093504,1.0,0.7211748893072941,0.7159465773747679,0.9345608248927345,0.6694144672832669,0.9642069647876835,0.9828970809111599,0.8792040452287238,0.6744482711264277,0.9764067610129608,0.8622862135549598,0.714896160441144,0.7241333744549162,0.6883045000047161,0.6729497649954017,0.8757977824034613,0.7525276564088543,0.8920561875060927,0.9474353445646632,0.8604435214343965,0.9720854528688333,0.6711927976775477
CHB_rank,0.6596066246100165,0.6838752312593823,0.8273692460862432,0.9546538424000777,0.7211748893072941,1.0,0.9790428856172947,0.7789969467847934,0.628893110298934,0.7354523953680981,0.7214742105046876,0.7895328266397345,0.631145096026995,0.7223627741644777,0.8004041467531248,0.9630526391509778,0.9640287457077154,0.6432380720180864,0.6315457042535652,0.7948370440239129,0.7580088708268922,0.7948792021399088,0.7651352770023357,0.8021374766709277,0.7259376695117072,0.6326782916915162
CHS_rank,0.6599364883309341,0.6824498764945613,0.8240685997192306,0.9673053622695026,0.7159465773747679,0.9790428856172947,1.0,0.7744754494376288,0.629236187602805,0.7317883107646826,0.7154393524118043,0.7866168469271108,0.6314701105977402,0.7161988204451293,0.797606841548155,0.9576351733880591,0.9713226377002341,0.6440101493817233,0.6324433296526719,0.7887093594243457,0.7537407357338044,0.7914864017456473,0.7592699644193683,0.7982316305493274,0.7194907788854555,0.6324902583983425
CLM_rank,0.7626333525527433,0.8020282324027526,0.8914759548382409,0.7704375215854005,0.9345608248927345,0.7789969467847934,0.7744754494376288,1.0,0.7186822237422974,0.9243422936972766,0.9323758260171663,0.8945613993457583,0.7260060252923116,0.937075694900267,0.8842050598929896,0.7751249270455808,0.7821169715021516,0.7399945258574142,0.723846413636035,0.9437060464150344,0.8503215385353081,0.9057155912191823,0.9615485680786272,0.8842165985068345,0.9336470277374312,0.7227333624834846
ESN_rank,0.9759957619599685,0.9562012969124886,0.7054501998646899,0.6315889900322221,0.6694144672832669,0.628893110298934,0.629236187602805,0.7186822237422974,1.0,0.6618855450412028,0.6625115079026913,0.7036030662944549,0.967023822458856,0.6757781461015582,0.7064078335962413,0.6269040925784414,0.6315347272984994,0.963795438667093,0.9707462850150335,0.6836702878188616,0.6180109445763261,0.7097148824055203,0.7453211039179451,0.7080622304519498,0.6765578121407961,0.9843109356692515
FIN_rank,0.7052485887887805,0.7462575032787375,0.8659902116183908,0.7281443143168285,0.9642069647876835,0.7354523953680981,0.7317883107646826,0.9243422936972766,0.6618855450412028,1.0,0.9619196237309549,0.878991467978144,0.6683818371629578,0.9499533651546966,0.8626661810523871,0.7305649304459282,0.7378155082569277,0.6825478642921983,0.6660388531122106,0.8757840584849507,0.7595247878194512,0.8895617803841668,0.9315449479915379,0.8611534237712187,0.9450857538069684,0.6638780129023725
GBR_rank,0.7066065286902269,0.7483352301913748,0.8630002983317142,0.7129604192132866,0.9828970809111599,0.7214742105046876,0.7154393524118043,0.9323758260171663,0.6625115079026913,0.9619196237309549,1.0,0.8784915528148459,0.6687776421626064,0.9747644942354707,0.8610988174624078,0.7150474005402033,0.7238006324208143,0.682384430008642,0.6671815865787757,0.8763955245255789,0.7524213829436471,0.8912602417490842,0.9440940941747368,0.8591425251073619,0.9709967476418802,0.6646195679778474
GIH_rank,0.7427362812345154,0.7754334288940838,0.9713627440158706,0.7853541925826519,0.8792040452287238,0.7895328266397345,0.7866168469271108,0.8945613993457583,0.7036030662944549,0.878991467978144,0.8784915528148459,1.0,0.7098779870492883,0.877140850631548,0.9735944122355676,0.7826016818571361,0.7964490729508136,0.7243042611085772,0.7058130561370332,0.8679197672301596,0.7757446693364857,0.975524378603965,0.8967382571720456,0.9718120351290257,0.8838552312999669,0.7062898477224447
GWD_rank,0.9703507071257891,0.95437870440319,0.7111818441154967,0.6348978912073204,0.6744482711264277,0.631145096026995,0.6314701105977402,0.7260060252923116,0.967023822458856,0.6683818371629578,0.6687776421626064,0.7098779870492883,1.0,0.6822720740881539,0.7114660588515042,0.6287053345193966,0.6346029154339095,0.9601651172551642,0.9753055665933877,0.6899763038305965,0.6214476707949328,0.7151837244311068,0.7529314056777207,0.7149192844043388,0.6834418872137197,0.972006237419788
IBS_rank,0.7207288076071965,0.7604466692266793,0.8627860830515659,0.7140059999999226,0.9764067610129608,0.7223627741644777,0.7161988204451293,0.937075694900267,0.6757781461015582,0.9499533651546966,0.9747644942354707,0.877140850631548,0.6822720740881539,1.0,0.8606708991822173,0.7163068849142172,0.7253222283661664,0.6946544595307979,0.6793539701338897,0.8753151022452108,0.7500619271025225,0.8896880575459869,0.9531057514756858,0.8599163680690092,0.9786437024208674,0.6778665368502947
ITU_rank,0.7444299795618506,0.7753533980379198,0.9777501454020603,0.7956949630268012,0.8622862135549598,0.8004041467531248,0.797606841548155,0.8842050598929896,0.7064078335962413,0.8626661810523871,0.8610988174624078,0.9735944122355676,0.7114660588515042,0.8606708991822173,1.0,0.7935594204970864,0.8067044874387661,0.7262220875663824,0.7077008021365404,0.8621000726533251,0.7753150308522501,0.9746814158081798,0.8852569883635856,0.9808469078372483,0.8681859817118456,0.7095232131516693
JPT_rank,0.6567706994666385,0.6814231626127399,0.8194124412674196,0.9346213274157726,0.714896160441144,0.9630526391509778,0.9576351733880591,0.7751249270455808,0.6269040925784414,0.7305649304459282,0.7150474005402033,0.7826016818571361,0.6287053345193966,0.7163068849142172,0.7935594204970864,1.0,0.9415770135178716,0.6412512473726469,0.6297871862983719,0.7922156931750095,0.7579546715089067,0.7878167081476547,0.7586548949371449,0.796237852676382,0.7188415414350349,0.6304120433916678
KHV_rank,0.6632439748512873,0.6873953865479961,0.8351407809448078,0.9754948812198271,0.7241333744549162,0.9640287457077154,0.9713226377002341,0.7821169715021516,0.6315347272984994,0.7378155082569277,0.7238006324208143,0.7964490729508136,0.6346029154339095,0.7253222283661664,0.8067044874387661,0.9415770135178716,1.0,0.6470040332387429,0.6345046033710547,0.7957734014841951,0.7566052075859498,0.8014639330262826,0.7685801553539369,0.8102545991887026,0.7285037886338165,0.6352805633556945
LWK_rank,0.9688829427366893,0.9570868604126066,0.7260291376334388,0.6459523413608796,0.6883045000047161,0.6432380720180864,0.6440101493817233,0.7399945258574142,0.963795438667093,0.6825478642921983,0.682384430008642,0.7243042611085772,0.9601651172551642,0.6946544595307979,0.7262220875663824,0.6412512473726469,0.6470040332387429,1.0,0.9617416730517436,0.702150759836254,0.6336970606981228,0.7298921734570752,0.7648149850665659,0.7284860094739584,0.6958825506507259,0.9666849755683845
MSL_rank,0.9728832833226864,0.9539654504338391,0.708076656840796,0.6345357319871143,0.6729497649954017,0.6315457042535652,0.6324433296526719,0.723846413636035,0.9707462850150335,0.6660388531122106,0.6671815865787757,0.7058130561370332,0.9753055665933877,0.6793539701338897,0.7077008021365404,0.6297871862983719,0.6345046033710547,0.9617416730517436,1.0,0.6866312848891643,0.6197561110551765,0.7127844008323203,0.7488117817761097,0.7113857073202765,0.6807932376805998,0.974731435517346
MXL_rank,0.7238622237114501,0.761791181442611,0.8718974482504271,0.7842665408294323,0.8757977824034613,0.7948370440239129,0.7887093594243457,0.9437060464150344,0.6836702878188616,0.8757840584849507,0.8763955245255789,0.8679197672301596,0.6899763038305965,0.8753151022452108,0.8621000726533251,0.7922156931750095,0.7957734014841951,0.702150759836254,0.6866312848891643,1.0,0.9058482368961424,0.8774841472867393,0.9201377068789621,0.86320379024786,0.8736983750260804,0.6878707839812209
PEL_rank,0.6489565236709297,0.6792278494784353,0.788949431971139,0.7456628758964648,0.7525276564088543,0.7580088708268922,0.7537407357338044,0.8503215385353081,0.6180109445763261,0.7595247878194512,0.7524213829436471,0.7757446693364857,0.6214476707949328,0.7500619271025225,0.7753150308522501,0.7579546715089067,0.7566052075859498,0.6336970606981228,0.6197561110551765,0.9058482368961424,1.0,0.7821978780129105,0.8103050272682242,0.7734094064905864,0.7488461238886452,0.6216720735254039
PJL_rank,0.7508496687907233,0.783827720064192,0.9731010372238532,0.7893598377499847,0.8920561875060927,0.7948792021399088,0.7914864017456473,0.9057155912191823,0.7097148824055203,0.8895617803841668,0.8912602417490842,0.975524378603965,0.7151837244311068,0.8896880575459869,0.9746814158081798,0.7878167081476547,0.8014639330262826,0.7298921734570752,0.7127844008323203,0.8774841472867393,0.7821978780129105,1.0,0.9083349476849522,0.973328070068355,0.8966601801434446,0.7124969402842422
PUR_rank,0.7887069956148638,0.8265806113637826,0.8908657699990078,0.7580700684774766,0.9474353445646632,0.7651352770023357,0.7592699644193683,0.9615485680786272,0.7453211039179451,0.9315449479915379,0.9440940941747368,0.8967382571720456,0.7529314056777207,0.9531057514756858,0.8852569883635856,0.7586548949371449,0.7685801553539369,0.7648149850665659,0.7488117817761097,0.9201377068789621,0.8103050272682242,0.9083349476849522,1.0,0.8860615831464332,0.9503242078201958,0.7486425717723877
STU_rank,0.7471922617111043,0.7774961566728443,0.9772920917233333,0.7986726095339168,0.8604435214343965,0.8021374766709277,0.7982316305493274,0.8842165985068345,0.7080622304519498,0.8611534237712187,0.8591425251073619,0.9718120351290257,0.7149192844043388,0.8599163680690092,0.9808469078372483,0.796237852676382,0.8102545991887026,0.7284860094739584,0.7113857073202765,0.86320379024786,0.7734094064905864,0.973328070068355,0.8860615831464332,1.0,0.8660019590810734,0.7118078937338355
TSI_rank,0.7213153628722421,0.7600583038800678,0.86854056341786,0.7188982110517201,0.9720854528688333,0.7259376695117072,0.7194907788854555,0.9336470277374312,0.6765578121407961,0.9450857538069684,0.9709967476418802,0.8838552312999669,0.6834418872137197,0.9786437024208674,0.8681859817118456,0.7188415414350349,0.7285037886338165,0.6958825506507259,0.6807932376805998,0.8736983750260804,0.7488461238886452,0.8966601801434446,0.9503242078201958,0.8660019590810734,1.0,0.6789454071080621
YRI_rank,0.9789854777683452,0.9587989253253517,0.7093511025695708,0.6352554728560869,0.6711927976775477,0.6326782916915162,0.6324902583983425,0.7227333624834846,0.9843109356692515,0.6638780129023725,0.6646195679778474,0.7062898477224447,0.972006237419788,0.6778665368502947,0.7095232131516693,0.6304120433916678,0.6352805633556945,0.9666849755683845,0.974731435517346,0.6878707839812209,0.6216720735254039,0.7124969402842422,0.7486425717723877,0.7118078937338355,0.6789454071080621,1.0
