series,pair_set,n_pairs,n_sites,repetition,seconds,baseline_reused
cuda,within,178,313277,0,0.9170491820041207,False
cuda,within,178,313277,1,0.9132815289995051,False
cuda,within,178,313277,2,0.9175032999992254,False
cuda,cross:1,708,313277,0,1.0363894010006334,False
cuda,cross:1,708,313277,1,1.0259766099989065,False
cuda,cross:1,708,313277,2,1.0271036449994426,False
cuda,cross:5,3460,313277,0,1.7056561680001323,False
cuda,cross:5,3460,313277,1,1.6796711009956198,False
cuda,cross:5,3460,313277,2,1.711605636002787,False
cuda,cross:15,9780,313277,0,2.9098522849963047,False
cuda,cross:15,9780,313277,1,2.8674162509996677,False
cuda,cross:15,9780,313277,2,2.814311471003748,False
cuda,cross:89,31684,313277,0,6.529306458003703,False
cuda,cross:89,31684,313277,1,7.143516424999689,False
cuda,cross:89,31684,313277,2,6.747496146999765,False
cuda,all,63190,313277,0,15.906053334998433,False
cuda,all,63190,313277,1,18.213069179997547,False
cuda,all,63190,313277,2,15.190143400002853,False
gamma_cpu,within,178,313277,0,13.426018321886659,True
gamma_cpu,within,178,313277,1,13.236670203506947,True
gamma_cpu,within,178,313277,2,13.456929862499237,True
gamma_cpu,cross:1,708,313277,0,24.36929127573967,True
gamma_cpu,cross:1,708,313277,1,23.8902274556458,True
gamma_cpu,cross:1,708,313277,2,24.558874364942312,True
gamma_cpu,cross:5,3460,313277,0,84.40410565584898,True
gamma_cpu,cross:5,3460,313277,1,86.01559005491436,True
gamma_cpu,cross:5,3460,313277,2,88.62103461846709,True
gamma_cpu,cross:15,9780,313277,0,186.82006199471653,True
gamma_cpu,cross:15,9780,313277,1,169.77111130952835,True
gamma_cpu,cross:15,9780,313277,2,181.22009753622115,True
gamma_cpu,cross:89,31684,313277,0,532.916112491861,True
gamma_cpu,cross:89,31684,313277,1,532.094761768356,True
gamma_cpu,cross:89,31684,313277,2,546.2738825995475,True
gamma_cpu,all,63190,313277,0,1072.0027309115976,True
gamma_cpu,all,63190,313277,1,1076.7371023856103,True
gamma_cpu,all,63190,313277,2,1090.653282308951,True
asmc8,within,178,313277,0,29.91665292903781,True
asmc8,within,178,313277,1,30.234886407852173,True
asmc8,within,178,313277,2,29.76673773676157,True
asmc8,cross:1,708,313277,0,46.98173584416509,True
asmc8,cross:1,708,313277,1,42.76979689672589,True
asmc8,cross:1,708,313277,2,45.73911140114069,True
asmc8,cross:5,3460,313277,0,85.31108411960304,True
asmc8,cross:5,3460,313277,1,84.12376363761723,True
asmc8,cross:5,3460,313277,2,85.12814619578421,True
asmc8,cross:15,9780,313277,0,186.80113269016147,True
asmc8,cross:15,9780,313277,1,186.2531912829727,True
asmc8,cross:15,9780,313277,2,169.87698521651328,True
asmc8,cross:89,31684,313277,0,477.1518389210105,True
asmc8,cross:89,31684,313277,1,482.477286349982,True
asmc8,cross:89,31684,313277,2,473.54858475364745,True
asmc8,all,63190,313277,0,1043.0326712038368,True
asmc8,all,63190,313277,1,995.8235134389251,True
asmc8,all,63190,313277,2,924.8850149270147,True
asmc1,within,178,313277,0,57.87234351597726,True
asmc1,within,178,313277,1,52.239493396133184,True
asmc1,within,178,313277,2,39.08412650041282,True
asmc1,cross:1,708,313277,0,103.43909867666662,True
asmc1,cross:1,708,313277,1,105.67092690058053,True
asmc1,cross:1,708,313277,2,106.62280854396522,True
asmc1,cross:5,3460,313277,0,431.63359826244414,True
asmc1,cross:5,3460,313277,1,412.8670528680086,True
asmc1,cross:5,3460,313277,2,395.9369538798928,True
asmc1,cross:15,9780,313277,0,1049.6867134310305,True
asmc1,cross:15,9780,313277,1,1082.6040921770036,True
asmc1,cross:15,9780,313277,2,1051.4472771491855,True
asmc1,cross:89,31684,313277,0,3467.6593793034554,True
asmc1,cross:89,31684,313277,1,3463.485813230276,True
asmc1,cross:89,31684,313277,2,3458.338669506833,True
asmc1,all,63190,313277,0,7192.0019942540675,True
asmc1,all,63190,313277,1,7102.520653022453,True
asmc1,all,63190,313277,2,6916.3961404990405,True
