gene,cutoff_percent,n_nonafr_below,n_sas_eur_below,n_eas_below,best_percentile,stage4_eligible,locus_representative
GRK2,0.5,7,7,0,0.19084981180088,True,True
TREML1,0.5,0,0,0,1.1669658886894,False,False
TREM2,0.5,0,0,0,1.0731551824895,False,False
IFIH1,0.5,2,2,0,0.4391766760146,True,True
CCDC92,0.5,0,0,0,1.8521475331310802,False,False
CLEC6A,0.5,0,0,0,3.30113576053497,False,False
SLC6A15,0.5,0,0,0,0.52011463751194,False,False
BPIFA2,0.5,0,0,0,1.2829348459948,False,False
GRK2,1.0,9,9,0,0.19084981180088,True,True
TREML1,1.0,0,0,0,1.1669658886894,False,False
TREM2,1.0,0,0,0,1.0731551824895,False,False
IFIH1,1.0,10,10,0,0.4391766760146,True,True
CCDC92,1.0,0,0,0,1.8521475331310802,False,False
CLEC6A,1.0,0,0,0,3.30113576053497,False,False
SLC6A15,1.0,5,0,5,0.52011463751194,True,True
BPIFA2,1.0,0,0,0,1.2829348459948,False,False
GRK2,2.0,10,10,0,0.19084981180088,True,True
TREML1,2.0,7,2,3,1.1669658886894,True,False
TREM2,2.0,10,5,3,1.0731551824895,True,True
IFIH1,2.0,10,10,0,0.4391766760146,True,True
CCDC92,2.0,1,0,1,1.8521475331310802,True,False
CLEC6A,2.0,0,0,0,3.30113576053497,False,False
SLC6A15,2.0,5,0,5,0.52011463751194,True,True
BPIFA2,2.0,5,4,0,1.2829348459948,True,True
GRK2,5.0,11,10,0,0.19084981180088,True,True
TREML1,5.0,18,10,5,1.1669658886894,True,False
TREM2,5.0,18,10,5,1.0731551824895,True,True
IFIH1,5.0,12,10,2,0.4391766760146,True,True
CCDC92,5.0,5,0,5,1.8521475331310802,True,False
CLEC6A,5.0,4,0,4,3.30113576053497,False,False
SLC6A15,5.0,5,0,5,0.52011463751194,True,True
BPIFA2,5.0,8,5,1,1.2829348459948,True,True
