gene_id,gene_name,start,end,chr,ACB_tmrca,ASW_tmrca,BEB_tmrca,CDX_tmrca,CEU_tmrca,CHB_tmrca,CHS_tmrca,CLM_tmrca,ESN_tmrca,FIN_tmrca,GBR_tmrca,GIH_tmrca,GWD_tmrca,IBS_tmrca,ITU_tmrca,JPT_tmrca,KHV_tmrca,LWK_tmrca,MSL_tmrca,MXL_tmrca,PEL_tmrca,PJL_tmrca,PUR_tmrca,STU_tmrca,TSI_tmrca,YRI_tmrca,ACB_rank,ASW_rank,BEB_rank,CDX_rank,CEU_rank,CHB_rank,CHS_rank,CLM_rank,ESN_rank,FIN_rank,GBR_rank,GIH_rank,GWD_rank,IBS_rank,ITU_rank,JPT_rank,KHV_rank,LWK_rank,MSL_rank,MXL_rank,PEL_rank,PJL_rank,PUR_rank,STU_rank,TSI_rank,YRI_rank,min_rank,max_rank,rank_range,min_pop,sd_unique_bp_fraction,is_sd,AFR_max_rank,AFR_descriptive_score,EUR_max_rank,EUR_descriptive_score,EAS_max_rank,EAS_descriptive_score,SAS_max_rank,SAS_descriptive_score,AMR_max_rank,AMR_descriptive_score,descriptive_replication_score,score_rank_all_genes
ENSG00000171241.9,SHCBP1,46578591,46621379,16,2831.3257353892604,2179.0425470018395,438.52644280577124,333.34912452563356,635.321490470511,323.86381916225076,356.23828380254844,750.4449925317307,3367.590533396613,625.1243646706064,507.1240185601515,590.7336807336037,2604.63687294982,612.0921881642727,439.88720061986027,317.1738977259002,354.71688934162813,2595.546665649952,3730.443481764906,524.669993802776,302.16495335568044,587.5440108982349,1126.5260382375563,476.08613523463663,562.4487414500874,3170.019011099203,0.0044327176781002635,0.003170912165733009,0.0005821337849280271,0.0003193357815743254,0.0012179622961237025,0.00026561835954101146,0.0004240207770180739,0.0012158376063857905,0.0061783809473517455,0.0010625298836529778,0.0007964319847085059,0.0010602767322271114,0.004327633523327,0.0010582570506376,0.0005293245818335803,0.00026608482784311636,0.00037151045536567244,0.003643468159256521,0.006444115782801606,0.0006357279084551812,0.00026502703275734125,0.0011105235325224749,0.002271526677231907,0.0005821645938078857,0.000901474175416269,0.005069173091139508,0.00026502703275734125,0.006444115782801606,0.006179088750044265,PEL,0.0,False,0.006444115782801606,6.347707858163712e-05,0.0012179622961237025,1.2468574202217071e-05,0.0004240207770180739,1.223695352968692e-06,0.0011105235325224749,1.6668349628184863e-05,0.002271526677231907,6.57435028303353e-06,6.11847676484346e-06,15.0
ENSG00000188467.11,SLC24A5,48120990,48142672,15,9987.327334631122,8663.85582248301,3261.11278937506,5035.3364600770765,456.2262173156645,5214.047475825651,4644.668314504394,1942.5540335951753,10443.34462656491,435.93853153025884,376.2778084398428,511.09506254923207,8846.447714012838,441.67543664365604,2162.8916052564873,4117.326187022226,4661.800987102096,9378.794272029954,11463.951331682076,2745.768095641802,3937.422590544353,1624.880590171931,1461.4409610173216,4464.825225220203,355.26048260519025,10394.66568294781,0.07546174142480211,0.05411690096184336,0.04852878916172735,0.2132098568311246,0.0008472781190425757,0.2264130896727582,0.17803572375046378,0.00623777554580536,0.09536885462322438,0.0005843914360091377,0.000584050122119571,0.0008482213857816891,0.06306734219970446,0.00068786708291444,0.01773237349142494,0.1559257091160662,0.1752998620104023,0.06447354525293061,0.10553560109866893,0.03443526170798898,0.16315064136541926,0.006345848757271285,0.003116745905969361,0.10013231013495634,0.0003711952487008166,0.0935156827542507,0.0003711952487008166,0.2264130896727582,0.22604189442405737,TSI,0.0,False,0.10553560109866893,0.01345700308807861,0.0008472781190425757,6.770182317487754e-06,0.2264130896727582,0.07398033702316113,0.10013231013495634,0.02419262648141386,0.16315064136541926,0.028609885656687702,3.385091158743877e-05,39.0
ENSG00000104177.20,MYEF2,48134632,48178353,15,9086.303653680605,7091.112977600103,2615.322641494031,3802.012816384401,440.16492207267015,3982.907688778104,3791.8754522853437,1649.3348549448444,9491.224192359898,418.1642870549376,372.39702192528864,508.0436035128499,7429.588877087179,437.97472500585303,1821.21457163643,3213.099499381777,3814.6725900590495,8125.7327919554855,10071.877650958015,2090.376821561737,3096.385736068888,1445.0887843063317,1224.1484676163504,3380.5978943280575,359.7578866127491,9301.291442492173,0.05841688654353562,0.03170912165733009,0.02852455546147333,0.13034222151258715,0.0007943232366024147,0.14662133446663833,0.12434409286055016,0.004281862874663002,0.072767597824365,0.0004250119534611911,0.0004778591908251035,0.0007952075491703335,0.03921258180282879,0.0006349542303825599,0.010851153927588397,0.09908998988877654,0.12493365884725613,0.043299186820149965,0.07336784280583139,0.016475948294130113,0.1029895049295028,0.0047065044949762035,0.0024828314844162706,0.05493516803387139,0.0004772510340439071,0.06832822895765128,0.0004250119534611911,0.14662133446663833,0.14619632251317713,FIN,0.0,False,0.07336784280583139,0.00670569265874933,0.0007943232366024147,6.0734394598976426e-06,0.14662133446663833,0.034539013409368984,0.05493516803387139,0.009162808729443384,0.1029895049295028,0.011611177399883882,3.0367197299488212e-05,37.0
ENSG00000233932.6,CTXN2,48178122,48203758,15,12577.278431357,11083.925888999422,3667.086157990982,5644.519973320421,439.4109086498912,5826.753936582185,5426.433072459178,1386.9741902445076,13032.870282376247,430.84990810704574,374.77240697344746,587.7130537940641,12036.681482648792,469.5217651506112,2259.9703497713845,5582.103409387197,5584.443494448833,11308.57593117374,13960.586920029036,1806.1792550561324,2689.513206477608,1812.2991000326062,1162.1767855832898,4931.341404851495,365.5015211214246,12417.28498925545,0.14073878627968336,0.10654264876862911,0.0620766299745978,0.25546862525946035,0.0007413683541622537,0.26763705907352314,0.2306673026978322,0.002801712745149865,0.1680836457728257,0.0005312649418264889,0.0005309546564723373,0.0010072628956157557,0.1415452818239392,0.0007407799354463199,0.020643658691509633,0.2511308605183332,0.23797898312281074,0.10771992818671454,0.17964293260088737,0.010277601186692097,0.07802395844376127,0.008778424114225278,0.002377179080824089,0.12093146335009261,0.0005302789267154523,0.14938219452951737,0.0005302789267154523,0.26763705907352314,0.26710678014680767,TSI,0.0,False,0.17964293260088737,0.0372853563521632,0.0007413683541622537,5.407714408626344e-06,0.26763705907352314,0.0991894386554679,0.12093146335009261,0.03282771677080313,0.07802395844376127,0.00673821248900752,2.703857204313172e-05,35.0
ENSG00000069329.19,VPS35,46656132,46689518,16,5787.686333230271,5658.091600989697,999.344409584892,569.7991811293724,1943.9493863829125,595.5086894461012,650.256148069266,2291.349080896473,6961.096470865975,2131.1650785453826,1799.8079538409297,1632.3073095804173,5691.17771769656,2523.868260643436,1042.9885270473574,532.4994326133404,648.0895396333381,6242.685981604203,6683.202609183872,1331.6692664714965,570.030670141543,1716.1320632735822,3294.6577838449452,1269.1831422985847,1819.1301538842445,6095.862819132685,0.017150395778364115,0.01701722862276715,0.0023285351397121083,0.001117675235510139,0.016045329379368777,0.0009562260943476413,0.0013250649281814808,0.011735476026854152,0.030258224639594444,0.022153748074164585,0.014866730381225443,0.007633992472035201,0.01984378298501161,0.030371977353299117,0.0027524878255346177,0.000957905380235219,0.0012737501326823054,0.020065476819093885,0.02350517642087471,0.004132231404958678,0.0007950810982720238,0.00745637228979376,0.025250924458531433,0.00449854458851548,0.013840279987273305,0.02212482838736931,0.0007950810982720238,0.030371977353299117,0.029576896255027095,PEL,0.4263935064546081,False,0.030258224639594444,0.0012287861595399589,0.030371977353299117,0.002794885886979892,0.0013250649281814808,9.019145716824847e-06,0.007633992472035201,0.00037660789464283615,0.025250924458531433,0.0007381473880054377,4.509572858412423e-05,50.0
ENSG00000181903.7,OR4C6,55662201,55666195,11,981.0681561189433,1174.048093178109,832.4424193334389,846.9947719968775,920.2405485099495,897.0233530546649,902.2529905194018,858.7054345058102,912.9339657946433,963.285561412502,866.7729894595774,828.3892626473995,966.0642119185376,935.6485846899732,829.1986591130919,837.0755325182789,865.7731822112152,794.8418392475853,1000.7505821644856,931.3289863763802,824.5013489841675,874.3775467590441,884.9229043342494,817.443019031274,917.8814149870949,960.4048282864262,0.0011081794195250659,0.001374061938484304,0.0017464013547840813,0.0034062483367928043,0.002488879474687566,0.004728006799830004,0.003604176604653628,0.0016387376433895438,0.0008449067962190421,0.0021781862614886046,0.001964532228947648,0.0018554842813974448,0.0011082963901203294,0.0021165141012752,0.0017467711200508153,0.0028204991751370335,0.0028659377985351875,0.0008448621818565846,0.0008979505598985844,0.0020131383767747406,0.002332237888264603,0.0021152829190904283,0.0017960908610670893,0.0017994178354061921,0.002015059921518719,0.0009504699545886577,0.0008448621818565846,0.004728006799830004,0.0038831446179734197,LWK,0.0,False,0.001374061938484304,3.2866973564447786e-06,0.002488879474687566,4.150453210677277e-05,0.004728006799830004,8.38719407749743e-05,0.0021152829190904283,4.725673945207271e-05,0.002332237888264603,6.9232010873511615e-06,1.6433486782223895e-05,29.0
ENSG00000150281.7,CTF1,30896614,30903547,16,9693.207245301397,10577.472733578077,2242.6591202633745,1125.4420711543444,4593.229270394168,599.8093937642271,953.3507467192734,4291.942085224917,9765.79806133355,4695.528811760604,5966.019207428099,3341.6919384744338,8299.422825327072,5301.970521717724,1988.7322903296902,996.4678481988153,1218.3158732901172,9650.740748359894,7469.770044292146,3134.7402843426084,2178.1646725009377,3258.689556086537,6029.123063505136,1889.9286893808974,4600.2824305286895,9505.119570289231,0.06992084432717678,0.09412324278617483,0.018099068585944116,0.008781733993293949,0.12116077102308832,0.0010093497662558436,0.004558223352944295,0.06887984352698631,0.0786819453978983,0.13456940976464962,0.199001805245832,0.055399459258866565,0.052987122651467176,0.14556325731520187,0.013762439127673089,0.0067585546272151565,0.009393907228532002,0.06943711057133806,0.03200929642932601,0.049109980928162746,0.049878087564931624,0.046694870438921204,0.11553090332805072,0.012278380523948135,0.12291865521264185,0.07323899038969268,0.0010093497662558436,0.199001805245832,0.19799245547957614,CHB,0.0,False,0.09412324278617483,0.01080749425916196,0.199001805245832,0.06609118985392577,0.009393907228532002,0.00027945864959580554,0.055399459258866565,0.009288375504934974,0.11553090332805072,0.014544555626593821,0.0013972932479790277,292.0
ENSG00000175938.7,ORAI3,30949068,30956461,16,5820.319816323669,6327.660481599061,1718.5635197070199,1043.1084209484804,3143.0173875420865,615.0137954366353,972.1897977399826,3270.8067313655265,5957.566140234605,3024.996216844856,3635.921959534213,2288.721904757501,5593.862314337381,3439.0663295983863,1533.5311590567862,965.9031168222386,1234.239016809776,6582.982619090483,5668.366692747679,3000.5238714118186,2547.0538607716708,2232.940325056587,3966.726993179678,1589.5880871814493,2970.796717783026,6072.481114263695,0.017519788918205804,0.022883416129373217,0.00846740050804403,0.006067379849912183,0.05819741580173692,0.0011155971100722483,0.0048232363385805905,0.035365015594438866,0.01922162961398321,0.05636721032779047,0.08394393118827652,0.020251285585537824,0.019052142706354233,0.06407746441610668,0.006298962523819607,0.005800649246979937,0.009712344761702579,0.02365614109198437,0.01574054510881048,0.0439711803348167,0.06996713664793809,0.01554732945531465,0.04083465398837824,0.007144747287642234,0.053876338954289955,0.02186080895553913,0.0011155971100722483,0.08394393118827652,0.08282833407820427,CHB,0.0,False,0.02365614109198437,0.0007667777036159606,0.08394393118827652,0.015464312291835052,0.009712344761702579,0.0002962768821707598,0.020251285585537824,0.0018243905507454097,0.06996713664793809,0.0054420284534089335,0.001481384410853799,303.0
ENSG00000171208.10,NETO2,47077703,47143945,16,6571.360538686201,5870.596469556282,1507.24331693256,1154.3766936028185,2006.054632748972,1078.393247842881,1118.077416525743,2079.0150943533113,7995.982933947661,1655.680087209352,1550.2679371855934,1803.1389279683847,7479.828212135527,1898.1784714249438,1577.32471766139,888.7797764872606,1293.5141847356906,7099.476872661282,7113.970993973392,1204.2886388818038,666.1170792349416,1931.3347092611907,2106.479541561453,1560.723658509575,1997.265341530733,6712.64037175653,0.024485488126649076,0.018496987633442555,0.005662574089754445,0.009739741338016925,0.017951705147214572,0.009562260943476413,0.007473366194943552,0.007876513189194904,0.044938480223900304,0.0095627689528768,0.009450992885207603,0.010337698139214336,0.0398458940257547,0.012699084607651198,0.0068282871056531864,0.0039380554520781225,0.011357605349750556,0.030256626887738936,0.027994929220367632,0.0031256622165713073,0.0012191243506837698,0.01041776837652036,0.006339144215530904,0.006933051071712093,0.01855976243504083,0.029200549160418206,0.0012191243506837698,0.044938480223900304,0.043719355873216535,PEL,0.0,False,0.044938480223900304,0.002621662055337791,0.01855976243504083,0.0012201698555721959,0.011357605349750556,0.0003897975432655015,0.01041776837652036,0.0006226653973646477,0.007876513189194904,7.523030229585348e-05,0.0003761515114792674,140.0
ENSG00000135740.17,SLC9A5,67237683,67272191,16,9408.297223903912,8848.61599280735,2115.631270354295,716.1666282941405,1871.6471384005372,643.8058675038885,691.2020331827633,2076.0761222100377,9717.465842676134,2144.221671252553,1513.6892822404263,2256.3202177922194,9190.778993681739,1911.3347595210084,2105.031797236112,698.6239812683017,716.079918135863,10483.347072504956,11057.033896054456,1321.2397753314904,779.6399214988364,2709.7269127739983,2394.4643871539765,3160.602761047351,1403.1553186412318,10029.89139485545,0.06401055408970976,0.057287813127576366,0.015029635901778153,0.0018095694289211772,0.014774412200804915,0.0013280917977050574,0.0014840727195632585,0.007823650684569436,0.07746739187833342,0.023003771981086968,0.008920038228735267,0.01924402268992207,0.0701393286890437,0.013016561722842478,0.01667372432775778,0.0012239902080783353,0.0016452605880479779,0.086703981413032,0.09549968307627298,0.004026276753549481,0.001908194635852857,0.029508196721311476,0.009561542525092446,0.04741995236835141,0.006787570261957789,0.0851198648220509,0.0012239902080783353,0.09549968307627298,0.09427569286819464,JPT,0.0,False,0.09549968307627298,0.011112320000355296,0.023003771981086968,0.0017510497908944606,0.0018095694289211772,1.557465908091393e-05,0.04741995236835141,0.007222771186095022,0.009561542525092446,0.00011000941228947537,7.787329540456965e-05,60.0
ENSG00000121988.18,ZRANB3,135136916,135531218,2,17879.31203175738,15473.749132462726,7301.365821966883,4611.452443179698,635.6066172506023,2673.431180715167,3741.7164410216988,4563.425604663913,19303.160808343127,1186.6813178216,731.5434131960618,6943.5084705299305,16631.239052477275,2000.2665462531074,7669.728155074116,3875.6970017930526,4057.8800133954564,18444.21261563199,18824.53189674269,3292.5662601176537,6065.339190808975,6435.8189469702,5416.135923627238,7514.132368173233,5823.120204174279,17361.549323426716,0.33825857519788916,0.24960363597928337,0.23433530906011854,0.18345840651444995,0.0012709171785638637,0.07277943051423715,0.12137594742142364,0.07876513189194904,0.4281565189839996,0.003612601604420124,0.0014866730381225444,0.2248846949053703,0.3092146928435719,0.015185988676649559,0.2658797374550074,0.1403863551700282,0.13968793121749284,0.3679374801985426,0.3723325586308895,0.05541428268700996,0.3283684935863458,0.1841353781068218,0.09096671949286846,0.25170680074093676,0.18459009438964896,0.34095469426549796,0.0012709171785638637,0.4281565189839996,0.4268856018054357,CEU,0.00619827898849362,False,0.4281565189839996,0.19687665566510212,0.18459009438964896,0.05823763393556895,0.18345840651444995,0.051162489713146485,0.2658797374550074,0.11737475620572695,0.3283684935863458,0.11271235380344584,0.25581244856573243,5060.0
ENSG00000144036.16,EXOC6B,72175984,72826041,2,11863.581435392476,13462.540757323975,1080.6663159122218,738.8119385847862,3833.8280538718886,750.6680815626833,839.2230664305549,4137.605857447103,10746.37112938238,2864.0701106600973,3019.6369774284294,1600.4343815928928,9483.785902884174,3591.957844988035,1337.11774589222,699.1166369969397,708.5032974312637,12030.84588255218,11065.60584844618,2980.120100712188,1738.9295739494996,1592.1868868058762,4259.444225057479,1239.7783755743515,2582.154276610607,8978.372731791722,0.12058047493403694,0.17561568544551315,0.00275190516511431,0.0021289052104955025,0.08737555602626562,0.0024436889077773054,0.0024381194678539247,0.06274779299043189,0.1022337223425041,0.04972639855495936,0.056865243708187324,0.006891798759476223,0.07520582647245092,0.07106196095031483,0.004446326487402075,0.0012772071736469586,0.0014860418214626898,0.12799662055127256,0.09592224804563702,0.043441407077770715,0.026926746528145872,0.0057112638815441565,0.049234020073956684,0.00439269648055041,0.03791494326015484,0.061886154820994826,0.0012772071736469586,0.17561568544551315,0.1743384782718662,JPT,0.0,False,0.17561568544551315,0.035700387876496015,0.08737555602626562,0.01654290414115595,0.0024436889077773054,2.637174711184778e-05,0.006891798759476223,0.00031919255905760554,0.06274779299043189,0.004395941030529015,0.0001318587355592389,80.0
ENSG00000099364.18,FBXL19,30923055,30948783,16,9573.733056027595,10498.644936210208,2809.9844035699653,1593.5153573210487,6322.37727170424,653.9504341507705,1102.1112904582255,7439.170401431421,8692.526246128005,6605.716541215176,7849.98275489353,4829.903409484262,7460.568987318548,7392.360335667963,2325.253519490414,1195.989442733842,1667.8420503665752,10654.106782989587,7535.64444408488,6643.507368333575,5006.514960541808,4037.213315458477,7769.7662514098,2388.8789701628584,6221.65503903425,9132.520415448354,0.06765171503957784,0.09200930134235281,0.035192633361558,0.023471179945712916,0.2114488455835628,0.0013812154696132596,0.006996342820798219,0.20944124332610878,0.05602788192427523,0.23906922382192,0.31432515663162364,0.11880400784604782,0.03952923791429175,0.25805598179797873,0.023025619309760745,0.011867383321802991,0.022343700244135442,0.09024184179955645,0.032695964504542575,0.22356431447340538,0.24430191879571717,0.0723955579058699,0.18932910723718965,0.022863191320455147,0.20553611199490932,0.0653184074347872,0.0013812154696132596,0.31432515663162364,0.31294394116201035,CHB,0.0,False,0.09200930134235281,0.010347240892700504,0.31432515663162364,0.14262936921393093,0.023471179945712916,0.0013914956317327865,0.11880400784604782,0.031898818558713446,0.24430191879571717,0.06312682454882398,0.006957478158663932,749.0
ENSG00000121270.16,ABCC11,48165773,48247568,16,11815.015590906929,11035.135040526799,1733.7588803237868,1943.3428982921082,3196.272619721483,669.9390463645782,1408.9415247594095,3684.7655955658975,11419.882519862136,2394.2759798714424,2913.0909039755165,1644.6308850562145,10969.169325424962,4301.978341647923,1502.6969016422022,811.9566094424162,1754.7537616756874,8824.506215250032,16934.281118802846,2406.0555244610073,1576.9464619433227,2122.4394130174974,5097.389580736903,1352.2360537585312,3152.1641263471097,12392.912077828487,0.11878627968337731,0.1054856780467181,0.008626164267569856,0.03581883016658683,0.06010379156958272,0.001434339141521462,0.014999734987014363,0.048580641750806154,0.11976553836404921,0.031397758061945495,0.052617606456408623,0.00789906165509198,0.11003799873337555,0.10042859410550822,0.005981367774719458,0.0024479804161566705,0.025421929731451014,0.055180061252508184,0.29241495879991547,0.0236278872642509,0.01998303826990353,0.012903225806451613,0.07797147385103011,0.005186557290288436,0.06098207657227702,0.14864294012039286,0.001434339141521462,0.29241495879991547,0.290980619658394,CHB,0.0,False,0.29241495879991547,0.09482406621310384,0.10042859410550822,0.020910480778178704,0.03581883016658683,0.002919435124449968,0.012903225806451613,0.0008801060795032833,0.07797147385103011,0.006729330529762131,0.004400530397516416,582.0
ENSG00000182308.7,DCAF4L1,41981756,41986465,4,12840.696392237896,12662.579903500746,3534.793238367965,737.6301058430028,5039.940715872157,671.5885386136412,1047.825925690426,4111.552802999126,10813.14425401168,3097.300363435576,3972.13523458702,2761.9783917742034,9444.883202032195,5988.176730858786,3309.777552949917,860.3430324023531,1071.2813768442338,10902.697694220644,13590.098065828211,1966.6215852730197,1705.151294834266,5175.788577749825,8138.248780302758,3315.6514265764417,5024.285081680731,10466.532021846326,0.1500791556728232,0.14908572032554698,0.05741955969517358,0.002075682580233115,0.14340182164795595,0.0014874628134296643,0.006148301266762072,0.0616905428979225,0.10445160268257908,0.05950167348456675,0.09833280237867686,0.03398186926787892,0.07483639434241081,0.18006243716598763,0.054308702096125344,0.0033526688308232666,0.005784948519265471,0.0971063470271412,0.16654341855060215,0.013615172706081797,0.0257076221774621,0.12400846113167636,0.20718436344426835,0.052765281820587456,0.14439495174461767,0.09515260323159784,0.0014874628134296643,0.20718436344426835,0.2056969006308387,CHB,0.0,False,0.16654341855060215,0.032250690795129884,0.18006243716598763,0.05585405246902261,0.006148301266762072,0.0001329224593923388,0.12400846113167636,0.03418913229117055,0.20718436344426835,0.04570067164522244,0.000664612296961694,197.0
ENSG00000178467.18,P4HTM,48989889,49007153,3,6079.355628295883,5716.524598304019,1636.4541043345632,676.9919257172675,4362.2079739646915,1028.1179631611694,947.7255614718218,3522.4924332916235,5627.229666854587,3821.058264310121,3592.975532629845,1159.7714113774516,6149.008513006545,4046.8314627169507,1411.7610051981685,1035.651034863584,774.5913095809641,6271.927173069187,6722.10965824746,1901.0227538729296,1370.7891566857816,1626.9427205952475,4026.6373877177084,1219.1557715096633,3945.6773082558707,5517.978512271035,0.01978891820580475,0.01744001691153155,0.007620660457239628,0.0014902336473468518,0.11120525312433806,0.007968550786230344,0.004346212964435258,0.04281862874663001,0.0165812958757987,0.09137756999415608,0.08203249442497611,0.0038169962360176004,0.02422419252691577,0.08931689507381343,0.004975651069235656,0.007716460007450375,0.0021759898099989387,0.02048790791002218,0.023822100147897738,0.012396694214876033,0.011979221880631824,0.006398730830248546,0.04236661384046487,0.004128076210637735,0.09263972849718952,0.016580420318935474,0.0014902336473468518,0.11120525312433806,0.10971501947699121,CDX,0.0,False,0.02422419252691577,0.0008024415612013862,0.11120525312433806,0.02482312020057848,0.007968550786230344,0.00020942723200401958,0.007620660457239628,0.0003755447917924055,0.04281862874663001,0.002078384070590128,0.0010471361600200978,259.0
ENSG00000141084.12,RANBP10,67723070,67806560,16,12324.791374591225,12890.383102400341,2494.771171455575,829.0951422087853,2322.3924797657814,676.4971066646575,749.6826033793018,4248.916568651399,12998.994884727466,2318.340506449936,2399.648378286378,2826.436597014291,12182.133388577131,3084.2550001142827,3248.4377590311256,802.4293743319619,896.4584780284807,15581.20832657117,14046.83052819523,2646.40175638726,1345.4661808596504,3075.0482991419603,4981.960350037456,4055.8376638021437,2663.049076145511,13640.529101431965,0.13356200527704484,0.1570130007398795,0.025137595258255714,0.003086912555218479,0.02817199745816564,0.0015405864853378665,0.002014098690835851,0.06687106835121848,0.16681628557849712,0.02863518036444775,0.03493681639587979,0.03610242273233314,0.145134051087186,0.05079633843060479,0.05203260639424095,0.0023947634505880476,0.0030782294873155716,0.25176893019326224,0.18265370800760616,0.03109769018859928,0.011449167815117142,0.040613432046536224,0.07395668251452721,0.08160889124106907,0.041255700498462194,0.19125567641778435,0.0015405864853378665,0.25176893019326224,0.25022834370792435,CHB,0.0,False,0.25176893019326224,0.07118543960479633,0.05079633843060479,0.006640863949508867,0.003086912555218479,3.972232468331448e-05,0.08160889124106907,0.01737849480311012,0.07395668251452721,0.006066929466297399,0.0001986116234165724,100.0
ENSG00000109133.14,TMEM33,41935129,41960803,4,13303.424616822018,14663.756838662946,2434.9004595433134,790.7462351198228,3191.474050397755,694.3646198551334,1000.637906109826,2180.7356967674555,17325.22493990639,1951.0446482049401,2661.645720692944,2407.7243722536477,10952.4687134587,2988.033757315439,2136.933976157375,735.8052886441274,933.9717232738872,15697.868437116094,16227.246259031566,1634.4573365070414,1532.108532514345,3330.2583360716326,4993.6931006154355,2222.97973494272,2972.807416919667,16037.075726981098,0.16527704485488126,0.21884578797167317,0.02323243014394581,0.0025546862525946032,0.05983901715738191,0.0017530811729706756,0.005300259712725923,0.009092350795580694,0.34324338596398585,0.01668171917335175,0.04460019114367633,0.02343211578221916,0.10966856660333545,0.04714535160590507,0.01725598136777472,0.0015432920014900751,0.003980469164632205,0.2562044566480093,0.26251848721740967,0.007681712227166773,0.01791582741439627,0.048651507139079855,0.07432646592709984,0.019105583487695157,0.05403542263230459,0.28413771253564263,0.0015432920014900751,0.34324338596398585,0.3417000939624958,JPT,0.0,False,0.34324338596398585,0.12890473814805659,0.05983901715738191,0.008748961467880739,0.005300259712725923,0.0001024709841575483,0.048651507139079855,0.0075285646921947605,0.07432646592709984,0.006126534187119101,0.0005123549207877415,165.0
ENSG00000178149.17,DALRD3,49015488,49022293,3,3947.9494629561977,3494.817743865134,1581.118196843381,681.18962058126,3314.8329649292987,934.2226360667275,880.9888584984493,2652.554281293895,3712.97621797642,3060.8231358145376,2591.7404993918935,1187.23075758474,4024.662309073198,3140.6021120504315,1379.989599740189,936.9695210745134,745.3031130595731,4137.234168483984,3969.803549509161,1561.110665031389,1266.7652011727992,1612.6775617116077,2833.1866955820437,1167.2593998469597,2898.777654834617,3599.8917961861507,0.007440633245382586,0.006024733114892718,0.006985605419136325,0.0015434562776092395,0.06423427239991528,0.005896727581810455,0.002915142841999258,0.019189089179045302,0.007076094418334477,0.05774849917653934,0.04189232239566741,0.004029051582463023,0.009288579269579903,0.05338906820466691,0.004658056320135507,0.004895960832313341,0.001963698121218554,0.007286936318513042,0.007183604479188675,0.006675143038779402,0.00906392452030107,0.006134320465362242,0.01526677231907026,0.0037046837787774543,0.05042952593063952,0.006547681909388531,0.0015434562776092395,0.06423427239991528,0.06269081612230604,CDX,0.0,False,0.009288579269579903,0.0001278886436989379,0.06423427239991528,0.009857252243754907,0.005896727581810455,0.000123535299065841,0.006985605419136325,0.00032624837507298386,0.019189089179045302,0.0004309652506940755,0.000617676495329205,186.0
ENSG00000091651.9,ORC6,46689643,46698394,16,6022.466415973709,5913.756056276471,1347.152650649655,799.8244980115296,2570.2554523170984,859.7684362940957,909.5631031989558,2627.369666163109,6931.113569842783,2725.168245775197,2388.6389527415363,2205.394688635683,5875.834921329834,2994.2905308608792,1415.495823481133,778.9481213654036,932.3275673206131,6615.221203451743,6688.546298679237,1704.161188044738,721.6154031553384,2356.659404330188,3767.879487967967,1720.399583366534,2306.160952859947,6282.115345202791,0.019102902374670185,0.018814078850015854,0.004392464013547841,0.0027675767736441534,0.0366447786485914,0.004249893752656183,0.003657179201780887,0.018607601628165143,0.029994191265775995,0.04377623120650268,0.034724434533290854,0.018236759794306313,0.022060375765252268,0.047462828721096355,0.005081515985602371,0.0022351125538821776,0.0038212503980469166,0.023920160523814554,0.023557997042045215,0.008900190718372537,0.0015901621965440475,0.018826017979904814,0.036344426835710514,0.009314633500926171,0.027521476296531976,0.024025768296546627,0.0015901621965440475,0.047462828721096355,0.04587266652455231,PEL,0.0,False,0.029994191265775995,0.0012083254373798325,0.047462828721096355,0.005924051286531661,0.004249893752656183,6.957462695572935e-05,0.018826017979904814,0.0016212896921481454,0.036344426835710514,0.0015071950681846663,0.00034787313477864675,135.0
ENSG00000171552.14,BCL2L1,31664452,31723989,20,11206.185122379851,11758.707217949874,1712.379224831133,897.8456351554829,5291.274111276681,887.6037806729463,925.3303490843758,5043.520310360446,9994.603032008412,6216.688802939829,3909.3663761689872,1408.317207497425,10891.151944592786,5118.907522998783,2264.654370978815,742.2940766060038,916.4508957782631,10488.377848606826,12180.929837710364,3551.7977598662915,1850.588948469738,1794.3516435917647,7960.840313678813,1535.0896199687527,5230.0011891105305,11895.30645449265,0.10321899736147758,0.12424690836063841,0.00836155800169348,0.004098142530203843,0.15695827155263714,0.004409264768380791,0.003869189590289924,0.0989057461542528,0.08427945292284945,0.21447165701535356,0.09551874269937348,0.00514234215130149,0.10787418197171206,0.1380496322556749,0.020855388524243065,0.0015965089670586983,0.00350281286487634,0.08691519695849614,0.12581871962814284,0.06606272515363425,0.03185624933743242,0.00819672131147541,0.19857369255150556,0.006615506747816882,0.15468236292289744,0.1345443024606611,0.0015965089670586983,0.21447165701535356,0.21287514804829485,JPT,0.0,False,0.1345443024606611,0.021429365496658238,0.21447165701535356,0.0749643901726636,0.004409264768380791,7.421277675154717e-05,0.020855388524243065,0.001913211865681313,0.19857369255150556,0.042051914168891966,0.00037106388375773586,139.0
ENSG00000166123.14,GPT2,46884362,46931289,16,5470.194791446198,5375.766380589517,1551.273318824035,987.123852316984,3314.938326937838,1223.7177185521712,1326.1815589337402,2650.129057655026,5573.337029468678,2801.569616716108,2906.333145554049,2122.206964443125,5966.013048379497,3149.851029412002,1440.6443999364585,1012.9240550976498,1178.8018412026574,5674.535303509637,5988.158186199757,1675.8638150880251,744.532753274116,2021.5093046340517,3481.7096314849314,1787.80297995833,2642.0488204489816,5591.177499975072,0.014934036939313984,0.014639044498467393,0.006244707874682473,0.005215817765713982,0.06428722728235543,0.01365278368040799,0.01245561032490592,0.019083364169794365,0.01584200242910704,0.04675131488073102,0.052352129128172456,0.016646344695965647,0.022535359932446698,0.053547806762262555,0.0055049756510692355,0.007131073386195519,0.00849166755121537,0.01526032315978456,0.017906190576801182,0.008741258741258742,0.0016431676030955157,0.011422527763088313,0.028948758584257793,0.010426038634559407,0.04019514264503129,0.017055655296229804,0.0016431676030955157,0.06428722728235543,0.06264405967925991,PEL,0.0,False,0.022535359932446698,0.000698688896617747,0.06428722728235543,0.009870930786693533,0.01365278368040799,0.0005382293718571853,0.016646344695965647,0.0013287267653087108,0.028948758584257793,0.000964908664897587,0.0026911468592859264,435.0
ENSG00000168701.19,TMEM208,67227103,67229278,16,10885.356812561555,9674.783712085831,2115.1774832292217,794.4329144036716,1503.5000201305286,686.3842888514951,705.7884878141307,1765.305877921757,11369.520993024133,,1244.9318432738385,2287.4847128014067,9337.788239124997,1680.6405303978668,2067.365104276745,751.7072293555016,,12005.289691602014,13712.634997140654,1269.8116462003645,802.4993106271993,2366.293357643724,2220.7721779076214,3234.4303197724903,1181.599507177671,11258.226435191029,0.09577836411609499,0.07382940492548357,0.014976714648602878,0.002714354143381766,0.0069900444821012495,0.0016468338291542712,0.0016960831080722956,0.004651900407041286,0.11839256482019327,,0.004831687373898269,0.02019827174892647,0.07267257758074731,0.008413143552568919,0.015509210247723905,0.0018625937949018148,,0.12694054282395184,0.17061060638073103,0.003655435473617292,0.0021732216686101984,0.019196192490745636,0.007606973058637084,0.04985445885154803,0.003605896701665076,0.11616855000528038,0.0016468338291542712,0.17061060638073103,0.16896377255157677,CHB,0.0,False,0.17061060638073103,0.03377650294563488,,,,,0.04985445885154803,0.00783190582056325,0.007606973058637084,7.026683734501174e-05,0.00035133418672505867,136.0
ENSG00000178252.19,WDR6,49007062,49015953,3,4332.590296217034,3763.6903578469464,1491.8559666939402,682.4638372312646,3291.6836967521085,968.0492775771755,895.5357572858134,2669.2718361988113,4098.302846163714,2851.644714581605,2585.5414919138893,1118.030143765282,4510.893125795501,3106.3471918556456,1319.219355149504,928.9965540636448,754.7527672177738,4482.797330355858,4291.383009652974,1591.4494272295478,1249.2302580485918,1520.451548250198,2771.8354997442975,1140.1398997046385,2906.4613585757834,4058.758993247473,0.008812664907651716,0.00687030969242152,0.005450889077053345,0.0016499015381340146,0.06322812963355222,0.006799830004249894,0.0034451688132718502,0.019770576729925465,0.00829064793789935,0.048929501142219625,0.041626845067431244,0.003498913216349467,0.012191260291323622,0.05148420551351923,0.004340461571035359,0.004736309935607472,0.002069843965608746,0.008501425704931884,0.008873864356644834,0.00709896164441619,0.008586875861337856,0.005235325224748811,0.01405176967776017,0.003334215400899709,0.050906776964683424,0.0082374062731017,0.0016499015381340146,0.06322812963355222,0.06157822809541821,CDX,0.0,False,0.012191260291323622,0.00021532588900289077,0.06322812963355222,0.009598824679506407,0.006799830004249894,0.0001585920700213649,0.005450889077053345,0.00021842967332734136,0.019770576729925465,0.000456936876765676,0.0007929603501068245,220.0
ENSG00000170836.13,PPM1D,60600193,60666280,17,12509.265244587938,8215.108529501475,1195.3861915538128,2567.5882185188166,854.5606599541962,2018.2081447669768,2396.824205649339,1872.3884054674243,14070.268412261872,901.4517141708568,791.2762345151028,1318.3737800982765,15599.71810988202,1006.0178142688216,1269.059399973191,2560.863651471626,2215.453256544913,13774.09989720271,15525.546941017166,1278.8207547045347,1330.9768356854124,1081.5556555875314,1720.6597726162304,1292.9832282040052,1014.5740515272685,12952.486777517437,0.13862796833773086,0.04745798541380404,0.0035986452159187127,0.06477194102932567,0.0023300148273670833,0.043827029324266895,0.05082949064504161,0.005762013004176138,0.20774145852035697,0.00191255379057536,0.0016990549007114793,0.004718231458410645,0.26815495039054255,0.0023281655114027197,0.004128731738301927,0.06614868820179873,0.04192760853412589,0.1829654662583166,0.23462919923938305,0.003814367450731087,0.01091911374960246,0.0028556319407720783,0.004226096143687269,0.004657316750463086,0.0021741435995333547,0.1667546731439434,0.0016990549007114793,0.26815495039054255,0.26645589548983106,GBR,0.0,False,0.26815495039054255,0.0803258002632827,0.0023300148273670833,3.7144328658204874e-05,0.06614868820179873,0.008557088925901866,0.004718231458410645,0.00017295358736994464,0.01091911374960246,0.0001427098298539945,0.00018572164329102436,95.0
ENSG00000135723.14,FHOD1,67229387,67247481,16,10119.597115300874,9494.450514937469,2158.103625892932,792.7441892692991,1633.117095001491,689.0791463686929,709.5604808711772,2070.16422742683,10552.994630177389,1976.7370040080018,1380.817435315445,2285.326684371318,8856.878079133267,1844.9032162710314,2066.7970391219383,744.4839945001902,741.815013885033,11094.797112052504,12841.173675095579,1341.3356657774596,813.8356032429987,2561.499768812705,2412.2359019656374,3185.6486574917267,1311.1220978375163,10595.236761872544,0.07836411609498681,0.0702885530070817,0.015876375952582556,0.002607908882856991,0.009373014191908493,0.0016999575010624734,0.001802088302326814,0.007612200666067558,0.09742831493900829,0.01769112256282208,0.0063714558776680474,0.020145257912315116,0.06338399831116741,0.011852478967141119,0.015456277789540547,0.001702942898195945,0.0018575522768283623,0.10228112789101278,0.1427213184027044,0.004291163382072473,0.0022792324817131346,0.0254362771020624,0.00977284733227681,0.04837258534003705,0.005037649803796797,0.0992713063681487,0.0016999575010624734,0.1427213184027044,0.14102136090164194,CHB,0.0,False,0.1427213184027044,0.02399390689151568,0.01769112256282208,0.0011256158725997327,0.002607908882856991,2.9556714189841303e-05,0.04837258534003705,0.007458885248342012,0.00977284733227681,0.00011482549573971715,0.00014778357094920652,86.0
ENSG00000178057.15,NDUFAF3,49020459,49023495,3,3743.5273875142716,3293.0083433055365,1575.3581348835992,685.5885387582163,3028.462731829664,955.6586900071932,890.0763927698423,2489.2271385148747,3537.608485910253,2862.7960231027764,2416.2945771812538,1182.7423545297297,3656.4871141373337,2903.4020620304705,,970.7721902534213,754.2832418736962,3771.2460135728998,3784.237936634653,1521.9670171673556,1224.34786063173,,2669.469380167707,,2755.0187577211923,3418.6667586650206,0.006807387862796834,0.005496247753937216,0.006879762912785775,0.0017031241683964022,0.0540139800889642,0.006374840628984276,0.0032331584247628133,0.015805888883015276,0.006548027670697576,0.04962014556659406,0.03610491664011893,0.003923023909240312,0.007810850749419463,0.04418223186411979,,0.0060135171092544305,0.0020167710434136504,0.005966839159362129,0.0067082188886541305,0.005827505827505828,0.0078448001696173,,0.012308505018489171,,0.0450206808781419,0.006019643045728166,0.0017031241683964022,0.0540139800889642,0.0523108559205678,CDX,0.0,False,0.007810850749419463,9.176141175014557e-05,0.0540139800889642,0.007363938959582061,0.006374840628984276,0.00014162697598665426,,,0.015805888883015276,0.00029466184673878823,0.00045880705875072785,157.0
ENSG00000196118.12,CFAP119,30757423,30762221,16,4155.353118489447,4031.8205133788306,1184.0093535946298,939.3627155981144,2019.8325181138998,723.3305650152388,920.4038373238075,1851.2405795864997,4496.890058631352,2021.9261950972332,2223.542031679864,1665.8429634346,3725.4272866226343,1920.0684353793256,1122.541052605316,745.2250365303323,851.7514921727877,3893.1262864119817,4280.205009589616,1350.9239607797724,1175.8395483689708,1432.7161041373654,2287.8437126283507,1238.6360111193776,1650.6222411143715,4395.360024452073,0.008179419525065963,0.007768734806045873,0.0035457239627434377,0.004577146202565331,0.018110569794535056,0.0021249468763280916,0.0037631843960354056,0.00560342549029973,0.009716428156518984,0.018806778940657708,0.027981310396092175,0.008535227694428245,0.008074730842305257,0.013175300280438118,0.0031759474910014822,0.001756159863764568,0.0027597919541449954,0.006442074136656458,0.00882104373547433,0.004450095359186269,0.006837697445139404,0.004494976203067161,0.008240887480190175,0.004339772426567875,0.010870717997666772,0.010032738409546943,0.001756159863764568,0.027981310396092175,0.026225150532327608,JPT,0.0,False,0.010032738409546943,0.00014823709896183437,0.027981310396092175,0.0024347216985383855,0.004577146202565331,7.923701106275107e-05,0.008535227694428245,0.0004510935496622655,0.008240887480190175,8.220365080615865e-05,0.0003961850553137554,143.0
ENSG00000102893.18,PHKB,47461123,47701523,16,4927.174643760958,4449.024689167762,1612.2221795966555,1461.516749084521,1800.8010967316013,1177.267713963518,1346.1033766538558,2063.406668280448,6050.5158825865565,1484.9879047423058,1469.6131471256065,1844.3134133258438,5719.7281504005605,1737.7669796473729,1674.147654919306,1099.6970000730657,1375.4798938283793,6303.354174542533,5219.452617711817,1453.035497431334,763.4512476652715,2010.9597559313172,1964.161586933337,1840.6240793785353,1792.7378250514403,5142.744200168483,0.011134564643799472,0.009512736497199028,0.0073031329381879765,0.018308584810261323,0.013026901080279601,0.012059073523161922,0.012932633699051253,0.007559338161442089,0.0203305697840207,0.007543962173936142,0.00796431984708506,0.010867836505327891,0.020160439096474563,0.009471400603206519,0.008469193309337285,0.009312968974509074,0.0134805222375544,0.020699123455486322,0.013257975913796747,0.005191777919050646,0.0018021838227499204,0.01121099947117927,0.005282620179609086,0.01159036782217518,0.013256973167886309,0.013834618227901574,0.0018021838227499204,0.020699123455486322,0.018896939632736403,PEL,0.013369328746552635,False,0.020699123455486322,0.0005936955412514,0.013256973167886309,0.0006926624694417393,0.018308584810261323,0.0009002509506145421,0.01159036782217518,0.000739894209265795,0.007559338161442089,6.940692035759983e-05,0.0003470346017879992,134.0
ENSG00000099385.12,BCL7C,30833626,30894302,16,10212.578715498019,9955.76975218458,2807.1525106494137,1260.0708244660473,4889.216180342716,694.3820459534037,1076.7845851062064,4520.726247372135,10364.026578801222,5465.653012343796,6385.8844373945885,4216.214037736675,9786.36812814132,5989.024974261645,2704.717479877983,1121.6486755832489,1237.3703463873949,10880.9623501091,8554.009445699501,2917.9502501612465,2081.758718768104,3916.4653922334173,6747.559450279316,2080.308904299971,5022.64427035052,10332.45048411388,0.08058047493403694,0.07943134975161188,0.0349809483488569,0.01245409548139869,0.13567040881169243,0.001806204844878878,0.0068373350294164414,0.07686208172543216,0.09352062100649522,0.17239547362269564,0.22331952851226505,0.08985845305624768,0.08185560481317289,0.1801153500185195,0.03366504340461571,0.009951572561332552,0.00981849060609277,0.09657830816348083,0.045584196070145785,0.040474676838313205,0.04478956853599067,0.06758328926493919,0.14416270470153195,0.015453823762900238,0.14423586806660305,0.09182595839053755,0.001806204844878878,0.22331952851226505,0.22151332366738619,CHB,0.0,False,0.09657830816348083,0.011354022815058278,0.22331952851226505,0.08024147651709779,0.01245409548139869,0.00045814744808032,0.08985845305624768,0.020307091869914327,0.14416270470153195,0.022448279123659418,0.0022907372404016,388.0
ENSG00000168283.14,BMI1,22321099,22331484,10,6858.001754278877,5053.519368050318,1079.9220002837078,822.3769640931572,1231.6552058376953,948.7966431276645,854.234945586979,1791.071654630212,7537.385779380156,884.0038887999943,1211.8904119966426,900.3332868645251,6323.570170697074,1238.4060510748877,980.7737403738048,913.0123468404182,801.5050933794471,6783.901111192215,7593.994505634735,1534.491566370002,1198.4625006898455,1298.8972357380162,1686.8718201204565,1157.431193400962,1325.670575195649,6808.404242579344,0.027440633245382585,0.012472254518549835,0.0026989839119390346,0.0029804672946937036,0.004024571065452235,0.006162345941351466,0.0025971272592357026,0.004969075434794101,0.03765115910651106,0.001806300802210062,0.004353828183073166,0.0021205534644542228,0.026071353177116317,0.0034393354145721994,0.0022231632437010374,0.004417008142195732,0.0024413544209744187,0.02608511986482205,0.03338263257975914,0.0059864378046196225,0.007208735290999682,0.0037017451084082496,0.003961965134706815,0.0035988356708123843,0.005355817159826069,0.03036223466047101,0.001806300802210062,0.03765115910651106,0.035844858304301,FIN,0.0,False,0.03765115910651106,0.001867928845892278,0.005355817159826069,0.00015071461439159728,0.006162345941351466,0.0001334552053257889,0.0037017451084082496,0.00011681967213724401,0.007208735290999682,6.323743355915278e-05,0.0003161871677957639,127.0
ENSG00000048991.18,R3HDM1,135531455,135725270,2,15322.644220879078,14130.582727304442,7830.125619565607,6972.246154332796,749.1408978785239,5783.027859396636,6600.607880420996,5372.8399534879345,15676.288667190754,1796.510004756755,853.0002579644379,7762.621217931755,14476.137873832793,2952.2681990051756,7659.7032661633375,6234.357714011351,6915.078344075392,15686.809616082634,15001.99065176132,5373.9702664315255,7257.013108564576,7265.100234776551,6238.345769195324,7474.082927811707,6432.129292853207,13794.533343999796,0.2349868073878628,0.1992389810802241,0.2653471634208298,0.34919367715152483,0.0018534208854056344,0.26460900977475565,0.3138283775905019,0.11291430988000212,0.27158472830965835,0.012697232109653084,0.0018583412976531804,0.2722790648359222,0.22255647033987755,0.045769617440076196,0.26545627778954056,0.3003565536693098,0.33366946184056895,0.255782025557081,0.2147686456792732,0.1519389701207883,0.4266405173327679,0.22696985721840296,0.12445853143159007,0.24964276263561788,0.21752041573867856,0.1959552223043616,0.0018534208854056344,0.4266405173327679,0.4247870964473623,CEU,0.0,False,0.27158472830965835,0.08230568209019049,0.21752041573867856,0.076766287495404,0.34919367715152483,0.15811638514294227,0.2722790648359222,0.12197736527078301,0.4266405173327679,0.1882987895004898,0.38383143747702,6229.0
ENSG00000117543.22,DPH5,100989623,101026088,1,7877.883935143752,5329.407877544875,3257.785489077583,3240.6617761127027,4223.152405564238,3177.7529956106023,2158.169090045281,4132.273631697253,6658.457998952108,3074.0474997020433,4058.1536377323105,2564.5633256548717,8927.112334755708,5871.54624751651,2022.7393681857313,1672.6641185060278,2766.469151468297,7597.09139648908,8486.514605145587,2023.0394135326057,769.2824655644101,3825.6063526091475,3276.407101594025,2798.350365475914,4008.4464825877326,6871.191313343996,0.03936675461741425,0.014321953281894092,0.048370025402201526,0.09995209963276386,0.10516839652615971,0.0970038249043774,0.041236020565007685,0.06253634297193,0.026244917357553996,0.058545396589279076,0.1024742486991611,0.02820336107724116,0.06502005488705932,0.17434784909254458,0.014556426000423459,0.026555265818743016,0.06814563209850334,0.035748231069806735,0.04479188675258821,0.014886628522992159,0.0018551892293013888,0.06441036488630354,0.024775488642366613,0.03567081238422863,0.09587442995015379,0.03115429295596156,0.0018551892293013888,0.17434784909254458,0.1724926598632432,PEL,0.0,False,0.06502005488705932,0.005320341879358402,0.17434784909254458,0.05290357718484915,0.09995209963276386,0.01764390878753823,0.06441036488630354,0.011851924356111184,0.06253634297193,0.004366950350452977,0.021834751752264885,1393.0
ENSG00000178035.13,IMPDH2,49024325,49029447,3,3432.396039070578,2892.1359604294034,1643.7779025085715,720.8038281256455,3084.669334093991,1053.40431540952,951.1055468878493,2558.469817258958,2973.442588942288,2870.5421584458177,2436.531171707771,1202.9876229822194,3292.0906310103796,3000.775852916524,1424.5118108235883,1052.3079159527897,802.251012544051,3508.528146501957,3542.649345912952,1582.63544889303,1226.9607763286297,1602.703813294943,2688.3181067348783,1146.1853848131361,2767.000262796646,2703.3992894862786,0.005804749340369393,0.004333579959835112,0.007673581710414903,0.0018627920591835648,0.05623808515145096,0.008765405864853379,0.004452218158689776,0.01702172648940107,0.004911020753023182,0.049832651543324655,0.03684825315918021,0.00418809309229709,0.005963690099218915,0.048097782951478915,0.005240313360152445,0.008248629663136609,0.002494427343169515,0.005227584750237617,0.005863088949926051,0.006940029667302394,0.007950810982720238,0.0059756742464304605,0.012625462229265716,0.0034929875628473142,0.04523279244882809,0.00411870313655085,0.0018627920591835648,0.05623808515145096,0.0543752930922674,CDX,0.0,False,0.005963690099218915,5.4720599087195926e-05,0.05623808515145096,0.007881329291602013,0.008765405864853379,0.00024751196789330403,0.007673581710414903,0.0003797715189546469,0.01702172648940107,0.0003407315427930786,0.00027360299543597964,112.0
ENSG00000173020.11,GRK2,67266473,67286556,11,12540.542903612846,12266.893475650953,1002.8911150573479,2966.62958858474,1492.1352476995446,2709.843974944161,4235.01757844411,3873.556340660682,13596.687312034766,1755.80758784902,1258.0297487620096,852.177430597779,13058.176743848866,1235.8151998227484,1002.817138776078,2687.6502281483463,3054.053947507491,12706.68372294106,13148.294924734551,4261.855422122971,3844.300570214893,1067.4536027937747,3690.1172545046306,1082.3193578771156,1245.353483090037,13727.669155019727,0.13989445910290238,0.13830461896205476,0.0023814563928873838,0.08510298578955772,0.006884134717220928,0.07490437739056524,0.14999734987014363,0.05508272981973886,0.18904789565401067,0.011634702226000106,0.005044069236487204,0.0019084981180088002,0.1719970445429597,0.0033335097095084395,0.0022760957018843953,0.07253472407003353,0.08242224816898418,0.14748125462034006,0.1520177477287133,0.09689552871371053,0.15636594932683134,0.002749867794817557,0.03454833597464342,0.0030695951309870338,0.004295259306395164,0.19389587073608616,0.0019084981180088002,0.19389587073608616,0.19198737261807736,GIH,0.0,False,0.19389587073608616,0.04315845647069115,0.011634702226000106,0.0005560673723120447,0.14999734987014363,0.035945226017600626,0.0030695951309870338,8.62964261575594e-05,0.15636594932683134,0.026324315546397924,0.000431482130787797,153.0
ENSG00000102910.14,LONP2,48244300,48363122,16,9004.374388794247,8414.130290602425,1776.6987786196876,1697.5393026148427,2735.323811275342,702.2389869207811,1038.7834487898856,3133.908806738991,8467.204808437526,2135.1812795391743,2760.694504412713,1789.2922508768547,7426.174904077079,3700.476439142852,1559.9800936485058,899.3550684671912,1597.038474323276,6616.014208819527,11942.764967031138,2573.401615521502,1612.988890014579,2201.4077225001433,4196.586580576818,1441.5400785904603,2752.8448631352703,8499.567951777795,0.05662269129287599,0.049730472465912695,0.009049534292972058,0.02756932247591676,0.041781402245287015,0.0019124521886952825,0.005936290878253034,0.031453190252154144,0.05180334794318002,0.02241938054507783,0.04762663268556865,0.010178656629380268,0.03905425374709732,0.07587703053071591,0.006669489731103113,0.004150923314352616,0.020114637511941407,0.02397296441018059,0.11784280583139657,0.028289891926255563,0.021414184246793172,0.014542570068746695,0.047015319598520865,0.006033342154008997,0.04480856930745572,0.05459921850248178,0.0019124521886952825,0.11784280583139657,0.1159303536427013,CHB,0.0,False,0.11784280583139657,0.016623669537296912,0.07587703053071591,0.013046462091984257,0.02756932247591676,0.0018450319631178019,0.014542570068746695,0.0010679216670595791,0.047015319598520865,0.0024964504911868376,0.005339608335297895,661.0
ENSG00000177479.20,ARIH2,48918821,48986382,3,6791.739684365389,6401.0826024342205,2220.395501093406,722.7921377505473,5197.58898557036,1180.9215888705464,1027.2655205280957,4183.267526386232,6505.362504864823,4472.529482843432,4498.7885687741245,1756.5400928266172,6825.923493480968,4886.678869487772,1883.2155168440504,1173.1795779870727,928.1306731786995,7064.165266870156,6987.88696668852,2275.8301549033417,1800.1307770397827,2111.797101111038,5230.353817685607,1683.912360559765,4689.888772896004,5949.916069181604,0.026860158311345646,0.02367614417080647,0.017411092294665538,0.0019160146894459523,0.15208642236814235,0.012218444538886528,0.005618275295489479,0.06438653063382144,0.02487194381369805,0.12256282207937098,0.12286290750769885,0.009701532099878068,0.03177116318344944,0.1250859833853643,0.011751005716705483,0.011494864562822628,0.0037151045536567245,0.02978139191044461,0.026251848721740967,0.020343293070565798,0.029895049295028092,0.01274457958751983,0.08283148441627047,0.008626620799153216,0.12710785873369393,0.02048790791002218,0.0019160146894459523,0.15208642236814235,0.15017040767869638,CDX,0.0,False,0.03177116318344944,0.0013491902958609361,0.15208642236814235,0.04203908710291543,0.012218444538886528,0.00044305901399510595,0.017411092294665538,0.0014288397105892572,0.08283148441627047,0.007576107700318706,0.0022152950699755296,379.0
ENSG00000115866.11,DARS1,135905881,135986100,2,12921.673873784275,12227.428943824492,8297.249681319403,9045.094922602377,756.5996942096383,9067.267375244564,10806.565549961628,6161.608540833376,14011.942956619208,2025.3452840623665,1096.2678536368219,8247.08278292635,14393.10475677446,3665.361868395048,7948.092063837289,6142.2173699759105,9229.662371658187,17535.343612819095,12557.920327221347,4998.767149425597,4673.3341456341905,6793.525950593642,7168.483376396144,7898.41907925189,7792.147288291012,13880.158257646364,0.1525065963060686,0.136983405559666,0.29164902624894157,0.4957688008941402,0.001959330650285956,0.49904377390565235,0.5996713838978109,0.14938943807157584,0.205523578180282,0.01896615842320565,0.002867155144950621,0.29905105232465673,0.21949546126240235,0.07444838351235515,0.2818653398263815,0.29381086690436914,0.4929413013480522,0.33012989756046046,0.13543207268117474,0.1326022462386099,0.2172161560479169,0.20126916975145426,0.16085578446909668,0.27372320719767135,0.2987061194188143,0.1995986904636181,0.001959330650285956,0.5996713838978109,0.597712053247525,CEU,0.0,False,0.33012989756046046,0.11963473798493902,0.2987061194188143,0.1309064363841054,0.5996713838978109,0.40801213556547156,0.29905105232465673,0.14195523670330856,0.2172161560479169,0.05013899122308274,0.2506949561154137,4993.0
ENSG00000129636.13,ITFG1,47154387,47464149,16,5835.223169784254,5645.848070945097,1603.9179516174675,1394.7406617091654,2240.4062464763488,1235.5701561036683,1355.5715937251882,2564.71596914965,7480.214413365372,1905.081483502482,1904.7927926357322,1984.7880844961498,6945.102646181942,2300.8112528934616,1622.5288386197433,926.8048093585352,1431.935190311919,7544.930090798812,6475.8208144260725,1508.643093487039,781.8337526470369,2069.8483842291434,2420.120610634434,1799.0289376181775,2302.431157426254,6369.538047898359,0.017678100263852244,0.0168586830144805,0.0071972904318374255,0.015860343818191496,0.025206524041516628,0.014130896727581811,0.013250649281814809,0.017127451498652007,0.03643660558694619,0.015406683312968177,0.017733885526176066,0.013571542172507025,0.03309056364787841,0.024498650722260436,0.007516409062036841,0.004629876004470225,0.014754272370236705,0.035220192206146375,0.02149799281639552,0.005615596524687434,0.001961200042404325,0.012004230565838181,0.009984152139461173,0.010690658904472083,0.02746844840386043,0.024923434364769247,0.001961200042404325,0.03643660558694619,0.034475405544541864,PEL,0.0,False,0.03643660558694619,0.0017541928534776374,0.02746844840386043,0.002360098634107022,0.015860343818191496,0.0006999632347373206,0.013571542172507025,0.0009549984765776979,0.017127451498652007,0.0003448923729976417,0.0017244618649882085,326.0
ENSG00000014824.14,SLC30A9,41990502,42090461,4,15263.201362738611,16152.491907413987,4607.354705920374,823.306537522573,5203.587194985687,703.6437952551395,1125.564237785078,4328.82202210479,11788.949010984239,3414.9737384161617,4432.608312214136,2714.713039737689,11397.794985133767,5868.023306724487,4263.7574438189195,945.211684779395,1180.802523613903,12919.0434323386,16393.718713545317,1952.9720789161654,1856.4516390631832,5995.943466782504,8960.927421910235,4205.265168214749,4941.278249126008,12337.057168412277,0.23218997361477572,0.2756579642743896,0.10203217612193057,0.0030336899249560913,0.15261597119254394,0.001965575860603485,0.007738379180579848,0.07004281862874663,0.13032687331678725,0.07225203208840249,0.11946479770627588,0.032444468006149606,0.12138484272746464,0.1740303719773533,0.09152022019902604,0.005321696556862328,0.008544740473410466,0.15408174041609463,0.2692795267272343,0.013297308751854206,0.032439308809498565,0.16409307244843999,0.24949815108293713,0.08795977771897327,0.13909216247746314,0.1475340585067061,0.001965575860603485,0.2756579642743896,0.2736923884137861,CHB,0.014025610244097639,False,0.2756579642743896,0.08468692684370853,0.1740303719773533,0.052741570351630435,0.008544740473410466,0.00023669251125398534,0.16409307244843999,0.05377842859057198,0.24949815108293713,0.06578563417101276,0.0011834625562699267,275.0
ENSG00000269897.5,COMMD3-BMI1,22316388,22329542,10,7852.578909720215,5671.923567352105,1121.579110928521,839.1263550482153,1291.293915410395,958.8068948298072,864.144995726995,1868.9926648149633,8959.287324819828,918.0616737588076,1233.5789938658058,905.1005682439072,7736.821584216912,1275.9310753411935,1003.8631181757517,951.5825034318193,815.5382679798051,8135.107998246072,8756.05291421215,1614.5942674643384,1230.4386706685004,1353.9026732035882,1805.3827338857755,1208.3495362748845,1366.7574575213187,8184.954219380228,0.038680738786279686,0.01712292569495825,0.00285774767146486,0.0031401351854808664,0.004607074772294006,0.0065342116447088825,0.002703132453490221,0.005709150499550669,0.06125574272588055,0.001965680284758009,0.004725496442603802,0.0021735673010655782,0.04301245514038421,0.0036509868246997197,0.0023290281600677537,0.0054281304879995745,0.0025475002653646108,0.04351040236561411,0.04885907458271709,0.007363848272939182,0.008215838015477579,0.0039132734003172924,0.004490227152667723,0.0040751521566551995,0.006045179764556157,0.04873798711585173,0.001965680284758009,0.06125574272588055,0.059290062441122546,FIN,0.0,False,0.06125574272588055,0.004745885043976959,0.006045179764556157,0.00018477398234392517,0.0065342116447088825,0.00014789222804054806,0.0040751521566551995,0.0001364631773611523,0.008215838015477579,8.171456866928177e-05,0.0004085728433464089,147.0
ENSG00000131055.5,COX4I2,31637912,31645006,20,16859.614955067682,19638.75258871688,2098.769597098438,1212.5619034921149,5390.809746298927,1059.7701639896848,1203.0526463026367,6371.007352955742,16624.498736608595,6276.466599754807,4460.0367220439,1676.0001951984093,15845.625033200731,5222.373125725825,2696.6861197101725,753.2212200912635,1154.3595626276829,17947.462466949644,19598.344493472312,4092.2012563193316,1820.3943837523893,1814.4363345654497,10096.629789456807,2037.9996079058624,6101.4806746711565,21453.624028674563,0.29778364116094985,0.42395095655850334,0.014765029635901778,0.011229974985363777,0.16262444397373438,0.008924776880577986,0.009222451900143107,0.158534651371782,0.312034641178645,0.21840301758486957,0.12095147074439842,0.008641255367650957,0.27670466540004224,0.14217683475316154,0.0332945161973322,0.0019690277260390613,0.007695573718288929,0.34671031787939594,0.4017536446228608,0.08900190718372536,0.03063712498674865,0.008884188260179799,0.3120972002113048,0.014659962953162213,0.19885459751829462,0.511564051114162,0.0019690277260390613,0.511564051114162,0.509595023388123,JPT,0.0,False,0.511564051114162,0.276877062345946,0.21840301758486957,0.07729116603341274,0.011229974985363777,0.00038215117695451415,0.0332945161973322,0.004076746205267686,0.3120972002113048,0.1020250325179149,0.0019107558847725708,351.0
ENSG00000069764.10,PLA2G10,14672548,14694308,16,1929.1560827936232,1862.642463082327,1844.6305065225354,1812.011265624817,1813.9159224284058,1734.4603353152136,1717.7202378102372,1836.561738592783,1641.5479419021624,1813.100125903155,1683.8829251471493,1797.1746113830018,1987.0048173786665,1815.4888913159348,1927.78012238275,1690.7889249438495,1840.699421536546,1736.4799345125007,1820.3085385196246,1869.5403713987396,1682.7821796964142,1799.1495098729195,1813.1559191751041,1631.414655271558,1649.989347069432,1665.385278127337,0.002532981530343008,0.0025367297325864075,0.01010795935647756,0.031773910266645375,0.013344630374920568,0.031396090097747555,0.0249642232469391,0.005286250462546916,0.0022178803400749853,0.013069117568931626,0.01253052989274716,0.01028468430260298,0.0029026810217437195,0.01132335044182232,0.012439127673089138,0.02740673726784099,0.02855323214096168,0.0020065476819093883,0.0022712867103317136,0.011549057003602458,0.024647514046432735,0.008408249603384453,0.004595879556259905,0.007885684043397725,0.010817690104995227,0.0023233710001056077,0.0020065476819093883,0.031773910266645375,0.029767362584735987,LWK,0.3290749505996967,False,0.0029026810217437195,1.3772873797834295e-05,0.013344630374920568,0.0007003868917495931,0.031773910266645375,0.0023662973638683403,0.012439127673089138,0.0008294825902672872,0.024647514046432735,0.0007039678534254112,6.886436898917148e-05,58.0
ENSG00000115839.20,RAB3GAP1,135052289,135176667,2,16862.81219701224,15445.798887811505,6784.725342691084,5261.4264794523715,764.1502391821248,3407.539615972694,4283.271437773052,4670.084512481671,18220.59928687963,1656.9349762604368,915.7195417685232,5951.710620952888,15893.099146086086,2454.3264798536056,6118.876139915295,3781.5524675111637,4953.082312320153,17298.62447641716,17409.284304329594,3779.29389564106,5571.437540663087,5670.906695893098,5154.498452247773,6042.3564763076565,6074.224861010444,17036.399573345057,0.2979947229551451,0.24854666525737237,0.2075571549534293,0.22976209484272714,0.0020652404151662784,0.1112940926476838,0.1532835108920337,0.08389279484061955,0.38068331837144215,0.009615895447059448,0.002176914091536583,0.17081058156178763,0.2787629301245514,0.027832160431768876,0.1801291551979674,0.13453248895747966,0.19498991614478292,0.3205723941282078,0.3116416649059793,0.07549268912905277,0.2885084278596417,0.14759386567953464,0.08013734812466984,0.1753903148981212,0.19747587230883445,0.3266976449466681,0.0020652404151662784,0.38068331837144215,0.3786180779562759,CEU,0.0172376365785221,False,0.38068331837144215,0.1571846393959428,0.19747587230883445,0.0652406291600342,0.22976209484272714,0.07590933434573639,0.2075571549534293,0.078640075816523,0.2885084278596417,0.08745857872478673,0.326203145800171,5749.0
ENSG00000126067.12,PSMB2,35599541,35641526,1,18143.039714447055,11839.23385804338,4240.446977617958,4824.732876939462,1202.550692196021,2439.9672736397924,4528.989361828339,3902.8688373951322,15838.35853568546,1144.7735179396752,984.0505458662707,2519.730570475769,14077.916846889391,1364.1402729219026,4200.812145884463,3311.811699397797,6923.634054431013,14810.504891095972,15240.86381494772,3434.1641197814884,3449.528781367215,3222.4621393190596,3435.817128475156,4002.0975952715776,995.1939102757291,14995.141081854896,0.349023746701847,0.1263608498044604,0.08541490262489415,0.20001064452605247,0.0037597966532514297,0.06103909902252444,0.17204643027508348,0.055928529893746366,0.27797433595606486,0.00334696913350688,0.002389295954125518,0.02677198748873456,0.20740975300823306,0.004338853907614159,0.08834427270802456,0.10547602575701133,0.334253263984715,0.22204034216918364,0.22390661314177054,0.061135833863106594,0.12832608926110464,0.04531993654151243,0.028050713153724247,0.07906853664990739,0.002068087814190264,0.2410497412609568,0.002068087814190264,0.349023746701847,0.3469556588876567,TSI,0.0,False,0.349023746701847,0.13309580975648064,0.004338853907614159,0.00010574640772438348,0.334253263984715,0.14644865475959673,0.08834427270802456,0.019756571952952377,0.12832608926110464,0.01786975150533238,0.0005287320386219174,169.0
ENSG00000159723.5,AGRP,67482571,67483547,16,11202.110496725456,10624.678903302287,1856.446444778852,790.6616706903917,1544.7357870679443,763.160994152805,794.1603140705242,2001.4513579234467,12317.48252580787,1306.0027966127147,1291.71954653115,2044.3501626793645,10075.598435710564,1819.8373867138125,2012.216971722512,,769.3410824536707,12840.560548167752,13505.839534355036,1090.9957147107596,842.3354743698843,1622.6369026351074,2071.2986980517376,2730.157819062681,1528.8908085840355,11918.66853291718,0.10300791556728232,0.09512736497199027,0.010425486875529213,0.0025014636223322155,0.007625503071383181,0.0027624309392265192,0.002226109079344888,0.006766400592060052,0.14632729577018536,0.0047813844764384,0.0052033556334289055,0.01457880506812278,0.08792484694954612,0.011482088999417958,0.014397628625873385,,0.0021229168878038425,0.15149434998415884,0.16363828438622438,0.0024899343081161264,0.0024912541079190075,0.006240084611316764,0.006075013206550449,0.03360677427890976,0.008961713861491144,0.13533636075615166,0.0021229168878038425,0.16363828438622438,0.16151536749842055,KHV,0.0,False,0.16363828438622438,0.03118148458246737,0.011482088999417958,0.0005438483892398463,,,0.03360677427890976,0.004138759440660843,0.006766400592060052,5.5855511253076576e-05,0.0002792775562653829,117.0
ENSG00000162144.10,CYB561A3,61348754,61362283,11,12729.927337933492,11514.339204625718,2813.866664101014,760.0998765252284,1176.6671704472058,742.9817461978677,879.97782577133,1773.2237306708832,9306.401024145578,940.8881906378798,1062.093466276361,1861.2916765891525,14685.616553887718,1528.8198781992976,2613.3770931412864,905.7014840927417,799.2972497513119,11988.887648026686,13993.879955327671,1072.4694131756282,906.904069853595,2422.6438066841893,1637.5764892772997,3475.2952316812216,1407.7410866114237,11898.003816020644,0.14601583113456465,0.11822217524574569,0.03524555461473328,0.0021821278407578902,0.003389112476170303,0.002390565235869103,0.0028621402448719985,0.004757625416292224,0.06922955061519775,0.0021250597673059556,0.002548582351067219,0.011291947198218735,0.23163394553514882,0.006508280861421239,0.031071352953631167,0.004257357245489862,0.0023352085765842266,0.12657091561938957,0.180857806887809,0.0023839796567069293,0.003604367645499841,0.021258593336858804,0.0036450079239302696,0.05869277586663139,0.006840598154629335,0.1347027141197592,0.0021250597673059556,0.23163394553514882,0.22950888576784287,FIN,0.0,False,0.23163394553514882,0.06067871872409242,0.006840598154629335,0.00022749907418384552,0.004257357245489862,6.978896235141968e-05,0.05869277586663139,0.010197621049318928,0.004757625416292224,2.800393978811153e-05,0.00014001969894055765,85.0
ENSG00000203760.9,CENPW,126340115,126348875,6,7736.287066358264,7022.793375270689,2477.889961374388,1067.0517361082489,5144.382130862939,725.9135266097711,787.5831873727777,3855.8458414177294,7049.668095175334,4573.067477950343,4828.215880400515,3228.767769491957,6749.300283823717,4987.396844420988,4296.679825219575,769.5234453044966,1097.5154984167227,5631.1102468970375,7189.990641837696,3026.5724782607144,1377.5663186953757,3473.61120504482,4934.36350850637,3941.5963655152736,4471.978497644101,7028.7906225995075,0.03746701846965699,0.03081069654370574,0.02466130397967824,0.006759274043323221,0.14896208430417285,0.0021780705482362943,0.002173106482217629,0.054131204736480414,0.031103131435813485,0.12830048345109707,0.13847297440798556,0.05147643534962625,0.03066286679332911,0.13080057145880736,0.09279059919542663,0.002128678622744931,0.006209531896826239,0.014996303727954378,0.028681597295584196,0.04497774952320407,0.012191243506837698,0.05298783712321523,0.0722134178552562,0.07673987827467584,0.11777494962350196,0.03284401731967473,0.002128678622744931,0.14896208430417285,0.14683340568142791,JPT,0.0,False,0.03746701846965699,0.0018504655452102352,0.14896208430417285,0.04059604082790664,0.006759274043323221,0.0001569376217908864,0.09279059919542663,0.021389483186499456,0.0722134178552562,0.005789781938807854,0.0007846881089544319,217.0
ENSG00000103549.22,RNF40,30761745,30776307,16,4726.365207962123,4498.506661117905,1362.7127832065485,994.830963928583,2319.920564774271,737.1751236532697,937.9819982410017,2232.51144030628,4822.613115201857,2261.7674790547935,2615.49507210119,1879.6179254496783,4219.497390089731,2321.567885840833,1201.2438166931643,778.8261305917531,911.5754028559463,4340.628819433782,4922.717403864571,1514.320392205548,1344.6025639626891,1678.9349359029356,2631.4925592338554,1340.0920321677656,2044.0483558255726,4469.1372759967635,0.010184696569920845,0.009671282105485677,0.004498306519898391,0.005375485656501144,0.027960177928404998,0.002337441563960901,0.004081199978798961,0.010149600888090077,0.011564661773248138,0.026456994102959146,0.043219709036848256,0.011450988708052803,0.01044965167827739,0.025080692100111115,0.0035464746982849884,0.0021818955883135542,0.003396667020486148,0.008026190727637553,0.011620536657511091,0.00572155117609663,0.011343157002014206,0.006927551560021153,0.012044374009508717,0.0049219370203757605,0.01988545975182946,0.010402365614109198,0.0021818955883135542,0.043219709036848256,0.0410378134485347,JPT,0.0,False,0.011620536657511091,0.00019642780582891203,0.043219709036848256,0.005060319110684234,0.005375485656501144,0.00010503414168136796,0.011450988708052803,0.0007255581823788338,0.012044374009508717,0.00017296261472107038,0.0005251707084068397,167.0
ENSG00000148444.16,COMMD3,22316386,22320306,10,9883.221071312048,6866.399146696196,1212.2274607579488,878.0315634638586,1375.293880474887,973.61451107936,875.3550636681139,1988.5841852226056,11389.406294224307,984.9489931896762,,917.5323553454969,10052.767294197622,1352.0734808861034,1043.77629041316,979.1796279590579,848.2211561864294,10227.130571539778,11067.082154952905,1666.8293289059195,1267.9997966845017,1436.2241441152803,1965.835328686924,1274.382928835876,1458.535370506083,10336.172712072115,0.07345646437994723,0.028960997780361483,0.0036515664690939882,0.00393847463941668,0.005560262656216904,0.006852953676158096,0.0028091376477447395,0.006607813078183644,0.11902624491735755,0.0024438187324018487,,0.0022265811376769337,0.08734431074519738,0.004180115350018519,0.002805420283717976,0.006279601937097546,0.002706719031949899,0.08200443552645474,0.09613353053031903,0.008529349438440347,0.009116929926852538,0.004547858276044421,0.005388272583201268,0.00460439269648055,0.007848128115388694,0.09203717393600169,0.0022265811376769337,0.11902624491735755,0.11679966377968062,GIH,0.0,False,0.11902624491735755,0.016944984143718266,,,0.006852953676158096,0.00016077047309961417,0.00460439269648055,0.00016625535205003713,0.009116929926852538,0.00010020610542431245,0.0005010305271215623,163.0
