gene,chr,midpoint_Mb,superpop,focal_pop,focal_pop_rank_pct,min_rank_any_pop_pct,ihs_frac_rank_pct,nsl_frac_rank_pct,h12_pct_top,max_h12,q_hier,stage2_rank,locus_n_genes,locus_span_kb,akbari_max_posterior,akbari_n_post_ge_99,akbari_n_post_ge_90,akbari_n_post_ge_50,akbari_n_top_set,akbari_top_rsid,akbari_top_pos,akbari_top_s,akbari_top_fdr
OR4C6,11,55.664,EUR,GBR,0.133,0.053,74.345,75.409,,,0.005,1.0,1,3.994,0.3437,0,0,0,0,rs111824872,55599760.0,0.0084980149924255,0.4422
CENPW,6,126.344,EAS,CHB,0.095,0.095,,,23.359,0.007,0.005,9.0,3,392.105,0.7152,0,0,4,0,rs6900852,126223073.0,-0.0037516008654257,0.1025
SHCBP1,16,46.6,EUR,GBR,0.297,0.149,74.345,75.409,15.956,0.008,0.005,5.0,6,885.558,0.5277,0,0,1,0,rs56227132,46552134.0,0.012004077575439,0.2449
BMI1,10,22.326,EUR,FIN,0.18,0.175,74.625,0.112,,,0.005,4.0,4,137.838,0.3452,0,0,0,0,rs118033485,22197587.0,0.0208426249000936,0.4407
SLC26A6,3,48.631,EUR,GBR,0.668,0.222,0.348,1.966,44.422,0.011,0.005,37.0,48,3936.357,0.9901,93,216,508,79,rs764672877,46588205.0,0.0095149152538472,0.0099
EDC4,16,67.879,EUR,CEU,0.942,0.223,74.11,74.984,62.255,0.014,0.005,24.0,38,1209.118,0.9901,46,64,164,46,NA,67187852.0,-0.0074829658135431,0.0099
GRK2,11,67.277,EUR,IBS,0.286,0.228,4.738,5.256,35.154,0.01,0.005,29.0,15,918.473,0.9901,3,4,15,3,rs67501657,67204255.0,0.0050621734500166,0.0099
ZNF780B,19,40.042,EUR,FIN,0.265,0.265,74.625,75.864,85.95,0.026,0.005,36.0,12,1771.098,0.751,0,0,19,0,rs67506897,40869251.0,0.0054632723402237,0.0855
SULT1C4,2,108.383,EAS,CHB,0.271,0.271,72.609,0.137,99.839,0.113,0.026,457.0,1,11.078,0.3887,0,0,0,0,rs148272161,108388948.0,0.0217078732726562,0.3905
TMEM33,4,41.948,EAS,JPT,0.281,0.281,72.748,73.986,67.722,0.012,0.005,62.0,4,217.749,0.9901,76,326,388,19,rs1532939,41963282.0,0.0049569314427482,0.0099
TRUB1,10,114.958,EAS,KHV,0.291,0.291,72.883,74.067,66.762,0.014,0.005,91.0,1,39.481,0.9901,3,3,5,3,rs199792565,114871555.0,0.0183742092127763,0.0099
BCL2L1,20,31.694,EAS,JPT,0.292,0.292,72.748,73.986,8.239,0.006,0.005,32.0,1,59.537,0.9901,1,4,11,1,rs117186940,31760550.0,0.0181668564042772,0.0099
CIC,19,42.282,EUR,FIN,0.313,0.303,74.625,75.864,22.833,0.011,0.005,26.0,17,638.374,0.4143,0,0,0,0,rs17265865,41950266.0,0.0079353336361383,0.3636
ECD,10,73.15,EUR,TSI,0.307,0.307,0.273,0.289,96.296,0.039,0.005,60.0,12,691.355,0.524,0,0,1,0,rs68072991,73178508.0,0.0134253227996882,0.2479
VPS37C,11,61.146,EAS,JPT,0.308,0.308,72.748,73.986,1.37,0.005,0.005,61.0,2,165.059,0.9901,6,6,6,6,rs140451701,61073609.0,0.0087316387442165,0.0099
SLC6A15,12,84.887,EAS,CHS,0.312,0.312,3.05,73.243,9.721,0.006,0.005,21.0,1,54.138,0.6443,0,0,3,0,rs148250918,84949504.0,0.0191330580921404,0.151
CYP3A5,7,99.664,EUR,GBR,0.318,0.318,17.043,7.254,67.24,0.015,0.005,42.0,6,271.355,0.536,0,0,1,0,rs142299483,99744164.0,-0.0035044903514487,0.2381
TREM2,6,41.161,EUR,FIN,0.329,0.329,,,,,0.005,45.0,2,13.849,0.603,0,0,1,0,rs115179763,41233358.0,0.0203722170283378,0.1838
MYOD1,11,17.721,EAS,CHS,0.344,0.344,,,,,0.01,365.0,1,2.565,0.4451,0,0,0,0,rs112567793,17761220.0,-0.0043742377766092,0.3294
PAK1IP1,6,10.702,EUR,FIN,0.345,0.345,,,76.277,0.022,0.005,54.0,2,38.364,0.3838,0,0,0,0,rs17577729,10636531.0,0.0075828680434948,0.3971
PSME3,17,42.834,EUR,TSI,0.35,0.35,74.313,75.465,79.002,0.019,0.005,98.0,5,62.983,0.929,0,2,35,0,rs117425567,42704830.0,0.0240090925132099,0.0254
EXOC6B,2,72.501,EAS,KHV,0.35,0.35,37.54,22.974,59.416,0.012,0.005,28.0,3,760.087,0.8751,0,0,3,0,rs114015867,72637927.0,0.0160021473673693,0.0402
DOK1,2,74.553,EUR,GBR,0.35,0.35,0.134,0.155,13.165,0.008,0.005,52.0,8,322.699,0.3936,0,0,0,0,rs146190588,74706105.0,0.0103356645696016,0.3843
SPINK13,5,148.277,EUR,TSI,0.355,0.355,74.313,75.465,71.362,0.016,0.005,79.0,1,18.075,0.6789,0,0,1,0,rs9285673,148172928.0,0.0072164350952813,0.1276
MRPL16,11,59.808,EUR,TSI,0.36,0.36,,,,,0.007,273.0,1,4.638,0.4407,0,0,0,0,rs201833877,59746827.0,0.0085091809464898,0.3341
ORC2,2,200.936,EAS,JPT,0.467,0.365,72.748,8.94,21.608,0.007,0.005,105.0,2,74.353,0.3782,0,0,0,0,rs188134599,201040759.0,0.0094196085867248,0.4031
HECTD2,10,91.462,EUR,IBS,0.534,0.37,74.312,75.087,53.492,0.014,0.005,35.0,1,105.549,0.4068,0,0,0,0,rs117919093,91419923.0,0.0157559017650747,0.3714
VEZF1,17,57.98,EAS,KHV,0.938,0.371,72.883,74.067,2.116,0.005,0.008,284.0,3,35.799,0.9443,0,2,103,0,rs769097492,58076782.0,0.0167214022545979,0.0194
BAG2,6,57.181,EAS,JPT,0.664,0.375,72.748,3.512,45.2,0.009,0.005,101.0,5,267.2,0.6817,0,0,14,0,NA,57121541.0,0.0095985277518151,0.1244
FMNL3,12,49.672,EUR,IBS,0.984,0.377,0.727,0.695,66.868,0.017,0.006,205.0,6,384.929,0.9901,61,65,83,61,rs7310682,49736702.0,-0.0050875864909325,0.0099
ERMN,2,157.323,EUR,IBS,0.381,0.381,74.312,75.087,30.856,0.01,0.006,137.0,2,70.008,0.7733,0,0,2,0,rs115678300,157438359.0,0.0147819096873856,0.081
RIPPLY2,6,83.855,EUR,IBS,0.386,0.386,74.312,75.087,70.158,0.018,0.008,303.0,2,114.063,0.5528,0,0,2,0,rs72905809,83887320.0,0.0119720657715416,0.2266
KAT6B,10,74.929,EUR,FIN,0.393,0.393,17.339,12.441,77.623,0.022,0.008,298.0,2,576.837,0.5397,0,0,1,0,NA,75303704.0,0.0105568461355162,0.2358
PIGV,1,26.794,EAS,CDX,0.574,0.396,,,,,0.007,276.0,6,1069.88,0.9901,71,83,461,71,rs1932067,26322081.0,0.0075258189662218,0.0099
ERLIN2,8,37.748,EUR,TSI,0.418,0.396,74.313,1.807,1.36,0.005,0.005,17.0,6,686.49,0.4696,0,0,0,0,rs200746765,38014545.0,-0.0039441576301952,0.3036
FBXO4,5,41.933,EUR,FIN,2.021,0.402,74.625,3.266,80.664,0.023,0.005,124.0,2,211.678,0.2337,0,0,0,0,rs62361678,41927601.0,0.0054755920535435,0.591
BVES,6,105.117,EAS,CDX,0.861,0.408,0.252,1.067,77.867,0.016,0.012,392.0,1,40.335,0.8703,0,0,4,0,rs112643090,105207689.0,0.0136801078986697,0.0422
HEATR6,17,60.06,EUR,FIN,0.493,0.413,74.625,75.864,1.883,0.007,0.006,130.0,5,625.272,0.5745,0,0,1,0,rs145468011,60431759.0,0.0121029430385485,0.2065
VDAC3,8,42.399,EUR,IBS,0.418,0.418,1.783,1.797,24.883,0.009,0.005,14.0,5,931.553,0.6347,0,0,1,0,rs766603558,42221444.0,0.0051858620141238,0.1593
OSR2,8,98.948,EUR,TSI,0.662,0.428,74.313,75.465,,,0.005,107.0,1,7.701,0.3095,0,0,0,0,rs118029777,98996031.0,0.0114186350554443,0.4844
IFIH1,2,162.293,EUR,IBS,0.428,0.428,74.312,6.072,74.685,0.019,0.005,53.0,3,200.911,0.3361,0,0,0,0,rs754796225,162092722.0,0.0104103976482366,0.4515
EXOSC4,8,144.08,EUR,FIN,1.433,0.43,74.625,75.864,,,0.005,31.0,8,62.209,0.3045,0,0,0,0,rs192492576,144200378.0,0.0084814858823811,0.4905
PYGO2,1,154.96,EUR,TSI,1.218,0.455,74.313,75.465,14.969,0.007,0.005,104.0,3,22.225,0.9901,1,1,6,1,rs79380792,155013708.0,0.0096305250993658,0.0099
KCNE2,21,34.368,EUR,IBS,0.862,0.459,9.804,23.282,2.382,0.006,0.009,345.0,1,7.375,0.3102,0,0,0,0,rs150053730,34297963.0,0.0036978815006272,0.4841
C8orf76,8,123.231,EUR,FIN,0.472,0.465,74.625,0.759,6.145,0.008,0.005,88.0,3,55.574,0.2393,0,0,0,0,rs74405410,123293808.0,0.0090318437499826,0.5822
NPB,17,81.902,EUR,IBS,0.973,0.475,,,,,0.006,147.0,5,36.945,0.0,0,0,0,0,,,,
ZNF267,16,31.896,EUR,IBS,1.539,0.476,74.312,3.7,36.96,0.011,0.005,118.0,13,2126.63,0.9901,13,30,108,13,rs200510516,31254532.0,-0.007841410160047,0.0099
SYF2,1,25.227,EUR,CEU,0.778,0.476,74.11,74.984,5.099,0.006,0.005,110.0,1,10.226,0.6193,0,0,8,0,rs767460035,25301708.0,0.0074064596818153,0.1724
ELOA2,18,47.034,EAS,JPT,2.113,0.477,72.748,73.986,77.085,0.015,0.005,119.0,1,3.094,0.3599,0,0,0,0,rs72927308,46982456.0,0.0064177480149132,0.4237
SLC25A36,3,140.961,SAS,GIH,0.477,0.477,74.106,7.622,77.857,0.017,0.006,202.0,1,39.165,0.9643,0,5,18,0,rs7613516,141079309.0,-0.0047774464465471,0.0121
SGCB,4,52.03,AFR,ESN,0.48,0.48,0.837,0.935,31.052,0.016,0.061,503.0,4,816.301,0.0,0,0,0,0,,,,
ZMYM6,1,35.009,EUR,GBR,0.482,0.482,74.345,75.409,78.365,0.019,0.005,92.0,7,956.176,0.3498,0,0,0,0,rs7544001,35503107.0,0.020949842992779,0.4354
METTL25,12,82.419,EUR,FIN,0.488,0.488,74.625,75.864,88.95,0.029,0.005,75.0,1,120.711,0.5249,0,0,1,0,rs142530061,82364469.0,0.0180168831859624,0.2475
OR2T10,1,248.594,EUR,CEU,0.492,0.492,1.026,3.431,31.443,0.009,0.01,362.0,2,452.552,0.3153,0,0,0,0,rs116285460,248426840.0,0.01066957637855,0.4765
CHRM4,11,46.388,EUR,FIN,0.812,0.492,74.625,75.864,,,0.005,20.0,2,11.02,0.3985,0,0,0,0,rs75212415,46376384.0,0.0143507331051944,0.3793
NME9,3,138.296,EAS,CHB,2.042,0.492,23.153,73.982,14.898,0.006,0.01,364.0,1,68.449,0.2632,0,0,0,0,rs2305268,138384073.0,0.008941176159266,0.5478
MRPS5,2,95.104,EUR,IBS,1.914,0.501,74.312,75.087,27.766,0.009,0.015,411.0,12,1845.08,0.6597,0,0,4,0,rs376103190,95372233.0,0.0077687727210677,0.1415
ALG2,9,99.219,EAS,JPT,3.085,0.501,72.748,73.986,,,0.02,435.0,2,14.19,0.427,0,0,0,0,rs118057463,99287402.0,0.0152516863726277,0.3478
C4orf46,4,158.669,EUR,FIN,0.96,0.505,74.625,75.864,,,0.007,246.0,2,241.375,0.718,0,0,1,0,rs62336487,158733441.0,0.0145196631235374,0.1013
GTSE1,22,46.314,EAS,JPT,0.621,0.508,72.748,73.986,19.463,0.007,0.005,96.0,3,89.379,0.254,0,0,0,0,rs76458331,46234506.0,0.0216013106993733,0.5609
ZNF704,8,80.752,EAS,JPT,0.51,0.51,72.748,18.403,42.87,0.009,0.006,185.0,2,656.326,0.5184,0,0,6,0,rs34315280,80742994.0,0.0093001682791499,0.2509
KCNJ8,12,21.77,EUR,TSI,0.858,0.512,74.313,75.465,,,0.007,244.0,1,10.645,0.4425,0,0,0,0,rs373769091,21696304.0,0.016444436584216,0.3319
PRMT9,4,147.661,EUR,FIN,0.568,0.512,74.625,10.488,14.934,0.01,0.005,90.0,2,66.777,0.4732,0,0,0,0,rs115407826,147627834.0,0.0143997313348899,0.2996
STRAP,12,15.893,EUR,CEU,2.043,0.518,74.11,74.984,44.877,0.011,0.015,413.0,2,283.344,0.9901,1,1,7,1,rs34737513,16016453.0,0.0115741219805392,0.0099
NTN3,16,2.473,EUR,TSI,1.086,0.521,,,,,0.005,112.0,2,60.12,0.3088,0,0,0,0,rs117628225,2433747.0,0.0100890950414746,0.4851
IGIP,5,140.128,EUR,IBS,1.227,0.523,74.312,75.087,,,0.007,258.0,4,741.925,0.8173,0,0,5,0,rs115613317,140354629.0,0.0103030870022287,0.0597
GET3,19,12.743,EUR,FIN,1.236,0.539,74.625,2.393,,,0.006,133.0,3,27.818,0.8023,0,0,6,0,NA,12807975.0,0.0118686834305816,0.0658
BBX,3,107.667,EAS,CHS,0.54,0.54,1.347,1.492,84.339,0.019,0.015,415.0,1,288.403,0.8005,0,0,35,0,rs13074183,107851467.0,-0.0040912121335667,0.067
PABPC4L,4,134.199,EAS,JPT,0.542,0.542,72.748,73.986,,,0.006,207.0,1,5.456,0.3376,0,0,0,0,rs141049376,134105638.0,0.0114563234412535,0.4498
KMT2A,11,118.482,EUR,IBS,1.158,0.545,10.705,17.004,28.93,0.01,0.005,56.0,1,90.376,0.7641,0,0,43,0,rs1064939,118396331.0,0.0183637580255672,0.083
YIPF2,19,10.925,AFR,GWD,0.549,0.549,0.162,0.138,29.208,0.013,0.04,476.0,1,6.496,0.6865,0,0,2,0,rs34413054,10885404.0,0.0045044445200267,0.1204
HDAC1,1,32.313,EUR,CEU,0.773,0.55,74.11,74.984,3.683,0.005,0.006,156.0,2,102.648,0.4803,0,0,0,0,rs684475,32398990.0,0.010925290222598,0.2917
BMP2K,4,78.846,EUR,IBS,0.555,0.555,5.497,7.989,93.413,0.036,0.006,172.0,1,140.023,0.2612,0,0,0,0,rs13105556,79011400.0,0.0078997345698145,0.5508
TCTN1,12,110.639,EAS,CHS,0.561,0.561,71.934,73.243,67.595,0.013,0.01,352.0,2,90.923,0.9901,5,5,15,5,rs11065340,110619349.0,0.0108703712704576,0.0099
EPN2,17,19.276,EUR,TSI,0.561,0.561,5.074,2.251,85.948,0.023,0.007,277.0,1,121.1,0.9901,31,40,66,31,NA,19145445.0,-0.0055713937719661,0.0099
PROCA1,17,28.708,SAS,ITU,2.893,0.57,74.026,11.339,22.279,0.007,0.009,325.0,6,676.692,0.9901,555,561,600,552,rs139772292,28270059.0,0.0072575535681616,0.0099
OTX1,2,63.054,AFR,MSL,0.57,0.57,81.07,82.26,7.808,0.009,0.05,492.0,2,383.985,0.4468,0,0,0,0,rs11900596,62904669.0,0.0035370734811679,0.3271
ZBTB39,12,57.003,EUR,TSI,1.817,0.571,74.313,75.465,,,0.009,316.0,5,824.242,0.7407,0,0,9,0,rs2958143,56973373.0,0.0056000442350783,0.0911
LETM1,4,1.834,EUR,CEU,1.085,0.577,74.11,74.984,14.917,0.007,0.006,126.0,2,170.728,0.675,0,0,1,0,rs62285103,1724789.0,0.0083893333720507,0.1293
FEV,2,218.983,EUR,FIN,0.578,0.578,,,,,0.007,227.0,2,12.335,0.6021,0,0,1,0,rs185927916,219067922.0,0.0280228273192069,0.1842
PHYHIPL,10,59.212,EUR,FIN,2.663,0.588,74.625,75.864,26.511,0.012,0.008,278.0,1,71.131,0.2276,0,0,0,0,rs140265971,59311903.0,0.006579710905491,0.6005
SNAI2,8,48.92,AFR,YRI,0.591,0.591,0.119,0.098,,,0.047,489.0,4,1184.827,0.3109,0,0,0,0,rs13277439,49019326.0,-0.0084634988029589,0.483
CILK1,6,53.032,SAS,PJL,1.263,0.598,1.281,1.025,43.495,0.01,0.011,378.0,1,60.545,0.604,0,0,51,0,rs370151748,53126776.0,0.003921669820403,0.183
TMX3,18,68.694,SAS,PJL,0.603,0.603,73.796,74.194,89.636,0.023,0.021,438.0,1,41.42,0.4564,0,0,0,0,rs573987822,68776557.0,0.0103271929558319,0.3172
WIZ,19,15.435,EAS,CDX,0.606,0.606,72.766,74.319,2.384,0.006,0.006,142.0,1,29.978,0.6318,0,0,3,0,rs10417102,15470360.0,0.0048333750092604,0.1622
POU5F2,5,93.737,SAS,GIH,0.614,0.614,1.442,1.677,,,0.008,282.0,1,8.38,0.367,0,0,0,0,rs62364615,93835636.0,0.0090439395665491,0.4154
APMAP,20,24.978,EAS,KHV,0.62,0.62,72.883,74.067,75.095,0.016,0.008,295.0,1,29.826,0.4085,0,0,0,0,rs62217199,25061530.0,0.0044074363169265,0.3693
RAD51AP1,12,4.549,EAS,CDX,0.632,0.632,72.766,74.319,28.056,0.008,0.006,204.0,1,21.249,0.3445,0,0,0,0,rs78470967,4521511.0,0.0102959307282395,0.4414
ZNF572,8,124.976,EUR,FIN,0.637,0.637,74.625,75.864,,,0.006,201.0,1,6.094,0.3468,0,0,0,0,rs72714691,125056958.0,0.0086916787090272,0.4392
ATP1A1,1,116.391,EUR,TSI,0.906,0.645,74.313,75.465,70.775,0.015,0.008,299.0,1,37.593,0.3491,0,0,0,0,rs72689434,116458868.0,0.0075952338892882,0.4365
TMEM168,7,112.776,EAS,KHV,0.647,0.647,72.883,74.067,59.76,0.012,0.007,226.0,1,28.046,0.5878,0,0,1,0,rs79752960,112856646.0,0.0114926465519061,0.196
LRRC42,1,53.957,SAS,ITU,0.65,0.65,74.026,1.772,31.554,0.008,0.01,358.0,1,22.091,0.2313,0,0,0,0,rs72893339,53990937.0,0.0156348666209174,0.5946
ABHD17B,9,71.887,EAS,CHB,1.825,0.661,72.609,73.982,14.898,0.006,0.01,355.0,1,48.741,0.7687,0,0,31,0,rs13296504,72009501.0,0.0043787282602938,0.0818
LRRN3,7,111.108,EUR,FIN,1.178,0.662,74.625,75.864,79.415,0.023,0.007,272.0,1,34.448,0.4555,0,0,0,0,rs11766326,111100585.0,0.0034870930649233,0.3175
KCND2,7,120.512,SAS,GIH,0.678,0.678,4.939,3.828,93.951,0.029,0.04,473.0,1,477.162,0.3088,0,0,0,0,rs13226812,120748257.0,0.0090859522387048,0.4851
KLLN,10,87.861,AFR,ACB,0.681,0.681,80.314,81.722,40.573,0.014,0.045,484.0,1,4.375,0.4776,0,0,0,0,rs118136496,87870465.0,0.0142638689932091,0.2938
BTNL3,5,180.998,EUR,FIN,1.194,0.683,74.625,75.864,,,0.006,152.0,1,17.881,0.0,0,0,0,0,,,,
GSTCD,4,105.778,EAS,KHV,0.684,0.684,72.883,74.067,70.706,0.015,0.009,309.0,2,213.359,0.8235,0,0,7,0,rs6818511,105949268.0,0.0041308571465537,0.0574
KIF23,15,69.431,EUR,IBS,0.968,0.687,74.312,75.087,14.0,0.008,0.011,383.0,1,34.181,0.208,0,0,0,0,rs75361643,69512918.0,0.0075051674283717,0.6305
TMEM30A,6,75.269,EUR,FIN,0.69,0.69,11.313,75.864,54.836,0.016,0.025,453.0,2,47.273,0.4043,0,0,0,0,rs140898434,75155052.0,0.0143093211166115,0.3735
TCHHL1,1,152.087,EUR,IBS,3.2,0.691,74.312,75.087,,,0.007,249.0,2,777.111,0.9901,328,354,933,324,rs61815118,151790383.0,0.006120637725437,0.0099
RUNX1T1,8,92.029,EAS,CHB,0.695,0.695,72.609,30.435,50.031,0.009,0.005,113.0,1,148.413,0.1575,0,0,0,0,rs142105360,92172581.0,0.0169659320219781,0.7167
MYD88,3,38.141,EUR,GBR,2.2,0.698,74.345,75.409,9.418,0.007,0.006,211.0,2,39.895,0.904,0,1,2,0,rs114203552,38087517.0,0.0139226109319109,0.0307
PEG10,7,94.663,AFR,ESN,0.707,0.707,80.094,81.543,91.346,0.038,0.042,478.0,1,13.37,0.2759,0,0,0,0,rs188628536,94595961.0,0.0123400408189861,0.5291
BFAR,16,14.651,AFR,ESN,0.723,0.723,2.633,3.539,4.14,0.009,0.056,499.0,1,36.305,0.3568,0,0,0,0,rs71373039,14761034.0,0.0040495084787803,0.4273
SLC25A40,7,87.855,EUR,CEU,1.619,0.724,74.11,17.324,71.901,0.017,0.007,257.0,2,248.812,0.4304,0,0,0,0,rs113224765,87873501.0,0.0163991387576951,0.3443
CXCL3,4,74.038,EUR,FIN,1.093,0.725,74.625,75.864,,,0.009,341.0,2,62.607,0.3969,0,0,0,0,rs57623299,74140599.0,0.0044368929263019,0.3806
HEMGN,9,97.936,AFR,YRI,0.728,0.728,0.467,0.098,73.398,0.026,0.073,513.0,1,18.065,0.3391,0,0,0,0,rs4647497,97913076.0,0.009390566968348,0.4476
ABCE1,4,145.114,EUR,IBS,3.765,0.734,74.312,75.087,51.287,0.013,0.014,406.0,1,31.236,0.9901,215,220,227,134,rs6857262,145026050.0,0.0082476546598293,0.0099
DEFB110,6,50.016,EAS,KHV,1.192,0.736,72.883,74.067,34.036,0.009,0.007,214.0,1,12.856,0.9104,0,2,4,0,rs17736710,49910822.0,0.0085639499937968,0.0307
PLK4,4,127.89,EUR,TSI,1.848,0.739,74.313,11.044,40.068,0.01,0.014,407.0,1,18.331,0.4433,0,0,0,0,rs13132444,127800592.0,0.0094378455700213,0.3311
MYBL1,8,66.588,EUR,GBR,0.742,0.742,74.345,11.894,23.812,0.009,0.005,102.0,2,299.847,0.2759,0,0,0,0,rs547172051,66675170.0,0.0106246621418895,0.5291
PPP1R3D,20,59.938,EUR,TSI,1.049,0.75,,,,,0.006,195.0,2,14.916,0.3271,0,0,0,0,rs6062171,59953068.0,-0.0029400751067593,0.4612
PGAP1,2,196.88,EAS,CHS,0.752,0.752,15.439,12.609,94.575,0.03,0.005,117.0,2,123.379,0.1955,0,0,0,0,rs74615307,196908011.0,0.0054490819142051,0.6518
DEDD,1,161.127,AFR,YRI,0.765,0.765,0.525,0.416,16.842,0.012,0.109,521.0,4,94.725,0.2938,0,0,0,0,rs144200948,161114918.0,0.0138332620674204,0.5054
GEN1,2,17.771,EAS,CDX,0.77,0.77,72.766,74.319,97.296,0.042,0.022,443.0,1,35.088,0.9061,0,2,324,0,rs75470932,17843463.0,-0.0062247354410695,0.0307
PSMA8,18,26.164,EUR,IBS,1.407,0.772,1.92,0.505,79.317,0.022,0.027,461.0,1,59.503,0.9473,0,1,2,0,rs375070668,26281462.0,0.0108497186880614,0.019
MAMDC4,9,136.856,AFR,GWD,0.786,0.786,0.53,0.432,6.858,0.007,0.104,519.0,2,12.075,0.4035,0,0,0,0,rs2810494,136925744.0,0.0033152899283403,0.3744
CYP2R1,11,14.885,AFR,YRI,0.786,0.786,80.112,81.387,21.718,0.013,0.033,466.0,1,14.791,0.4511,0,0,0,0,rs72872046,14949181.0,0.0083210414036783,0.3221
WASF1,6,110.14,EUR,IBS,1.56,0.787,1.064,1.433,89.636,0.03,0.022,444.0,1,80.185,0.5566,0,0,3,0,rs141031248,110181837.0,0.0063099330540026,0.2227
PDCD7,15,65.126,EAS,JPT,0.791,0.791,72.748,73.986,,,0.006,178.0,1,16.429,0.6529,0,0,4,0,rs138954095,65134691.0,0.0091677835930907,0.1451
CLPB,11,72.36,SAS,ITU,1.317,0.797,74.026,74.813,58.52,0.012,0.012,399.0,2,436.067,0.8235,0,0,42,0,rs458575,72330467.0,0.0039732791189228,0.0574
SF1,11,64.772,EUR,IBS,0.799,0.799,74.312,75.087,32.877,0.01,0.01,351.0,3,1018.894,0.9399,0,9,111,0,rs625172,64522066.0,-0.0093566446513758,0.0215
FBXO48,2,68.463,EAS,JPT,0.807,0.807,,,,,0.007,229.0,1,7.872,0.2952,0,0,0,0,rs202175802,68559067.0,0.012965959943237,0.5034
PRXL2C,9,96.647,EUR,TSI,0.81,0.81,74.313,75.465,31.713,0.009,0.007,259.0,1,15.74,0.2638,0,0,0,0,rs548859510,96723281.0,0.0061412320673367,0.5469
GLMN,1,92.273,EAS,CHB,0.817,0.817,10.002,11.642,62.357,0.012,0.006,209.0,1,52.585,0.5083,0,0,1,0,rs11165441,92224347.0,-0.0046128998830182,0.263
TARBP2,12,53.504,EAS,KHV,1.108,0.818,72.883,74.067,,,0.012,391.0,2,26.762,0.9901,1,1,30,1,rs112919378,53406676.0,0.017809615661252,0.0099
CCDC92,12,123.946,EAS,CDX,0.823,0.823,0.558,0.66,52.874,0.011,0.011,370.0,1,54.171,0.9901,1,2,32,1,rs36183311,123862637.0,0.0053827099469321,0.0099
HEBP2,6,138.413,EAS,CDX,1.976,0.825,21.339,24.319,48.224,0.01,0.016,417.0,2,44.292,0.4347,0,0,0,0,rs77979875,138294602.0,0.0116806941272219,0.3407
RTKN2,10,62.226,EAS,CHB,0.838,0.838,16.587,17.12,96.21,0.036,0.012,388.0,1,85.809,0.4625,0,0,0,0,rs71495639,62126881.0,0.0119399930704172,0.3104
CLEC6A,12,8.467,EAS,CDX,0.839,0.839,2.746,3.345,9.59,0.007,0.009,326.0,1,22.368,0.1723,0,0,0,0,rs34952569,8447903.0,0.0053619599095784,0.6906
BCLAF1,6,136.273,EUR,GBR,1.23,0.841,11.028,2.53,6.516,0.007,0.008,294.0,1,33.224,0.5258,0,0,1,0,rs9321547,136307525.0,0.0110955900045259,0.2468
COPS8,2,237.093,EAS,CDX,2.173,0.842,72.766,74.319,,,0.015,412.0,1,14.592,0.3678,0,0,0,0,rs529021693,237188927.0,0.0126509795558297,0.4142
C9orf43,9,113.42,EAS,CHB,2.307,0.85,72.609,73.982,11.414,0.006,0.013,404.0,1,19.636,0.4911,0,0,0,0,rs117834907,113457912.0,0.02667823713376,0.2779
SCG2,2,223.6,EUR,FIN,0.86,0.86,,,58.902,0.017,0.011,373.0,1,5.421,0.2599,0,0,0,0,rs1868025,223510443.0,-0.0045133033794788,0.553
SESN1,6,109.04,EAS,JPT,1.917,0.863,72.748,73.986,82.981,0.018,0.008,304.0,1,110.537,0.5065,0,0,1,0,rs56229700,109036081.0,0.0056066662385545,0.2647
GTF3C1,16,27.505,EAS,CDX,1.732,0.873,72.766,74.319,23.347,0.008,0.007,266.0,1,90.358,0.4974,0,0,0,0,NA,27414339.0,0.0042956364941204,0.2722
PNLIPRP3,10,116.453,EUR,TSI,0.874,0.874,0.791,0.684,88.179,0.025,0.016,421.0,1,50.11,0.1636,0,0,0,0,rs72833128,116578045.0,0.0048706978840031,0.7063
ARL5A,2,151.809,AMR,PEL,0.884,0.884,73.471,75.403,57.519,0.042,0.009,336.0,1,39.508,0.4839,0,0,0,0,rs150142015,151892194.0,0.0123475594346757,0.2873
UQCRC2,16,21.968,EUR,FIN,2.181,0.887,2.77,7.956,1.683,0.007,0.027,462.0,1,30.372,0.3146,0,0,0,0,rs147039006,22018989.0,0.0091665081344253,0.4775
OXSM,3,25.789,EAS,CDX,0.887,0.887,72.766,74.319,21.267,0.008,0.02,431.0,1,11.617,0.1713,0,0,0,0,rs150916511,25731195.0,0.0117514012468593,0.6924
BCL7B,7,73.547,EAS,CDX,3.581,0.888,72.766,74.319,19.761,0.008,0.007,237.0,1,21.334,0.3109,0,0,0,0,rs116879765,73552175.0,0.0113493771786881,0.483
ATP6V1H,8,53.78,EUR,TSI,0.89,0.89,74.313,14.627,60.002,0.013,0.015,410.0,1,128.015,0.5821,0,0,1,0,rs141429639,53903686.0,0.027397109487602,0.2014
CDC6,17,40.296,EUR,TSI,1.748,0.895,74.313,75.465,24.454,0.008,0.009,340.0,1,16.778,0.9412,0,1,6,0,NA,40196325.0,0.0158857831929262,0.0201
GZMA,5,55.106,AMR,PEL,0.9,0.9,73.471,75.403,90.442,0.089,0.009,337.0,1,7.606,0.8465,0,0,5,0,rs79964157,55084854.0,0.0124125308239634,0.0474
GATAD1,7,92.454,SAS,STU,1.713,0.903,6.727,3.395,4.23,0.006,0.018,427.0,1,12.593,0.6885,0,0,2,0,rs76152533,92362116.0,0.0153089220587927,0.1197
CEP95,17,64.525,EUR,IBS,1.507,0.909,6.788,13.975,54.41,0.014,0.007,265.0,2,549.875,0.5641,0,0,5,0,rs74416785,64604569.0,0.014246776527642,0.215
EEF1G,11,62.567,EAS,CDX,0.914,0.914,72.766,74.319,51.324,0.011,0.011,380.0,4,42.269,0.3491,0,0,0,0,rs139118832,62467048.0,0.0178458699273236,0.4365
BPIFA2,20,33.172,SAS,GIH,0.922,0.922,74.106,74.76,6.895,0.007,0.009,335.0,1,19.644,0.9901,2,2,13,2,rs2424995,33164515.0,0.0230051868141794,0.0099
HS2ST1,1,87.012,EAS,CHS,0.927,0.927,23.774,17.437,93.617,0.029,0.007,274.0,1,195.347,0.6491,0,0,3,0,rs72720201,87019680.0,0.0125425816234012,0.1479
SCUBE3,6,35.234,EUR,FIN,1.825,0.927,74.625,75.864,78.063,0.022,0.021,437.0,1,39.123,0.9901,306,380,504,304,rs73405759,35117075.0,0.0193779777903635,0.0099
MANBAL,20,37.303,EAS,CDX,2.024,0.932,13.92,16.125,2.014,0.006,0.022,442.0,1,27.611,0.9901,4,6,91,0,rs2254382,37379726.0,-0.004387577810348,0.0099
BUB1,2,110.658,EUR,TSI,0.937,0.937,74.313,75.465,3.181,0.005,0.007,245.0,1,40.535,0.0,0,0,0,0,,,,
HERC5,4,88.482,EUR,TSI,2.129,0.94,5.641,6.449,23.684,0.008,0.02,434.0,1,49.044,0.5519,0,0,1,0,rs2869679,88502669.0,-0.0081607859242061,0.2277
H2BC21,1,149.886,SAS,STU,0.957,0.957,,,,,0.007,253.0,1,2.223,0.8005,0,0,7,0,rs7551741,149918132.0,0.0080543951281931,0.067
STX19,3,94.021,AFR,MSL,0.961,0.961,81.07,82.26,,,0.063,509.0,1,14.232,0.3568,0,0,0,0,rs62265461,94093919.0,0.0078778288701446,0.4273
RNF11,1,51.255,EUR,IBS,2.517,0.961,74.312,19.708,17.417,0.008,0.01,354.0,1,37.174,0.5463,0,0,4,0,rs17391220,51293463.0,0.0081688386679827,0.2316
GP9,3,129.062,EUR,FIN,0.966,0.966,,,,,0.008,291.0,2,62.022,0.254,0,0,0,0,rs777793218,128963311.0,0.0479384547935928,0.5609
DTNA,18,34.693,EAS,KHV,0.97,0.97,34.563,28.908,86.486,0.022,0.007,270.0,1,398.553,0.4555,0,0,0,0,rs118174169,34699692.0,0.0083369779622964,0.3175
FGF8,10,101.775,AFR,ACB,0.971,0.971,80.314,81.722,5.352,0.008,0.061,502.0,1,10.262,0.3798,0,0,0,0,rs79049423,101805764.0,0.0088563554026444,0.4007
SAP30,4,173.374,EUR,GBR,0.981,0.981,74.345,75.409,,,0.008,300.0,1,7.563,0.2725,0,0,0,0,rs139416787,173326418.0,0.0081436219097457,0.5342
NDUFB2,7,140.707,EAS,JPT,0.982,0.982,16.19,4.303,41.112,0.009,0.023,448.0,1,32.013,0.1702,0,0,0,0,rs117998504,140822410.0,0.015483606408608,0.6943
PPP1R12A,12,79.855,EUR,GBR,0.997,0.997,74.345,75.409,73.95,0.017,0.01,369.0,1,161.897,0.7332,0,0,2,0,rs117482385,79765447.0,0.0121120345894991,0.0937
RALGAPA2,20,20.551,SAS,GIH,1.637,0.997,74.106,14.769,36.597,0.01,0.009,315.0,1,323.114,0.5519,0,0,1,0,rs6113000,20750579.0,0.0100462115469256,0.2277
MRPS11,15,88.474,EUR,GBR,1.331,0.998,74.345,75.409,30.235,0.01,0.007,235.0,1,13.323,0.6212,0,0,12,0,rs28643331,88569163.0,0.0054223948569346,0.1703
