CHROM	POS	RSID	REF	ALT	AF	S	X	absX	POSTERIOR	FDR	rank	POS_GRCh37
5	132328823	rs538021413	TTATATA	T	0.343035240993423	0.0179478799031053	16.643323945971595	16.643323945971595	0.9901	0.0099	1	131664516
2	135851076	NA	G	A	0.2714243643859821	0.0421221871105983	16.523199593858344	16.523199593858344	0.9901	0.0099	2	136608646
11	61836038	rs174576	C	A	0.4275301855305782	-0.0154118620720612	-16.15341039753985	16.15341039753985	0.9901	0.0099	3	61603510
12	111569952	rs653178	C	T	0.6246196132325513	-0.0188024534264795	-15.596828419520495	15.596828419520495	0.9901	0.0099	4	112007756
2	135403522	rs6709525	C	G	0.7368214390890351	-0.0382297844650053	-15.256675753985052	15.256675753985052	0.9901	0.0099	5	136161092
12	112919388	NA	G	A	0.722391283007755	-0.0151239831534382	-15.141362356808731	15.141362356808731	0.9901	0.0099	6	113357193
2	134741354	rs1942055	G	C	0.8021007165995877	-0.0365812480310639	-14.894848821047729	14.894848821047729	0.9901	0.0099	7	135498924
12	112073261	rs71445564	T	TAC	0.3459065475606164	0.0176284875419416	14.560398543685757	14.560398543685757	0.9901	0.0099	8	112511065
12	112459036	rs58235019	A	AG	0.6555413762638657	-0.0172608081324467	-14.41142282025266	14.41142282025266	0.9901	0.0099	9	112896840
6	31816086	rs562047	G	C	0.0826789044861097	0.0367543573487751	13.834787245369123	13.834787245369123	0.9901	0.0099	10	31783863
6	31409977	rs41284511	G	A	0.1044468440168842	0.031997643016391	13.732645428106268	13.732645428106268	0.9901	0.0099	11	31377754
6	32616406	rs28383234	A	C	0.1281535290075586	0.0301320059861105	13.70362624419154	13.70362624419154	0.9901	0.0099	12	32584183
5	131976545	rs11743803	A	G	0.2744674585255718	0.0169753954702949	13.67054711700226	13.67054711700226	0.9901	0.0099	13	131312238
5	131599503	rs72290633	TAC	T	0.2705408854422303	0.0169625430896716	13.606551888441953	13.606551888441953	0.9901	0.0099	14	130935196
11	89178528	rs1042602	C	A	0.3325316579954844	0.0169467027921813	13.373937370068113	13.373937370068113	0.9901	0.0099	15	88911696
5	33951588	NA	C	G	0.7575095710218906	0.0236263722107227	13.149626229714274	13.149626229714274	0.9901	0.0099	16	33951693
5	131126137	rs4706006	G	T	0.260601747325022	0.0165390413419778	13.02606660427817	13.02606660427817	0.9901	0.0099	17	130461830
12	111162330	rs11065822	G	T	0.2879159713360165	0.0161535390654005	12.82975089516046	12.82975089516046	0.9901	0.0099	18	111600134
2	136294404	rs72847650	C	A	0.1865858447040345	0.0260755301901237	12.402379700468215	12.402379700468215	0.9901	0.0099	19	137051974
15	45102269	rs534821142	G	GGT	0.1170855011288897	-0.0148414811243985	-12.24161881619757	12.24161881619757	0.9901	0.0099	20	45394467
5	130724057	rs7701967	G	A	0.2470550701874938	0.0157005421833936	12.181739494898963	12.181739494898963	0.9901	0.0099	21	130059750
6	30352153	rs6905389	C	A	0.0511190733287523	0.0406885630905785	11.966938884962602	11.966938884962602	0.9901	0.0099	22	30319930
4	38797027	rs5743618	C	A	0.4871895553155983	-0.0196576321183717	-11.6447371620524	11.6447371620524	0.9901	0.0099	23	38798648
6	33193883	rs576307070	T	TG	0.1798615882988122	-0.0115092128832824	-11.390893686183542	11.390893686183542	0.9901	0.0099	24	33161660
11	88809769	rs5793350	C	CA	0.3820310199273584	-0.0111201620080443	-11.228529469534227	11.228529469534227	0.9901	0.0099	25	88542937
6	32187804	rs204993	A	G	0.1468538333169726	0.0307672028627994	11.173760202547856	11.173760202547856	0.9901	0.0099	26	32155581
11	1133549	rs12577765	C	G	0.6145577697064887	0.0091446972474023	11.06189053582267	11.06189053582267	0.9901	0.0099	27	1127457
19	5847989	rs2608894	T	C	0.6615294002159615	0.0089774516206266	10.961811607905585	10.961811607905585	0.9901	0.0099	28	5848000
2	136785277	rs35702515	G	T	0.0885442230293511	0.0291394939266719	10.813523048555899	10.813523048555899	0.9901	0.0099	29	137542847
4	144120192	rs13107492	C	T	0.3846078335133012	0.0093435236126459	10.790471576915493	10.790471576915493	0.9901	0.0099	30	145041345
6	29569489	rs750112563	C	CT	0.1489398252674978	0.0167753007657765	10.709462765666515	10.709462765666515	0.9901	0.0099	31	29537266
7	117425564	rs7779160	G	A	0.3632570923726317	-0.0087334276638292	-10.689391114344978	10.689391114344978	0.9901	0.0099	32	117065618
14	105678347	rs2516747	C	T	0.4551389025228232	0.012105777265411	10.613088284891703	10.613088284891703	0.9901	0.0099	33	106144684
6	30989273	NA	G	A	0.0909492490428978	-0.0128419919443686	-10.596189026752274	10.596189026752274	0.9901	0.0099	34	30957050
9	133252613	rs10901252	G	C	0.0621625601256503	0.0269969294516591	10.567599092359728	10.567599092359728	0.9901	0.0099	35	136128000
17	46661499	NA	G	C	0.0946549523903013	0.0205038649598733	10.510854750564809	10.510854750564809	0.9901	0.0099	36	44738865
15	74743483	rs146178869	T	TTTTG	0.5154608815156572	0.0102409091061951	10.470373203371782	10.470373203371782	0.9901	0.0099	37	75035824
5	130294532	rs35447532	G	A	0.2316678119171493	0.0126444924156552	10.321264240907864	10.321264240907864	0.9901	0.0099	38	129630225
6	28100270	rs73396583	T	C	0.0850348483361146	0.0225000517613892	10.237722378258702	10.237722378258702	0.9901	0.0099	39	28068048
4	99337560	rs1789900	A	T	0.4263767546873466	-0.0094435294352598	-10.213310834150983	10.213310834150983	0.9901	0.0099	40	100258717
6	28736285	rs112192278	C	CACACAT	0.0353146166683027	0.0358398837169765	10.189876434314137	10.189876434314137	0.9901	0.0099	41	28704062
6	30002262	rs55945512	A	T	0.0267988612938058	0.0395681837020165	10.176843680280495	10.176843680280495	0.9901	0.0099	42	29970039
22	41917991	rs73165126	C	T	0.1140914891528418	-0.0118604657841831	-10.16262268957606	10.16262268957606	0.9901	0.0099	43	42313995
11	71443158	rs11606033	A	G	0.6148277216059684	0.0096114839363487	10.041692723576475	10.041692723576475	0.9901	0.0099	44	71154204
17	30319039	rs6505173	A	G	0.4871159320702856	-0.0079062707423892	-9.886773486763223	9.886773486763223	0.9901	0.0099	45	28646057
1	152136458	rs71582214	C	CA	0.2661725728870128	-0.0085850883188713	-9.824511262167169	9.824511262167169	0.9901	0.0099	46	152108934
2	134338799	rs10170556	T	G	0.1329144988711102	0.0213027817408075	9.697392345732593	9.697392345732593	0.9901	0.0099	47	135096370
2	102435843	rs111959859	AT	A	0.6202022185137921	-0.0077198678445081	-9.217108241481885	9.217108241481885	0.9901	0.0099	48	103052303
11	120240332	rs745361528	G	C	0.1132325512908609	-0.0102146276545794	-9.066158655296793	9.066158655296793	0.9901	0.0099	49	120111041
6	26090042	rs34555420	G	C	0.0628006282516933	0.0179285779620911	9.035141108659364	9.035141108659364	0.9901	0.0099	50	26090270
16	89956076	rs11446223	G	GA	0.0789241189751644	0.0178955560623209	8.99087507599635	8.99087507599635	0.9901	0.0099	51	90022484
16	89012489	rs143930250	TCCAC	T	0.1432217532148817	0.0117125396012164	8.76026987911437	8.76026987911437	0.9901	0.0099	52	89078897
3	195806461	rs3096337	C	T	0.8436242269559242	-0.0124065120413299	-8.73425366076731	8.73425366076731	0.9901	0.0099	53	195533332
2	133917644	rs35519280	C	T	0.0589722194954353	0.0233828340914671	8.692699082961752	8.692699082961752	0.9901	0.0099	54	134675215
6	25555730	rs145870731	AAC	A	0.0230931579464022	0.0327944836719292	8.65799075247019	8.65799075247019	0.9901	0.0099	55	25555958
17	27540667	rs8075695	A	G	0.2610925689604397	0.0081276341322608	8.60114364165049	8.60114364165049	0.9901	0.0099	56	25867693
15	75099686	rs56266105	G	GTATA	0.3970992441346814	-0.0069560087659528	-8.591837264860976	8.591837264860976	0.9901	0.0099	57	75392027
1	206724549	rs570984194	C	CT	0.4384755080003926	-0.0068834623324902	-8.525719845906488	8.525719845906488	0.9901	0.0099	58	206897894
6	134076930	rs4896022	A	G	0.1835918327279866	-0.0106484626029092	-8.523795899879124	8.523795899879124	0.9901	0.0099	59	134398068
17	46219250	rs770452487	T	TAAAA	0.1164474330028467	0.0144650468981546	8.497539346790143	8.497539346790143	0.9901	0.0099	60	44296616
1	161595591	rs76277413	A	G	0.1145332286247177	0.0113401335186714	8.458228512798378	8.458228512798378	0.9901	0.0099	61	161565381
6	35407749	rs6906237	C	A	0.0512908609011485	0.0193438933094384	8.448140762560946	8.448140762560946	0.9901	0.0099	62	35375526
17	29946034	rs57411618	A	G	0.4256159811524492	0.0072359985487511	8.398703134263265	8.398703134263265	0.9901	0.0099	63	28273052
7	106037229	rs73195680	C	T	0.2378521645234121	-0.0075217602334511	-8.397961519733267	8.397961519733267	0.9901	0.0099	64	105677675
12	102883387	rs10778208	C	T	0.1811131834691273	0.009176401174277	8.393125053068838	8.393125053068838	0.9901	0.0099	65	103277165
6	26451660	rs6935678	T	C	0.016565230195347	0.0429150756083595	8.35280274659499	8.35280274659499	0.9901	0.0099	66	26451888
6	34372016	rs62399909	C	A	0.0677088446058702	0.016069933201383	8.27583058023957	8.27583058023957	0.9901	0.0099	67	34339793
16	89368133	rs111460975	A	G	0.0689604397761853	0.0185491825358093	8.263016165630786	8.263016165630786	0.9901	0.0099	68	89434541
5	540616	rs72704787	T	C	0.2030774516540689	0.0095757588928037	8.246277817939523	8.246277817939523	0.9901	0.0099	69	540731
12	95978248	rs11454735	A	AT	0.5022577795229214	0.0065239558121371	8.240955883332301	8.240955883332301	0.9901	0.0099	70	96372026
6	29082480	rs116611655	G	C	0.0185039756552468	0.0373866912817695	8.171650497707805	8.171650497707805	0.9901	0.0099	71	29050257
2	137130373	rs17418327	C	A	0.0575242956709531	0.0234693886233683	8.167040815534774	8.167040815534774	0.9901	0.0099	72	137887943
17	45876136	rs2316775	A	G	0.1096495533523117	0.0150974589037508	8.140194737204315	8.140194737204315	0.9901	0.0099	73	43953502
7	117766184	rs10254610	G	A	0.370005889859625	-0.0065291105156711	-8.039448098888709	8.039448098888709	0.9901	0.0099	74	117406238
20	32376870	rs2377474	G	A	0.5908510847158143	-0.006762887838184	-8.026562891448458	8.026562891448458	0.9901	0.0099	75	30964673
4	102080492	rs1813006	G	T	0.0454255423579071	0.0208313360548657	8.019091137818133	8.019091137818133	0.9901	0.0099	76	103001649
4	102624740	rs56792959	TCTC	T	0.3298075979189163	-0.0066397686446698	-8.001045780722679	8.001045780722679	0.9901	0.0099	77	103545897
13	20486803	rs9509242	C	T	0.3001374300579169	-0.0067593543919092	-7.96474997633084	7.96474997633084	0.9901	0.0099	78	21060942
11	2144346	rs35506085	G	A	0.1872975360753902	0.0083680285821008	7.950097393007837	7.950097393007837	0.9901	0.0099	79	2165576
6	25147290	rs4712888	C	T	0.970256208893688	-0.0367810305820484	-7.92485467119	7.92485467119	0.9901	0.0099	80	25147518
15	74300521	rs12904134	G	A	0.4106950034357514	0.0075844427279822	7.914679575961236	7.914679575961236	0.9901	0.0099	81	74592862
2	137573054	rs72844525	A	C	0.0518553057818788	0.0238118254759632	7.89702871669231	7.89702871669231	0.9901	0.0099	82	138330624
12	110750159	NA	A	ATATATATTTATACTTGTAAATG	0.1154167075684696	0.0117532032320108	7.848794385896777	7.848794385896777	0.9901	0.0099	83	111187964
1	220796686	rs2642438	A	G	0.659934229900854	0.0064292608689159	7.843303803893213	7.843303803893213	0.9901	0.0099	84	220970028
11	90133829	NA	C	CT	0.0907038382251889	0.0117013454961699	7.817502183922395	7.817502183922395	0.9901	0.0099	85	89866997
9	108049333	rs6477613	C	T	0.4472366741925984	-0.0063490868301045	-7.777028614457781	7.777028614457781	0.9901	0.0099	86	110811614
5	35852821	rs35648552	T	G	0.7199371748306665	-0.0074363295278823	-7.776702041289893	7.776702041289893	0.9901	0.0099	87	35852923
6	27601645	rs76153647	A	G	0.0198782762344164	0.032217831221795	7.77269364328325	7.77269364328325	0.9901	0.0099	88	27569424
2	70067128	rs75923814	C	T	0.0897712771178953	-0.0099013000507365	-7.759029243941231	7.759029243941231	0.9901	0.0099	89	70294260
5	132713897	rs200294635	T	TC	0.0642976342397172	0.0151735184249573	7.749069937028259	7.749069937028259	0.9901	0.0099	90	132049589
4	102997908	rs9994654	A	C	0.2366496515166388	-0.0070075703592252	-7.748707807896219	7.748707807896219	0.9901	0.0099	91	103919065
8	125344207	rs2385094	T	C	0.1741189751644252	-0.0076256884192594	-7.74742805818961	7.74742805818961	0.9901	0.0099	92	126356449
14	96193582	rs11160318	G	A	0.3779572003533916	-0.0062678068802795	-7.7359764733882805	7.7359764733882805	0.9901	0.0099	93	96659919
1	205211934	rs2369633	T	C	0.9200942377540002	-0.013444419213397	-7.626341029553984	7.626341029553984	0.9901	0.0099	94	205181062
11	89603943	rs79543903	G	T	0.0752429567095317	0.0135625128819186	7.616854131640918	7.616854131640918	0.9901	0.0099	95	89337111
17	45443032	rs386543940	G	T	0.1776038087758908	0.0108557991112939	7.6062575677934	7.6062575677934	0.9901	0.0099	96	43520398
1	155852838	rs112685832	C	A	0.0780406400314125	0.012249451579805	7.5811525242856845	7.5811525242856845	0.9901	0.0099	97	155822629
13	108341146	rs12874404	A	G	0.0566898988907431	0.0145914359682753	7.557249498194572	7.557249498194572	0.9901	0.0099	98	108993494
2	139093444	rs138607377	TAAAATTGCTAAAC	T	0.0595857465397074	0.0159638916814242	7.555319527912277	7.555319527912277	0.9901	0.0099	99	139851014
12	122688034	rs372429030	A	AT	0.3601894571512712	0.0066231691487748	7.538568278796084	7.538568278796084	0.9901	0.0099	100	123172581
12	110258952	rs1265775	A	T	0.8830617453617355	-0.011127304265494	-7.503768943435952	7.503768943435952	0.9901	0.0099	101	110696757
3	151339431	rs10645486	T	TAA	0.3522136055757338	-0.0060934643262162	-7.469011736203499	7.469011736203499	0.9901	0.0099	102	151057219
9	127393824	rs76790252	A	T	0.0905565917345636	0.0140129121060925	7.452078935270813	7.452078935270813	0.9901	0.0099	103	130156103
6	24728281	rs9461056	C	G	0.0154608815156572	0.0414567374985077	7.449873599510298	7.449873599510298	0.9901	0.0099	104	24728509
5	177415473	rs2731672	T	C	0.7172621969176401	0.0071580179471395	7.387580699227215	7.387580699227215	0.9901	0.0099	105	176842474
6	33648154	rs145325967	C	T	0.0338421517620496	0.0296235871680385	7.367137723250872	7.367137723250872	0.9901	0.0099	106	33615931
11	88452266	rs11605606	A	G	0.0871699224501816	0.0110074107753843	7.320057722661177	7.320057722661177	0.9901	0.0099	107	88185434
4	39402686	rs2381379	C	T	0.5708255619907725	-0.0059358958221403	-7.299886602858456	7.299886602858456	0.9901	0.0099	108	39404306
6	34000351	rs6905035	T	C	0.0319770295474624	0.0196837631634491	7.284173295717763	7.284173295717763	0.9901	0.0099	109	33968128
17	75337870	rs2164243	A	T	0.720256208893688	-0.0071043036454332	-7.212428460975207	7.212428460975207	0.9901	0.0099	110	73333951
12	53260182	rs11352274	AT	A	0.6837881613821537	-0.0064285885622415	-7.1926007258603235	7.1926007258603235	0.9901	0.0099	111	53653966
17	38437968	rs4795278	G	C	0.3390841268283106	0.0060858142899833	7.171595195752358	7.171595195752358	0.9901	0.0099	112	36594211
1	155166366	rs75925257	G	A	0.0842249926376754	0.0109246233089994	7.171078567538573	7.171078567538573	0.9901	0.0099	113	155138842
6	27229017	rs76078069	A	C	0.0160744085599293	0.0317463442858135	7.158868663719068	7.158868663719068	0.9901	0.0099	114	27196796
16	67347480	NA	G	C	0.0689849808579562	0.0134021335429675	7.138652116986993	7.138652116986993	0.9901	0.0099	115	67381383
12	124351569	rs58463871	T	A	0.2123048983999214	0.0086188545301127	7.121075633605224	7.121075633605224	0.9901	0.0099	116	124836115
5	158822259	rs140372346	CGGATGGACGGATGGATGGAT	C	0.3115244919996073	0.0073448085129798	7.119993690160955	7.119993690160955	0.9901	0.0099	117	158249267
12	109891626	rs4586234	T	C	0.8933444586237361	-0.0111504435021042	-7.108115260998895	7.108115260998895	0.9901	0.0099	118	110329431
6	160602994	NA	GTT	G	0.0622852655345047	0.014541429963001	7.098790391427339	7.098790391427339	0.9901	0.0099	119	161024026
16	31243211	rs200510516	AAAAGAAAAGAAAGAAAGAAAGAAAG	A	0.1706586826347305	-0.007841410160047	-7.080791720762887	7.080791720762887	0.9901	0.0099	120	31254532
4	98857613	rs376061381	TACACAC	T	0.0818199666241288	0.0110802722897224	7.080114493206514	7.080114493206514	0.9901	0.0099	121	99778764
1	19981070	rs1774131	A	G	0.3506675174241681	-0.005807175238184	-7.065389209263784	7.065389209263784	0.9901	0.0099	122	20307563
9	16792104	rs376217474	C	CA	0.6671493079414941	0.0062906100383566	7.037960304596894	7.037960304596894	0.9901	0.0099	123	16792102
16	67700110	rs143586350	A	G	0.0611809168548149	0.0140104965177738	7.029883163559094	7.029883163559094	0.9901	0.0099	124	67734013
1	247388412	rs10802491	A	G	0.5959801708059291	0.0056284259155535	7.02174643990608	7.02174643990608	0.9901	0.0099	125	247551714
16	75537489	rs111402414	T	TTC	0.3121871012074212	-0.0058856163222919	-7.015498310754998	7.015498310754998	0.9901	0.0099	126	75571387
12	102452726	rs12313279	A	G	0.7406007656817513	-0.0071452184026401	-7.008787431931431	7.008787431931431	0.9901	0.0099	127	102846504
3	46109445	rs1500004	G	A	0.0598066162756454	0.0152885120608038	7.006764414821708	7.006764414821708	0.9901	0.0099	128	46150937
2	137997689	rs56062142	A	C	0.0374251497005988	0.0232334597365013	6.995428085681494	6.995428085681494	0.9901	0.0099	129	138755259
2	112901133	rs113465881	G	T	0.0399528811229999	0.0195515228701316	6.986565509462758	6.986565509462758	0.9901	0.0099	130	113658710
11	72236778	rs10751199	A	G	0.2445273387650927	-0.0063411182376242	-6.983719204354648	6.983719204354648	0.9901	0.0099	131	71947822
2	96619180	rs12329128	G	A	0.3369245116324728	0.0061661177830878	6.981645075972903	6.981645075972903	0.9901	0.0099	132	97284917
2	20210719	rs3771247	A	G	0.4458132914498871	-0.0055175156270879	-6.969547668203565	6.969547668203565	0.9901	0.0099	133	20410480
6	137208635	rs4896244	T	C	0.398669873368018	0.0055862849253475	6.965431557515088	6.965431557515088	0.9901	0.0099	134	137529772
17	47733988	rs41444548	C	G	0.043953077451654	0.0155168594103973	6.905830426815294	6.905830426815294	0.9901	0.0099	135	45811354
17	48917942	rs55929017	T	A	0.1365220378914302	0.0101862112901907	6.8577006581149735	6.8577006581149735	0.9901	0.0099	136	46995304
6	116664428	rs59007786	CA	C	0.28440659664278	-0.0057746577242704	-6.841038473174132	6.841038473174132	0.9901	0.0099	137	116985591
11	90515611	rs1150322	A	G	0.923088249730048	-0.0112936422435044	-6.839757308192331	6.839757308192331	0.9901	0.0099	138	90248779
20	33350300	rs293709	C	A	0.9692745656228526	-0.0213729757522212	-6.838210805930133	6.838210805930133	0.9901	0.0099	139	31938106
17	39888640	rs558669065	CTT	C	0.4950672425640522	-0.0056982322156127	-6.810784775553141	6.810784775553141	0.9901	0.0099	140	38044893
2	138725485	rs74849416	G	A	0.1091096495533523	0.0123560192691865	6.799723108315352	6.799723108315352	0.9901	0.0099	141	139483055
12	49647028	rs3841320	A	AG	0.2297290664572494	-0.0061796297543011	-6.7934077432727635	6.7934077432727635	0.9901	0.0099	142	50040811
6	24169024	rs138826733	T	TA	0.0145037793265927	0.0344321311887734	6.791538755742856	6.791538755742856	0.9901	0.0099	143	24169252
12	6385904	rs750871923	C	CAA	0.51359575930107	0.0056015628242985	6.78396549335237	6.78396549335237	0.9901	0.0099	144	6495070
2	133057185	rs78307723	C	T	0.0243202120349465	0.0245269736971363	6.7680628971440004	6.7680628971440004	0.9901	0.0099	145	133814758
5	102127673	NA	ATGTG	A	0.0373269853735152	0.0156552779431187	6.763195398095638	6.763195398095638	0.9901	0.0099	146	101463377
19	48697960	rs368565	C	T	0.4983312064395798	-0.0068514659366293	-6.724081464456344	6.724081464456344	0.9901	0.0099	147	49201217
19	17108295	rs7246865	G	A	0.2876214783547658	0.0064544243325002	6.681494376653297	6.681494376653297	0.9901	0.0099	148	17219105
11	126276036	rs2276025	T	C	0.33962403062727	-0.005432106040617	-6.6732408638775595	6.6732408638775595	0.9901	0.0099	149	126145931
9	127038742	rs76798990	T	C	0.0934033572199862	0.0123505344378745	6.667858152044102	6.667858152044102	0.9901	0.0099	150	129801021
4	143733274	rs150826383	T	C	0.1224354569549425	0.0083065083594023	6.649005398328792	6.649005398328792	0.9901	0.0099	151	144654427
13	57862242	rs72267004	TAC	T	0.8248502994011976	-0.0080895212817097	-6.64218472708798	6.64218472708798	0.9901	0.0099	152	58436376
7	522201	rs62433354	T	C	0.0730097182683812	0.0131910608145718	6.632977327037119	6.632977327037119	0.9901	0.0099	153	561838
20	33917852	rs62209647	G	C	0.0309463041130853	0.0231339739793037	6.625393001299577	6.625393001299577	0.9901	0.0099	154	32505658
6	7247111	NA	C	A	0.1204721704132718	0.0106703328929368	6.587582281723848	6.587582281723848	0.9901	0.0099	155	7247344
21	39654583	rs4816636	T	G	0.7423431824874841	-0.0060556736670282	-6.58205325906243	6.58205325906243	0.9901	0.0099	156	41026510
16	68195220	rs117999269	A	G	0.0619662314714832	0.0131207672667184	6.564242748995681	6.564242748995681	0.9901	0.0099	157	68229123
3	101873442	rs617688	G	T	0.3788161382153725	0.0068604164607028	6.561876172037876	6.561876172037876	0.9901	0.0099	158	101592286
17	16961105	rs11867717	C	G	0.6239570040247374	-0.0055887713805163	-6.558004722486393	6.558004722486393	0.9901	0.0099	159	16864419
3	52448835	rs634382	A	G	0.7875478551094532	0.0061302764233079	6.538905205074918	6.538905205074918	0.9901	0.0099	160	52482851
6	121493916	rs1924470	G	A	0.6059683910866791	0.0051780794037031	6.532876399119591	6.532876399119591	0.9901	0.0099	161	121815062
17	47390237	rs191717432	T	C	0.0414253460292529	0.0158204954617358	6.528923029652504	6.528923029652504	0.9901	0.0099	162	45467603
1	73382927	rs751523440	A	ATG	0.5336949052714244	0.0054045537769079	6.528439712655764	6.528439712655764	0.9901	0.0099	163	73848610
4	56876107	rs56309796	T	C	0.186904878767056	0.0073550533036352	6.527665824157311	6.527665824157311	0.9901	0.0099	164	57742273
16	85968015	rs72807046	C	T	0.0403946205948758	0.0182568842913381	6.5091025688010165	6.5091025688010165	0.9901	0.0099	165	86001621
3	141459505	rs9289629	A	G	0.317537057033474	-0.0054529786016006	-6.494749050835441	6.494749050835441	0.9901	0.0099	166	141178347
12	88934558	rs12821256	T	C	0.060321978992834	0.0156720944508528	6.488358045184057	6.488358045184057	0.9901	0.0099	167	89328335
2	17810697	rs74496647	C	T	0.0715372533621282	-0.0086917786111074	-6.486406121404957	6.486406121404957	0.9901	0.0099	168	17991964
11	34659306	rs286889	G	T	0.2921861195641504	-0.0055525554987076	-6.485358403383141	6.485358403383141	0.9901	0.0099	169	34680853
5	61482906	rs35924359	AT	A	0.4099833120643958	-0.0051630985224926	-6.472022295698876	6.472022295698876	0.9901	0.0099	170	60778733
1	234628677	rs630579	T	A	0.0582359870423088	0.013738565666993	6.469280799157972	6.469280799157972	0.9901	0.0099	171	234764423
6	36732691	rs86703	C	T	0.3381270246392461	0.0058397829596963	6.466804927143086	6.466804927143086	0.9901	0.0099	172	36700468
7	93348102	rs17711548	A	G	0.1582163541768921	0.0073060605790645	6.459842541019123	6.459842541019123	0.9901	0.0099	173	92977414
6	51688454	rs1750963	C	T	0.0514871895553156	0.0143972683873924	6.457221386886013	6.457221386886013	0.9901	0.0099	174	51553252
3	46694697	rs112579976	C	G	0.0427505644448807	0.0157472839626	6.452710402178334	6.452710402178334	0.9901	0.0099	175	46736187
5	91190749	rs72784702	G	A	0.0556837145381368	0.0125979934655394	6.450577645469102	6.450577645469102	0.9901	0.0099	176	90486566
5	111643419	rs1379553	A	G	0.2320850103072543	-0.0058167599559342	-6.450272316375525	6.450272316375525	0.9901	0.0099	177	110979116
5	133102996	rs115035509	C	G	0.0394129773240404	0.01541734824925	6.447748166104178	6.447748166104178	0.9901	0.0099	178	132438688
20	34576711	rs2424995	T	A	0.0294983802886031	0.0230051868141794	6.429142221030742	6.429142221030742	0.9901	0.0099	179	33164515
17	7877701	rs74439044	T	C	0.0835623834298616	0.0096818071689286	6.417118742484828	6.417118742484828	0.9901	0.0099	180	7781019
4	186069794	rs78963230	A	G	0.0832188082850692	0.0113365518062038	6.396748556196877	6.396748556196877	0.9901	0.0099	181	186990948
3	48595812	rs11715496	C	A	0.0198046529891037	0.0209137060034986	6.394987564999205	6.394987564999205	0.9901	0.0099	182	48633245
20	5039372	rs35786764	C	T	0.0440021596151958	-0.0105578357950929	-6.394289790970368	6.394289790970368	0.9901	0.0099	183	5020018
12	102015768	rs10860831	G	T	0.1865858447040345	0.0068566728982603	6.394146610612863	6.394146610612863	0.9901	0.0099	184	102409546
6	152906566	rs9371649	T	C	0.0738931972121331	0.0110773689831939	6.3848008744616385	6.3848008744616385	0.9901	0.0099	185	153227701
17	47019971	rs8078336	G	T	0.0305045646412093	0.0187177903887401	6.383772005828633	6.383772005828633	0.9901	0.0099	186	45097337
12	123378090	rs36183311	A	ATTTTT	0.3479925395111417	0.0053827099469321	6.367944719448312	6.367944719448312	0.9901	0.0099	187	123862637
11	61399189	rs148178519	CT	C	0.1073672327476195	0.0092324889704031	6.3580837517052	6.3580837517052	0.9901	0.0099	188	61166661
20	38797517	rs369604532	TTCCTTCC	T	0.5	0.0053878444216426	6.356333504867397	6.356333504867397	0.9901	0.0099	189	37426160
1	75526777	rs211787	A	G	0.1153676254049278	0.0097233329005403	6.3506022061850285	6.3506022061850285	0.9901	0.0099	190	75992462
2	162311236	rs17715343	C	G	0.0858201629527829	0.0099337269023939	6.320943951106772	6.320943951106772	0.9901	0.0099	191	163167746
12	7063032	rs12146727	G	A	0.1584617649946009	-0.0066368422429139	-6.315002266277681	6.315002266277681	0.9901	0.0099	192	7170336
12	88299374	rs68163138	A	G	0.0254981839599489	0.0240962583278671	6.314636800725022	6.314636800725022	0.9901	0.0099	193	88693151
3	47051716	rs113569731	C	A	0.0606410130558555	0.0132467826385936	6.306088886861223	6.306088886861223	0.9901	0.0099	194	47093206
14	92633679	rs7146689	T	C	0.1552959654461568	0.0070522106430522	6.30042107205071	6.30042107205071	0.9901	0.0099	195	93100024
5	67909175	rs58277565	G	GA	0.1261411603023461	0.0102097041192894	6.286034102059021	6.286034102059021	0.9901	0.0099	196	67205003
10	100315722	rs603424	G	A	0.2095808383233532	0.0073848426770744	6.278590988387099	6.278590988387099	0.9901	0.0099	197	102075479
17	7355768	rs193159515	G	A	0.0312898792578776	0.0166733216390261	6.276816663748574	6.276816663748574	0.9901	0.0099	198	7259087
5	35372911	rs513413	A	C	0.2515951703151075	0.0058416528780521	6.26146118358153	6.26146118358153	0.9901	0.0099	199	35373013
1	150985182	rs2902812	T	G	0.3472563070580151	0.0052458740063071	6.257628044754429	6.257628044754429	0.9901	0.0099	200	150957658
7	114703547	rs4730640	T	C	0.5514135663100029	0.0052965599195555	6.249842644263546	6.249842644263546	0.9901	0.0099	201	114343602
3	71492451	rs759246432	C	CA	0.0476587807990576	0.0129265909125504	6.243909507714888	6.243909507714888	0.9901	0.0099	202	71541602
5	101126068	rs4560519	C	A	0.0312407970943359	0.0175041011901296	6.2350910062177585	6.2350910062177585	0.9901	0.0099	203	100461772
1	85394691	rs10873701	C	T	0.870643957985668	-0.0085002968287278	-6.227862306537003	6.227862306537003	0.9901	0.0099	204	85860374
4	103354295	rs17286262	C	T	0.2653381761068027	-0.0054545343667828	-6.2248141894218145	6.2248141894218145	0.9901	0.0099	205	104275452
1	72753058	rs199834630	C	CTG	0.0529841955433395	0.0146468610364597	6.219798645961562	6.219798645961562	0.9901	0.0099	206	73218741
9	136872096	rs118165911	T	A	0.0644694218121134	0.012817636935121	6.214363669114404	6.214363669114404	0.9901	0.0099	207	139766548
2	133519811	rs7569514	A	G	0.1190978698341022	0.0100797291642531	6.212117225589266	6.212117225589266	0.9901	0.0099	208	134277382
1	6861518	rs17441830	A	G	0.1226563266908805	0.0082450346802242	6.210537257265428	6.210537257265428	0.9901	0.0099	209	6921578
6	51321055	rs74629965	T	G	0.0467753018553057	0.0149194253029404	6.202996240552255	6.202996240552255	0.9901	0.0099	210	51185853
16	79761744	rs6564702	A	T	0.2886276627073721	-0.00565612972534	-6.201213049331312	6.201213049331312	0.9901	0.0099	211	79795641
20	56429946	rs6069740	G	A	0.0281486207912044	0.0176438989212581	6.200433716049113	6.200433716049113	0.9901	0.0099	212	55005002
12	69374169	rs11561378	G	A	0.4066948071070972	0.0051783734696931	6.192610630350149	6.192610630350149	0.9901	0.0099	213	69767949
18	47412335	rs34343843	CT	C	0.2662952782958673	0.0057133238081142	6.188443280275794	6.188443280275794	0.9901	0.0099	214	44938706
19	40833083	rs2258380	C	G	0.1991754196524982	0.0073579367052183	6.187798581155735	6.187798581155735	0.9901	0.0099	215	41338988
3	49397244	rs62259945	G	T	0.0382350053990379	0.0149565113862654	6.177989244143859	6.177989244143859	0.9901	0.0099	216	49434677
1	150565809	NA	CT	C	0.1997153234514577	0.0062849084220288	6.174515312382276	6.174515312382276	0.9901	0.0099	217	150538285
5	179717755	rs7713126	G	A	0.0405173260037302	0.0134231328184171	6.173793720733897	6.173793720733897	0.9901	0.0099	218	179144756
21	39093140	rs4817984	C	A	0.3198193776381663	-0.0051111485755817	-6.172373457614871	6.172373457614871	0.9901	0.0099	219	40465066
9	16441088	rs4466492	G	C	0.2675223323844115	0.0064169830491204	6.167809540147543	6.167809540147543	0.9901	0.0099	220	16441086
9	32095378	rs7023969	A	G	0.2617060960047119	-0.0053848872760537	-6.164779360978457	6.164779360978457	0.9901	0.0099	221	32095376
3	154086908	rs66996981	ATCTC	A	0.7603317954255424	-0.0058457238852491	-6.163657609178811	6.163657609178811	0.9901	0.0099	222	153804697
7	50253809	rs6583435	C	A	0.7447727495828016	-0.0057561808493441	-6.127995056332736	6.127995056332736	0.9901	0.0099	223	50293405
16	12408181	rs72771556	A	C	0.5441494061058212	0.0048375619326431	6.1205797205485615	6.1205797205485615	0.9901	0.0099	224	12502038
3	186113794	rs61587156	T	G	0.1527436929419849	0.0072155993913495	6.113793718892881	6.113793718892881	0.9901	0.0099	225	185831583
5	124574083	rs78085391	C	T	0.0351919112594483	0.015112228473692	6.111503697549915	6.111503697549915	0.9901	0.0099	226	123909776
3	49888435	rs562134801	C	CA	0.5358054383037204	-0.0055203247453143	-6.111498434648201	6.111498434648201	0.9901	0.0099	227	49925868
11	118111780	rs1941635	T	G	0.9450770589967604	0.0091868727079628	6.106217801627045	6.106217801627045	0.9901	0.0099	228	117982495
1	109822199	rs2813773	G	A	0.3357956218710121	0.00643286667262	6.105664145715489	6.105664145715489	0.9901	0.0099	229	110364821
5	98085447	rs112166539	G	A	0.0244429174438009	0.0193782214215891	6.103712434574022	6.103712434574022	0.9901	0.0099	230	97421151
2	112126168	rs115795637	G	A	0.0345293020516344	0.0169686722526181	6.100284074407678	6.100284074407678	0.9901	0.0099	231	112883745
8	8508736	rs2921098	G	A	0.5781878865220379	0.005020266576606	6.096119500509	6.096119500509	0.9901	0.0099	232	8366246
4	42121498	rs35741556	T	C	0.2897810935506037	-0.0052063878677811	-6.088654317900404	6.088654317900404	0.9901	0.0099	233	42123515
6	35047304	rs77795894	C	T	0.0138166290370079	0.0268780007330976	6.082546420881358	6.082546420881358	0.9901	0.0099	234	35015081
15	28100878	rs62007493	T	C	0.2439383528025915	0.0098978023557112	6.060754587023055	6.060754587023055	0.9901	0.0099	235	28346024
3	45764708	NA	C	CAAAA	0.0476587807990576	0.014958804324155	6.057871168788101	6.057871168788101	0.9901	0.0099	236	45806200
6	35999024	rs200707025	A	AC	0.009963679198979	0.0345134272445137	6.053659386283516	6.053659386283516	0.9901	0.0099	237	35966801
20	18461344	rs73123161	A	G	0.0788995778933935	0.0110992644707954	6.052024478582207	6.052024478582207	0.9901	0.0099	238	18441988
22	49828588	rs9616751	T	G	0.2211887700009816	-0.0055174040079671	-6.050963181831785	6.050963181831785	0.9901	0.0099	239	50222236
1	26263631	rs61777792	A	G	0.1027044272111514	0.0085998271284765	6.04781868363419	6.04781868363419	0.9901	0.0099	240	26590122
3	159938302	rs143060887	TACTC	T	0.0849366840090311	0.0112982929498717	6.04662068948084	6.04662068948084	0.9901	0.0099	241	159656090
4	100157089	rs149580409	T	C	0.0085893786198095	0.0389479085702777	6.044919832912245	6.044919832912245	0.9901	0.0099	242	101078246
17	19340319	rs55885404	C	T	0.7686512221458722	0.0056964258845115	6.04012285374814	6.04012285374814	0.9901	0.0099	243	19243632
13	58723149	NA	C	CATAT	0.1322273485815254	0.008036038244439	6.0396017850170525	6.0396017850170525	0.9901	0.0099	244	59297283
3	136811260	rs34645606	G	C	0.114263276725238	0.0081696855187924	6.036788581481734	6.036788581481734	0.9901	0.0099	245	136530102
5	50968405	rs77087867	A	T	0.0874398743496613	0.0110747427887087	6.03237787515011	6.03237787515011	0.9901	0.0099	246	50264239
15	78938368	rs559868066	C	CA	0.156105821144596	-0.0063888168632807	-6.031807218911953	6.031807218911953	0.9901	0.0099	247	79230710
9	14535121	rs34361301	T	C	0.2321340924707961	0.0057965014625361	6.026359533280126	6.026359533280126	0.9901	0.0099	248	14535119
19	44689076	rs144526132	A	AAG	0.3225925198782762	0.0051870529833474	6.025124513333085	6.025124513333085	0.9901	0.0099	249	45192348
1	222626283	rs17163313	T	G	0.6733336605477569	0.0049864854173143	6.024843561811332	6.024843561811332	0.9901	0.0099	250	222799625
14	64729076	rs229644	T	C	0.2759399234318249	-0.0052145885542709	-6.0241400270434005	6.0241400270434005	0.9901	0.0099	251	65195794
10	113111796	rs199792565	T	TA	0.0274614705016197	0.0183742092127763	6.020693398344033	6.020693398344033	0.9901	0.0099	252	114871555
8	52205098	rs146120306	TACAC	T	0.1458721900461372	0.0071398316127233	6.013028428083168	6.013028428083168	0.9901	0.0099	253	53117658
17	48110821	rs118127175	G	T	0.0177922842838912	0.0231209983373096	6.001897626819015	6.001897626819015	0.9901	0.0099	254	46188183
22	34593228	rs73162515	A	C	0.0291793462255816	0.0175274270866731	6.000898998198009	6.000898998198009	0.9901	0.0099	255	34989220
16	68591939	rs145930990	G	A	0.0296456267792284	0.0168548366865594	5.998956750573028	5.998956750573028	0.9901	0.0099	256	68625842
2	97002285	rs35608744	G	A	0.211764994600962	0.0068571261401227	5.996933959035306	5.996933959035306	0.9901	0.0099	257	97668022
15	48104661	rs75016891	C	T	0.0062825169333464	-0.020638799000924	-5.990305092613048	5.990305092613048	0.9901	0.0099	258	48396858
19	54258559	rs6509859	C	T	0.281657995484441	0.0060577021958896	5.988864903815837	5.988864903815837	0.9901	0.0099	259	54762408
20	35356094	rs62211528	G	A	0.027608716992245	0.0204863468572285	5.982354386609737	5.982354386609737	0.9901	0.0099	260	33943897
3	138133991	rs10716379	GT	G	0.6630754883675273	-0.0051580968097929	-5.98102068165093	5.98102068165093	0.9901	0.0099	261	137852833
5	44567308	rs13182481	G	A	0.604716795916364	-0.0048674040293888	-5.979966412498251	5.979966412498251	0.9901	0.0099	262	44567410
18	45052687	rs72896886	G	C	0.1301658977127711	0.0073649270349172	5.978824292762741	5.978824292762741	0.9901	0.0099	263	42632652
3	136434703	rs66890203	T	G	0.1128153529007558	0.0080730576737961	5.978358269075785	5.978358269075785	0.9901	0.0099	264	136153545
9	21418691	rs5896935	TA	T	0.952390301364484	-0.0133891734004472	-5.974292449367354	5.974292449367354	0.9901	0.0099	265	21418690
3	190546481	rs4687148	T	G	0.0735987042308825	0.0099755406970365	5.972668767361537	5.972668767361537	0.9901	0.0099	266	190264270
3	101508108	rs10511190	C	G	0.0646412093845096	0.0116963862551124	5.970466853205175	5.970466853205175	0.9901	0.0099	267	101226952
9	78181548	rs113686375	T	C	0.2138264454697163	0.0063141604017691	5.967820815339702	5.967820815339702	0.9901	0.0099	268	80796464
14	34203564	rs1244349	T	C	0.1389761460685187	-0.0063370153405226	-5.967757495422988	5.967757495422988	0.9901	0.0099	269	34672770
20	63578891	rs117265989	T	C	0.0228232060469225	0.017753906776889	5.967554347827302	5.967554347827302	0.9901	0.0099	270	62210244
18	46894891	rs58993513	T	C	0.4395798566800825	0.0047970860428547	5.965514703302602	5.965514703302602	0.9901	0.0099	271	44474854
10	103095504	rs72843998	T	C	0.1018945715127122	0.0104070951902063	5.964096670251455	5.964096670251455	0.9901	0.0099	272	104855261
13	109144366	rs72656280	G	A	0.0293265927162069	0.0151742672551113	5.961103259152143	5.961103259152143	0.9901	0.0099	273	109796714
17	39232314	rs75097049	C	T	0.0413271817021694	0.0133537533293246	5.958693891604345	5.958693891604345	0.9901	0.0099	274	37388567
5	46265924	rs112169037	C	T	0.0307990576224599	0.0164554686010481	5.95639627255325	5.95639627255325	0.9901	0.0099	275	46266026
18	22302738	rs62092498	G	C	0.0888877981741435	0.0108834254456667	5.954829709973829	5.954829709973829	0.9901	0.0099	276	19882701
20	32826379	rs147297128	G	A	0.0179149896927456	0.0216963304852677	5.952959714075422	5.952959714075422	0.9901	0.0099	277	31414185
3	47544610	rs112555644	C	T	0.0420634141552959	0.0144821558606924	5.949838678785109	5.949838678785109	0.9901	0.0099	278	47586100
8	9823930	rs4841233	A	G	0.1356876411112201	0.0081981797559816	5.948414906457482	5.948414906457482	0.9901	0.0099	279	9681440
17	8574230	rs9890899	A	G	0.0178904486109747	0.0205537298666	5.944083128412984	5.944083128412984	0.9901	0.0099	280	8477548
18	21587191	rs77951681	T	C	0.0907283793069598	0.0105074868834348	5.940260167031275	5.940260167031275	0.9901	0.0099	281	19167152
12	113680034	rs67585720	T	C	0.1011092568960439	0.0081761799606512	5.93919115882256	5.93919115882256	0.9901	0.0099	282	114117839
4	88117930	rs1481012	A	G	0.0751447923824482	0.0093529599825014	5.937636948184251	5.937636948184251	0.9901	0.0099	283	89039082
3	47930430	rs62260760	C	A	0.0448365563954059	0.0141269099629709	5.936690619183474	5.936690619183474	0.9901	0.0099	284	47971920
17	29603877	rs71138837	CT	C	0.5754883675272406	-0.0051674797693009	-5.933038879039148	5.933038879039148	0.9901	0.0099	285	27930895
11	114453304	rs477238	A	G	0.4625503092176303	0.0047078307124492	5.919521800814827	5.919521800814827	0.9901	0.0099	286	114324026
6	52175369	rs11754483	A	G	0.0352164523412192	0.0161881575839793	5.913659993006147	5.913659993006147	0.9901	0.0099	287	52040167
2	97890443	rs35263587	C	T	0.2272258761166192	0.0066453818308453	5.911804008687019	5.911804008687019	0.9901	0.0099	288	98506906
1	154613281	rs532014593	CT	C	0.2055561009129282	0.0059745888564346	5.911056661305114	5.911056661305114	0.9901	0.0099	289	154585757
6	49670482	rs35758692	TA	T	0.0348728771964268	0.0174334543659041	5.90766564398751	5.90766564398751	0.9901	0.0099	290	49638195
4	55375887	rs10024928	T	C	0.3258810248355747	-0.0050682417580499	-5.903303500682805	5.903303500682805	0.9901	0.0099	291	56242054
8	9012094	rs79007531	C	G	0.0537449690782369	0.0132102630825873	5.895642417071577	5.895642417071577	0.9901	0.0099	292	8869604
18	28894654	rs76499354	C	T	0.0455237066849906	0.0125256725623352	5.8894378108169265	5.8894378108169265	0.9901	0.0099	293	26474619
3	99584404	rs36119967	G	A	0.0584323156964759	0.0113240718026259	5.887778333721633	5.887778333721633	0.9901	0.0099	294	99303248
18	55755913	rs784235	A	G	0.8515755374496908	-0.00672967587741	-5.883008645287313	5.883008645287313	0.9901	0.0099	295	53423144
9	116616780	rs370601154	G	GAC	0.3723863747914008	0.0049296111113733	5.88225666740583	5.88225666740583	0.9901	0.0099	296	119379059
5	40230672	rs13176003	C	A	0.0943113772455089	0.0084339292598889	5.8805036373404835	5.8805036373404835	0.9901	0.0099	297	40230774
3	160727067	rs17236593	C	G	0.1062383429861588	0.0103214871862469	5.8774845238031395	5.8774845238031395	0.9901	0.0099	298	160444855
5	87829477	rs1423626	G	A	0.6807205261607931	-0.0053989266584422	-5.865939266436676	5.865939266436676	0.9901	0.0099	299	87125294
20	10640657	rs6074164	A	C	0.126582899774222	0.0074196424552969	5.859906774515788	5.859906774515788	0.9901	0.0099	300	10621305
10	8057058	rs2388486	T	C	0.8198193776381663	0.0059132165635586	5.857881870928175	5.857881870928175	0.9901	0.0099	301	8099021
3	155094849	rs2196521	G	A	0.91204476293315	-0.0086777807666998	-5.856256540885017	5.856256540885017	0.9901	0.0099	302	154812638
2	201247410	rs76313353	T	C	0.0283204083636006	0.0181267520836467	5.851780342345856	5.851780342345856	0.9901	0.0099	303	202112133
12	86874357	rs117747153	T	A	0.0213507411406694	0.0220033598841127	5.845812887410333	5.845812887410333	0.9901	0.0099	304	87268134
2	102085948	rs66755627	ACTGT	A	0.0955875134975949	0.0096302526894018	5.842246165362376	5.842246165362376	0.9901	0.0099	305	102702408
9	119208141	rs1332455	T	C	0.5866545597329931	0.0056738831471986	5.8408045160914055	5.8408045160914055	0.9901	0.0099	306	121970419
8	144210989	rs111281369	C	T	0.0816972612152743	0.0113194168279853	5.834389261978554	5.834389261978554	0.9901	0.0099	307	145265892
16	23178351	rs5816206	TA	T	0.5747275939923432	-0.0047431871268291	-5.827974695188849	5.827974695188849	0.9901	0.0099	308	23189672
17	4024786	rs16953649	G	A	0.0377687248453911	0.0130917043847232	5.826568937025434	5.826568937025434	0.9901	0.0099	309	3928080
17	22191759	NA	CAT	C	0.0386767448709139	0.0165659172021342	5.8263228973731565	5.8263228973731565	0.9901	0.0099	310	21718365
1	106597818	rs4573547	A	T	0.9257141454795328	-0.0104037392698968	-5.824440302146758	5.824440302146758	0.9901	0.0099	311	107140440
11	67500577	rs11604662	G	A	0.2813880435849612	0.0052623090218396	5.824276051298143	5.824276051298143	0.9901	0.0099	312	67268048
9	80625580	rs201139689	A	AATCT	0.027805045646412	0.0193185777029461	5.8209240507183395	5.8209240507183395	0.9901	0.0099	313	83240495
6	244311	rs11242723	T	A	0.0565426524001178	0.0104785702983829	5.817716897724923	5.817716897724923	0.9901	0.0099	314	244311
9	127802478	rs78620295	C	G	0.0673898105428487	0.0125352489911527	5.816346100228562	5.816346100228562	0.9901	0.0099	315	130564757
17	58083210	rs2585846	C	A	0.0697702954746245	0.0099946377629307	5.815859359559794	5.815859359559794	0.9901	0.0099	316	56160571
18	65506098	rs12965811	G	T	0.0310935506037106	0.0148131281906871	5.807264348476704	5.807264348476704	0.9901	0.0099	317	63173334
17	75835819	rs3744026	T	C	0.0787768724845391	0.009716979730778	5.799981682186814	5.799981682186814	0.9901	0.0099	318	73831900
16	28841263	rs11643278	G	A	0.118091685481496	0.0075102157125073	5.7997757082537325	5.7997757082537325	0.9901	0.0099	319	28852584
7	26825580	NA	T	TA	0.1169382546382644	0.0081592111954405	5.795543455702839	5.795543455702839	0.9901	0.0099	320	26865199
2	118668897	rs77095725	G	A	0.0210807892411897	0.0204208190797641	5.790478391260358	5.790478391260358	0.9901	0.0099	321	119426473
1	26654560	rs72651554	G	T	0.0423088249730048	0.012548386694878	5.783614295602989	5.783614295602989	0.9901	0.0099	322	26981051
14	64311644	NA	G	GA	0.0604692254834593	0.0116700396836732	5.778452193804209	5.778452193804209	0.9901	0.0099	323	64778362
14	85592808	rs138109476	GA	G	0.0633896142141945	0.012230519147131	5.773594887248887	5.773594887248887	0.9901	0.0099	324	86059152
2	31780520	rs77697285	G	A	0.0156326690880534	-0.0129627561860899	-5.768616987610594	5.768616987610594	0.9901	0.0099	325	32005589
12	85103653	rs74237290	A	G	0.0332040836360066	0.0174661297279396	5.765459405344609	5.765459405344609	0.9901	0.0099	326	85497431
6	14100519	rs115470478	G	A	0.0451065082948856	0.0120035880811452	5.763898479084035	5.763898479084035	0.9901	0.0099	327	14100750
2	36951596	rs72785099	T	C	0.0289339354078727	0.0154560865889618	5.759710263916911	5.759710263916911	0.9901	0.0099	328	37178739
8	10674167	rs4840504	C	A	0.8968538333169727	-0.0083360935369793	-5.759226134045239	5.759226134045239	0.9901	0.0099	329	10531677
20	31706879	rs80054178	T	C	0.0141847452635712	0.0233635181679674	5.756658863682691	5.756658863682691	0.9901	0.0099	330	30294682
17	42403921	rs709631	A	T	0.6663394522430549	0.0047469390634597	5.75533083652295	5.75533083652295	0.9901	0.0099	331	40555939
12	87266039	rs141046636	A	C	0.0234858152547364	0.0210180223862542	5.755005558023581	5.755005558023581	0.9901	0.0099	332	87659816
12	10440186	rs34448065	C	G	0.8790370079513105	-0.0075303460469671	-5.753005473117857	5.753005473117857	0.9901	0.0099	333	10592785
12	87786109	rs117976941	G	A	0.0252282320604692	0.0195293146815176	5.7505498182775305	5.7505498182775305	0.9901	0.0099	334	88179886
5	129832679	rs17686636	C	T	0.1417492883086286	0.0081138807408949	5.748312911192382	5.748312911192382	0.9901	0.0099	335	129168372
7	9104354	rs28558783	C	G	0.0215470697948365	0.0172355501572607	5.747129014148328	5.747129014148328	0.9901	0.0099	336	9143984
5	100444433	rs17711923	G	T	0.029302051634436	0.0165550048945902	5.7387974568302536	5.7387974568302536	0.9901	0.0099	337	99780137
20	50038446	rs62208255	C	G	0.0223814665750466	0.0179109477724467	5.73863803181343	5.73863803181343	0.9901	0.0099	338	48654983
6	60711682	rs74317099	A	G	0.045646412093845	0.0131364287148017	5.734556238177934	5.734556238177934	0.9901	0.0099	339	57679429
12	92247914	rs55726545	T	C	0.0498920192402081	0.0134452896051753	5.734553872544992	5.734553872544992	0.9901	0.0099	340	92641690
1	1054900	rs4275402	C	T	0.6574801217237656	0.0046733736390735	5.733005997082622	5.733005997082622	0.9901	0.0099	341	990280
13	28105289	rs57453590	A	AT	0.2167959163639933	0.0055880628520932	5.732638901853616	5.732638901853616	0.9901	0.0099	342	28679426
4	103785757	rs6533107	A	G	0.6325218415627761	-0.0047652924301091	-5.728318072623798	5.728318072623798	0.9901	0.0099	343	104706914
6	137682864	rs112862764	G	A	0.0777952292137037	0.0095210349148271	5.72819126442837	5.72819126442837	0.9901	0.0099	344	138004001
5	2562951	rs114198721	G	A	0.0261853342495337	0.01556022123068	5.7257527622753575	5.7257527622753575	0.9901	0.0099	345	2563065
15	47281760	rs11630467	A	C	0.0789486600569353	0.0106167126697554	5.716057579648342	5.716057579648342	0.9901	0.0099	346	47573957
12	85715546	rs76017999	T	C	0.0221851379208795	0.0205034009645406	5.710035888807675	5.710035888807675	0.9901	0.0099	347	86109324
12	50193997	rs12816797	A	T	0.8924855207617551	-0.0080356313169222	-5.709690022570983	5.709690022570983	0.9901	0.0099	348	50587780
10	103533064	rs151323183	C	T	0.0712673014626484	0.0109356041355069	5.708886867076654	5.708886867076654	0.9901	0.0099	349	105292821
3	9906557	rs279580	G	A	0.5508000392657308	-0.0046321779895897	-5.70560477976041	5.70560477976041	0.9901	0.0099	350	9948241
8	11657684	rs17153607	A	G	0.2033474035535486	0.0059339898840477	5.701962905153927	5.701962905153927	0.9901	0.0099	351	11515193
12	109425476	rs71456692	C	T	0.0759055659173456	0.0100080376853436	5.699688487719385	5.699688487719385	0.9901	0.0099	352	109863281
7	112230042	rs543985085	G	GGCCATGCGAAAGAACTTGGAGTTTC	0.0504073819573966	0.0117986884462677	5.696211011954834	5.696211011954834	0.9901	0.0099	353	111870097
9	136348574	rs117390886	G	T	0.0464562677922842	0.0136228838260747	5.694670239608777	5.694670239608777	0.9901	0.0099	354	139243026
11	100582138	rs72996108	C	A	0.1041032688720918	0.0077303726638327	5.693432764510485	5.693432764510485	0.9901	0.0099	355	100452869
3	169357290	rs1522278	G	A	0.3261755178168253	-0.0047126591452963	-5.6921795690674735	5.6921795690674735	0.9901	0.0099	356	169075078
8	71824339	rs7844616	A	C	0.8609747717679396	-0.0082318627524347	-5.6903861162587015	5.6903861162587015	0.9901	0.0099	357	72736574
12	123914608	rs79478560	G	A	0.4261804260331795	-0.0047228925034187	-5.688083824706293	5.688083824706293	0.9901	0.0099	358	124399155
4	122657695	rs4833253	A	G	0.1396878374398743	0.0076970836592387	5.6836531505404695	5.6836531505404695	0.9901	0.0099	359	123578850
17	80804604	rs112228018	C	A	0.0336212820261117	0.0156533036732365	5.680276187271466	5.680276187271466	0.9901	0.0099	360	78778404
4	39749507	rs602049	T	A	0.7469814469421812	-0.0055474298078944	-5.675486197980904	5.675486197980904	0.9901	0.0099	361	39751127
2	96181298	rs10171471	T	C	0.73279670167861	-0.0052738751983225	-5.673581309605975	5.673581309605975	0.9901	0.0099	362	96847036
11	127878236	rs10893779	C	G	0.8046284480219889	-0.0060114116979766	-5.6727604393886795	5.6727604393886795	0.9901	0.0099	363	127748131
3	139263666	rs142418095	AAAAC	A	0.3244576420928634	0.0048546763871746	5.669571943611817	5.669571943611817	0.9901	0.0099	364	138982508
11	91207259	rs11600393	A	C	0.0781878865220379	0.008980562626345	5.668386467656947	5.668386467656947	0.9901	0.0099	365	90940427
16	68968658	rs186956666	C	A	0.058604103268872	0.0121786894457885	5.668016195015696	5.668016195015696	0.9901	0.0099	366	69002561
1	66337750	rs7533686	G	C	0.1377490919799744	0.0076895040781773	5.665426045535122	5.665426045535122	0.9901	0.0099	367	66803433
5	60839021	rs146822580	CAA	C	0.742367723569255	0.0049659657326157	5.665275688975091	5.665275688975091	0.9901	0.0099	368	60134848
12	46801506	rs11183617	C	T	0.8224943555511927	-0.0065167553993487	-5.6652479124011705	5.6652479124011705	0.9901	0.0099	369	47195289
16	11762282	rs11861698	T	C	0.0370815745558064	0.0130001700489985	5.664692700273386	5.664692700273386	0.9901	0.0099	370	11856138
8	86421504	rs113700152	T	TG	0.6691125944831648	0.0046666992017003	5.664539543410999	5.664539543410999	0.9901	0.0099	371	87433733
2	58497688	rs76654204	G	A	0.0389466967703936	0.0123195913524699	5.663969321464634	5.663969321464634	0.9901	0.0099	372	58724823
12	9965410	rs113177067	C	G	0.2125748502994012	0.0056788126901986	5.662848606658939	5.662848606658939	0.9901	0.0099	373	10118009
3	51532486	rs149128906	C	T	0.0241484244625503	0.0159097338553639	5.662613737140632	5.662613737140632	0.9901	0.0099	374	51566502
18	76341311	rs641445	C	A	0.97280848139786	-0.0162309953360902	-5.655282428289228	5.655282428289228	0.9901	0.0099	375	74053266
12	53684643	rs7975862	C	A	0.5353146166683027	-0.0045916457630728	-5.655048291928356	5.655048291928356	0.9901	0.0099	376	54078427
3	100698730	rs6788891	A	G	0.6771620693040149	-0.0053896399039175	-5.652178838154119	5.652178838154119	0.9901	0.0099	377	100417574
12	120967407	rs10774579	T	C	0.4246343378816138	0.0047210860472726	5.651708530133177	5.651708530133177	0.9901	0.0099	378	121405210
14	90796856	NA	C	CT	0.0997349563168744	0.0093697074298189	5.641567070271652	5.641567070271652	0.9901	0.0099	379	91263200
8	21907232	rs12543924	G	C	0.6039560223814666	-0.0046172421671647	-5.640134055741875	5.640134055741875	0.9901	0.0099	380	21764743
5	171166426	rs371405672	G	GT	0.1161529400215961	0.0081420311788394	5.639141130350584	5.639141130350584	0.9901	0.0099	381	170593430
12	54292096	rs35979828	C	T	0.0723225679787965	0.0098628609990089	5.63784915904508	5.63784915904508	0.9901	0.0099	382	54685880
17	18702414	rs141037074	C	T	0.024001177971925	0.0169771146501937	5.6347257171363445	5.6347257171363445	0.9901	0.0099	383	18605727
19	51612875	rs150494852	TTC	T	0.2580985569843919	0.0051954355332997	5.628316292996826	5.628316292996826	0.9901	0.0099	384	52116128
3	48996052	rs62262471	T	G	0.0450819672131147	0.0127662832865105	5.6223736401326505	5.6223736401326505	0.9901	0.0099	385	49033485
15	85709666	rs140997855	T	TTTTATTTTAC	0.1677628349857661	0.0067348793241435	5.621162480234414	5.621162480234414	0.9901	0.0099	386	86252897
8	1054014	rs76613515	C	A	0.0148964366349268	0.0250441050562521	5.617668556683739	5.617668556683739	0.9901	0.0099	387	1004014
3	160355249	rs143392426	G	GTTAT	0.0856729164621576	0.0106606477231312	5.614692734273968	5.614692734273968	0.9901	0.0099	388	160073037
3	136054627	rs13097248	A	G	0.1266565230195347	0.0067904268428598	5.6084598757565365	5.6084598757565365	0.9901	0.0099	389	135773469
10	3844712	rs61828723	A	G	0.0461863158928045	0.011903405447946	5.608416959532788	5.608416959532788	0.9901	0.0099	390	3886904
3	122507440	rs11406672	C	CA	0.2710807892411898	0.005092186332554	5.608096576114319	5.608096576114319	0.9901	0.0099	391	122226287
14	70218941	rs72731889	G	A	0.0564690291548051	0.0123945854155283	5.605461821326679	5.605461821326679	0.9901	0.0099	392	70685658
4	105762294	rs2553450	C	T	0.0451801315401982	0.0111671338111463	5.602371762273204	5.602371762273204	0.9901	0.0099	393	106683451
14	61365192	rs17098279	A	G	0.0502601354667713	-0.0085487611775885	-5.598516192746403	5.598516192746403	0.9901	0.0099	394	61831910
3	51929888	rs11921171	T	C	0.0362717188573672	0.0146006485187537	5.5978110038264886	5.5978110038264886	0.9901	0.0099	395	51963904
5	102985602	rs77263594	A	G	0.0251300677333856	0.0162750603210421	5.595666115052061	5.595666115052061	0.9901	0.0099	396	102321306
3	37921388	rs62239982	C	G	0.0602974379110631	0.0110241645137647	5.593399128187844	5.593399128187844	0.9901	0.0099	397	37962879
4	86637935	rs546483712	C	G	0.1032688720918818	0.0089198393014106	5.592460197245414	5.592460197245414	0.9901	0.0099	398	87559088
12	68272160	rs1038165	C	T	0.4926131343869638	0.0047553277940375	5.589663182156693	5.589663182156693	0.9901	0.0099	399	68665940
13	53061685	rs61950492	T	G	0.0578187886522037	0.0102833466305045	5.587136971960561	5.587136971960561	0.9901	0.0099	400	53635820
14	94006387	rs145496844	C	G	0.0147491901443015	0.0257674681353887	5.5869840826704005	5.5869840826704005	0.9901	0.0099	401	94472733
4	108142628	rs80302162	G	A	0.021007165995877	0.0175967824799793	5.586413434524007	5.586413434524007	0.9901	0.0099	402	109063784
13	58354504	rs149194762	T	C	0.0376214783547658	0.0128591737103793	5.58552338361035	5.58552338361035	0.9901	0.0099	403	58928638
5	143576279	rs153519	G	T	0.3387896338470599	0.0046893228507136	5.580290067322673	5.580290067322673	0.9901	0.0099	404	142955844
13	66062025	rs542796	G	A	0.7528467654854226	-0.0055829254396957	-5.57863296463676	5.57863296463676	0.9901	0.0099	405	66636157
9	12722228	rs1326798	C	G	0.5510454500834396	0.0046628305154186	5.577342912870082	5.577342912870082	0.9901	0.0099	406	12722227
11	87620182	rs11518785	C	A	0.0491803278688524	0.0127250201661738	5.5766701001211905	5.5766701001211905	0.9901	0.0099	407	87331074
20	36050981	rs1204552	T	A	0.0274860115833905	0.0181324511913622	5.573712338715916	5.573712338715916	0.9901	0.0099	408	34638903
15	38279834	rs36094528	C	T	0.025694512614116	0.0167588393275873	5.565901118900279	5.565901118900279	0.9901	0.0099	409	38572035
4	1354460	rs12512607	C	T	0.3794542063414155	-0.0045150280512249	-5.559465894223083	5.559465894223083	0.9901	0.0099	410	1348248
10	31164963	rs386457469	C	T	0.7413615392166487	-0.0055993032732473	-5.5590314556551155	5.5590314556551155	0.9901	0.0099	411	31453892
16	69466078	rs140937328	C	CT	0.0419897909099833	0.0116422252632098	5.558285987089924	5.558285987089924	0.9901	0.0099	412	69499981
5	45408797	rs72762048	T	C	0.1145332286247177	0.0076334563959751	5.557787878231703	5.557787878231703	0.9901	0.0099	413	45408899
17	44986806	rs58334749	G	C	0.0878079905762246	0.010197506319765	5.555589912130809	5.555589912130809	0.9901	0.0099	414	43064174
6	50854748	rs72892915	A	G	0.033768528516737	0.0162809107224376	5.553635631181611	5.553635631181611	0.9901	0.0099	415	50822461
17	9117771	rs550139318	C	CAA	0.1782664179837047	0.0065348668050137	5.553241069119451	5.553241069119451	0.9901	0.0099	416	9021088
12	89695058	rs544087541	C	CAAAAAAAA	0.2514233827427113	0.0051938874775409	5.552786996245293	5.552786996245293	0.9901	0.0099	417	90088835
17	21038822	rs113799755	A	G	0.0373269853735152	0.0155816553564619	5.5527153138187915	5.5527153138187915	0.9901	0.0099	418	20942135
21	16979332	rs79719039	G	A	0.0496466084224992	0.0112594725089989	5.552428401678857	5.552428401678857	0.9901	0.0099	419	18351652
9	37553066	rs11795400	G	A	0.1468292922352017	0.0082399823070416	5.552157576104036	5.552157576104036	0.9901	0.0099	420	37553063
2	119459880	rs2579643	T	C	0.93923628153529	-0.0116980468828584	-5.549947823821937	5.549947823821937	0.9901	0.0099	421	120217456
11	132229485	rs73040262	A	G	0.0316579954844409	0.0149778742576242	5.548736554354756	5.548736554354756	0.9901	0.0099	422	132099379
6	26875738	rs57440165	A	C	0.0316089133208991	0.0571514123996317	5.548436696778612	5.548436696778612	0.9901	0.0099	423	26843517
2	58032941	rs116380454	G	C	0.0557573377834495	0.0109242128615576	5.548356687225953	5.548356687225953	0.9901	0.0099	424	58260076
2	103995965	rs780581362	CA	C	0.3446794934720723	0.0046630106612374	5.546912618335233	5.546912618335233	0.9901	0.0099	425	104612423
13	45955884	rs34175664	TAG	T	0.084323156964759	0.0101810397048653	5.545988946618027	5.545988946618027	0.9901	0.0099	426	46530019
6	58279141	rs150087472	G	T	0.0417443800922744	0.0131320526012894	5.542824307000887	5.542824307000887	0.9901	0.0099	427	58605419
1	73872928	rs12142473	C	A	0.0401982919407087	0.0137413890014651	5.541824228349534	5.541824228349534	0.9901	0.0099	428	74338611
5	151055333	rs6579837	G	T	0.1295032885049573	-0.0060353707161201	-5.5417610876754955	5.5417610876754955	0.9901	0.0099	429	150434894
17	48573039	rs11870626	C	T	0.0748012172376558	0.0095945248552013	5.538204648816312	5.538204648816312	0.9901	0.0099	430	46650401
12	15863519	rs34737513	A	G	0.073279670167861	0.0115741219805392	5.531135015007228	5.531135015007228	0.9901	0.0099	431	16016453
2	142548684	rs35499598	A	G	0.0909983312064395	0.0096003421075895	5.526441554356125	5.526441554356125	0.9901	0.0099	432	143306253
8	14457977	rs146987041	G	A	0.018675763227643	0.01978869740821	5.52386158462782	5.52386158462782	0.9901	0.0099	433	14315486
2	126217029	rs1160496	A	T	0.9768332188082852	-0.0185454442751172	-5.519987135658148	5.519987135658148	0.9901	0.0099	434	126974606
6	50384302	rs72883919	T	C	0.0358299793854913	0.014421864967782	5.516783422356248	5.516783422356248	0.9901	0.0099	435	50352015
11	118872577	rs12365699	G	A	0.1950525179149897	-0.0053082706391482	-5.516391030668634	5.516391030668634	0.9901	0.0099	436	118743286
15	41498789	rs1757459	C	T	0.2407234710906056	-0.0049288842402069	-5.514689924138498	5.514689924138498	0.9901	0.0099	437	41790987
2	27176778	NA	T	TAC	0.6134288799450279	0.0044270133948434	5.514272974180187	5.514272974180187	0.9901	0.0099	438	27399646
3	45293200	rs33807	G	A	0.0739422793756748	0.0111247612364243	5.512988170209477	5.512988170209477	0.9901	0.0099	439	45334692
19	1602300	rs61759525	C	G	0.0427996466084225	0.014601246713385	5.512982130868836	5.512982130868836	0.9901	0.0099	440	1602299
16	70662912	rs62050284	T	A	0.0308972219495435	0.0150917462138156	5.507057611935834	5.507057611935834	0.9901	0.0099	441	70696815
3	161782043	rs2082980	A	G	0.0577451654068911	0.01171093127731	5.50562984922375	5.50562984922375	0.9901	0.0099	442	161499831
16	73248645	rs201574164	ATG	A	0.0454746245214489	0.0132376949678681	5.502636518546928	5.502636518546928	0.9901	0.0099	443	73282544
4	130905717	rs17502847	T	C	0.0880779424757043	0.0100097952181707	5.502437706402949	5.502437706402949	0.9901	0.0099	444	131826872
19	54860920	rs17814543	A	G	0.182438401884755	0.0058299629851479	5.5024043238937965	5.5024043238937965	0.9901	0.0099	445	55372375
3	100042943	rs16841908	A	G	0.0292529694708942	0.0137321471539787	5.500655202910926	5.500655202910926	0.9901	0.0099	446	99761787
2	32715957	rs140024501	G	GTGTTTTGTTTTTTTAAACTA	0.5338421517620496	-0.0046849802698638	-5.494919682090703	5.494919682090703	0.9901	0.0099	447	32941024
17	40351852	rs4890109	G	T	0.0291548051438107	0.0153045048200796	5.4936418553699955	5.4936418553699955	0.9901	0.0099	448	38508104
17	74658820	rs76624186	T	C	0.0524197506626092	0.0121895482029688	5.491770970885697	5.491770970885697	0.9901	0.0099	449	72654959
2	174395627	rs719161	G	T	0.0566898988907431	0.0114316348852439	5.491230855144264	5.491230855144264	0.9901	0.0099	450	175260355
9	37016505	rs57172187	G	C	0.0853048002355943	0.0098314490391761	5.490899796746717	5.490899796746717	0.9901	0.0099	451	37016502
5	39863185	rs36113657	G	T	0.0506527927751055	0.010122474336423	5.490688661256088	5.490688661256088	0.9901	0.0099	452	39863287
17	31529111	rs10701171	T	TTC	0.0249582801609894	0.018590715969599	5.490453532637524	5.490453532637524	0.9901	0.0099	453	29856129
4	37358994	rs73242340	G	A	0.0302100716599587	0.0139958426589351	5.488767087021943	5.488767087021943	0.9901	0.0099	454	37360616
4	184086740	rs74320175	A	G	0.0630214979876312	0.0104924741362972	5.4866398089790005	5.4866398089790005	0.9901	0.0099	455	185007893
2	158756684	rs6437198	T	C	0.3229360950230686	0.0047326267112249	5.485256408036557	5.485256408036557	0.9901	0.0099	456	159613196
3	56521405	NA	C	CA	0.2748601158339059	-0.0052766257125223	-5.484755604204895	5.484755604204895	0.9901	0.0099	457	56555433
2	38070996	NA	T	C	0.1646215765190929	0.0067228327883742	5.484718434078254	5.484718434078254	0.9901	0.0099	458	38298139
14	63630196	rs144854104	C	T	0.0559782075193874	0.0120432947005698	5.483290416480025	5.483290416480025	0.9901	0.0099	459	64096914
7	1193731	rs114087609	C	T	0.0259644645135957	0.0165240255336726	5.478848301973315	5.478848301973315	0.9901	0.0099	460	1233367
19	45874412	rs35586577	G	GT	0.0593648768037695	0.0099807150134805	5.475114516635349	5.475114516635349	0.9901	0.0099	461	46377670
5	76346711	rs12153255	A	G	0.0306272700500638	0.0166731596124945	5.474396882045174	5.474396882045174	0.9901	0.0099	462	75642536
17	44022622	rs117467721	C	T	0.0229704525375478	0.016206554326804	5.473056963525904	5.473056963525904	0.9901	0.0099	463	42099990
3	38624089	rs75398812	A	G	0.0464808088740551	0.0105601066794229	5.472759930373177	5.472759930373177	0.9901	0.0099	464	38665580
3	161143717	rs34789728	G	A	0.1168646313929518	0.0081100054901053	5.471590146549672	5.471590146549672	0.9901	0.0099	465	160861505
8	10322818	rs57737477	A	G	0.2532885049572985	0.0057085377672629	5.46868951246926	5.46868951246926	0.9901	0.0099	466	10180328
2	60477600	rs10631738	T	TAAAGAAAG	0.0966918621772847	0.0083092093409726	5.466199029189665	5.466199029189665	0.9901	0.0099	467	60704735
7	39047269	rs10085472	A	G	0.740232649455188	-0.0056390760012924	-5.464552467450627	5.464552467450627	0.9901	0.0099	468	39086869
3	123390524	rs200439755	A	C	0.4383282615097673	-0.004348799622856	-5.4605907824818445	5.4605907824818445	0.99	0.0099	469	123109371
15	63878438	rs150357968	C	T	0.0304800235594385	0.0136989112533353	5.458023484138661	5.458023484138661	0.9896	0.0099	470	64170637
17	29158499	rs9903048	T	C	0.1364238735643467	0.0066480754931432	5.457708647830901	5.457708647830901	0.9896	0.0099	471	27485517
1	87221727	rs72725826	T	C	0.0446402277412388	0.0136962150850561	5.456357850220058	5.456357850220058	0.9892	0.0099	472	87687410
3	51125361	rs73087274	T	A	0.0258663001865122	0.0139508190872422	5.453242635705776	5.453242635705776	0.9884	0.0099	473	51162792
11	5691617	rs6578679	C	G	0.320506527927751	0.0049616495374704	5.452517700749403	5.452517700749403	0.9884	0.0099	474	5712847
