key,chrom,center_pos,akbari_X,akbari_S,gene,min_tmrca_kya
rs62092498,18,19882701,5.954829709973829,0.0108834254456667,,0.57478
rs77951681,18,19167152,5.940260167031275,0.0105074868834348,,1.75537
rs150087472,6,58605419,5.542824307000887,0.0131320526012894,,2.50908
rs1942055,2,135498924,-14.894848821047727,-0.0365812480310639,ZRANB3,8.28472
rs558669065,17,38044893,-6.810784775553141,-0.0056982322156127,TBC1D3C,8.65157
rs11870626,17,46650401,5.538204648816312,0.0095945248552013,NSF,9.78344
rs2516747,14,106144684,10.613088284891704,0.012105777265411,,14.837849999999998
rs143586350,16,67734013,7.029883163559094,0.0140104965177738,RANBP10,15.77513
rs10170556,2,135096370,9.697392345732592,0.0213027817408075,RAB3GAP1,17.15031
rs11604662,11,67268048,5.824276051298143,0.0052623090218396,GRK2,19.370260000000002
rs11715496,3,48633245,6.394987564999205,0.0209137060034986,SLC26A6,19.434060000000002
rs12329128,2,97284917,6.981645075972903,0.0061661177830878,ANKRD36,23.47289
16:67381383,16,67381383,7.138652116986993,0.0134021335429675,LRRC36,23.87802
rs55885404,17,19243632,6.04012285374814,0.0056964258845115,EPN2,24.55894
rs148178519,11,61166661,6.3580837517052,0.0092324889704031,VPS37C,25.13459
rs35741556,4,42123515,-6.088654317900404,-0.0052063878677811,BEND4,25.77085
rs759246432,3,71541602,6.243909507714888,0.0129265909125504,FOXP1,28.126810000000003
rs653178,12,112007756,-15.596828419520495,-0.0188024534264795,TMEM116,28.88777
rs117976941,12,88179886,5.7505498182775305,0.0195293146815176,TMTC3,29.098599999999998
rs386457469,10,31453892,-5.559031455655116,-0.0055993032732473,ZEB1,30.519890000000004
rs6906237,6,35375526,8.448140762560946,0.0193438933094384,PPARD,31.43571
rs2196521,3,154812638,-5.856256540885017,-0.0086777807666998,MME,33.728449999999995
rs4586234,12,110329431,-7.108115260998895,-0.0111504435021042,ATP2A2,33.87664
12:111187964,12,111187964,7.848794385896777,0.0117532032320108,CUX2,35.33998
rs117999269,16,68229123,6.564242748995681,0.0131207672667184,NFATC3,35.44873
rs13097248,3,135773469,5.6084598757565365,0.0067904268428598,PPP2R3A,35.492810000000006
rs174576,11,61603510,-16.15341039753985,-0.0154118620720612,SYT7,35.891560000000005
rs1379553,5,110979116,-6.450272316375525,-0.0058167599559342,TSLP,36.677459999999996
rs11921171,3,51963904,5.5978110038264886,0.0146006485187537,PCBP4,38.06859
rs1265775,12,110696757,-7.503768943435952,-0.011127304265494,HVCN1,38.25825
rs71445564,12,112511065,14.560398543685755,0.0176284875419416,PTPN11,38.46067
rs62259945,3,49434677,6.177989244143859,0.0149565113862654,NICN1,38.91191
rs62262471,3,49033485,5.6223736401326505,0.0127662832865105,ENSG00000290315,39.51337
rs68163138,12,88693151,6.314636800725022,0.0240962583278671,KITLG,40.291149999999995
rs143060887,3,159656090,6.04662068948084,0.0112982929498717,IQCJ-SCHIP1,40.403090000000006
rs6505173,17,28646057,-9.886773486763223,-0.0079062707423892,SDF2,40.53214
rs17286262,4,104275452,-6.224814189421815,-0.0054545343667828,CXXC4,40.67917
rs562134801,3,49925868,-6.111498434648201,-0.0055203247453143,MON1A,41.14578
rs62239982,3,37962879,5.593399128187844,0.0110241645137647,CTDSPL,42.46499
rs10171471,2,96847036,-5.673581309605975,-0.0052738751983225,ANKRD23,43.05427
rs1924470,6,121815062,6.532876399119591,0.0051780794037031,GJA1,43.34427
rs1500004,3,46150937,7.006764414821708,0.0152885120608038,CCR3,44.48803
12:113357193,12,113357193,-15.141362356808733,-0.0151239831534382,SLC8B1,45.05411
rs66890203,3,136153545,5.978358269075785,0.0080730576737961,MSL2,45.66079
rs35608744,2,97668022,5.996933959035306,0.0068571261401227,C2orf92,46.32344
rs149580409,4,101078246,6.044919832912245,0.0389479085702777,PPP3CA,46.37361
rs73087274,3,51162792,5.453242635705776,0.0139508190872422,DOCK3,46.67318
rs634382,3,52482851,6.538905205074918,0.0061302764233079,NISCH,46.88923
rs151323183,10,105292821,5.708886867076654,0.0109356041355069,SORCS3,47.25028
rs2553450,4,106683451,5.602371762273204,0.0111671338111463,GIMD1,47.841300000000004
rs10751199,11,71947822,-6.983719204354648,-0.0063411182376242,RNF121,48.17654
rs141046636,12,87659816,5.755005558023581,0.0210180223862542,C12orf50,48.70434
rs150357968,15,64170637,5.458023484138661,0.0136989112533353,CSNK1G1,48.74088
rs112579976,3,46736187,6.452710402178334,0.0157472839626,ENSG00000206549,49.409330000000004
rs41444548,17,45811354,6.905830426815294,0.0155168594103973,LINC02210-CRHR1,50.6775
rs12904134,15,74592862,7.914679575961236,0.0075844427279822,ARID3B,55.21803
rs11065822,12,111600134,12.82975089516046,0.0161535390654005,BRAP,55.71683
rs111959859,2,103052303,-9.217108241481885,-0.0077198678445081,TMEM182,55.98392
rs2424995,20,33164515,6.429142221030742,0.0230051868141794,BPIFA2,57.27007
rs62007493,15,28346024,6.060754587023055,0.0098978023557112,GOLGA6L24,58.90016
rs59007786,6,116985591,-6.841038473174132,-0.0057746577242704,RFX6,60.07959
rs35758692,6,49638195,5.90766564398751,0.0174334543659041,RHAG,60.47776
2:136608646,2,136608646,16.523199593858344,0.0421221871105983,CXCR4,61.38082
rs149128906,3,51566502,5.662613737140632,0.0159097338553639,RAD54L2,62.59708
rs72651554,1,26981051,5.783614295602989,0.012548386694878,TRNP1,62.60171999999999
rs12146727,12,7170336,-6.315002266277681,-0.0066368422429139,CLSTN3,63.921510000000005
rs79543903,11,89337111,7.616854131640918,0.0135625128819186,NOX4,64.05317
rs34645606,3,136530102,6.036788581481734,0.0081696855187924,STAG1,64.66768
2:27399646,2,27399646,5.514272974180187,0.0044270133948434,PPM1G,65.29495
rs74237290,12,85497431,5.765459405344609,0.0174661297279396,ALX1,65.34135
5:33951693,5,33951693,13.149626229714274,0.0236263722107227,SLC45A2,65.48983
rs199834630,1,73218741,6.219798645961562,0.0146468610364597,,67.05177
rs57440165,6,26843517,5.548436696778612,0.0571514123996317,ZNF322,67.15443
rs709631,17,40555939,5.75533083652295,0.0047469390634597,CCR7,67.24520000000001
rs71582214,1,152108934,-9.824511262167167,-0.0085850883188713,TCHH,67.49083
rs12153255,5,75642536,5.474396882045174,0.0166731596124945,ANKDD1B,68.30283
rs7779160,7,117065618,-10.689391114344978,-0.0087334276638292,ST7,69.06147
rs11406672,3,122226287,5.608096576114319,0.005092186332554,CASR,69.23982
rs117467721,17,42099990,5.473056963525904,0.016206554326804,DHX58,69.55302
rs72843998,10,104855261,5.964096670251455,0.0104070951902063,SORCS3,69.85925999999999
11:89866997,11,89866997,7.817502183922395,0.0117013454961699,TRIM64B,71.88259
rs141037074,17,18605727,5.6347257171363445,0.0169771146501937,TBC1D28,72.44547999999999
rs719161,2,175260355,5.491230855144264,0.0114316348852439,ATP5MC3,72.58236
rs1522278,3,169075078,-5.6921795690674735,-0.0047126591452963,MECOM,72.91818
rs12142473,1,74338611,5.541824228349534,0.0137413890014651,FPGT-TNNI3K,73.21137000000002
rs534821142,15,45394467,-12.24161881619757,-0.0148414811243985,GATM,73.25052000000001
rs2731672,5,176842474,7.387580699227215,0.0071580179471395,UNC5A,73.29953
rs293709,20,31938106,-6.838210805930133,-0.0213729757522212,TTLL9,73.39146
rs17236593,3,160444855,5.87748452380314,0.0103214871862469,TRIM59-IFT80,73.64347000000001
rs3841320,12,50040811,-6.793407743272764,-0.0061796297543011,ASIC1,74.06831999999999
rs4560519,5,100461772,6.235091006217759,0.0175041011901296,FAM174A,74.19998
rs75016891,15,48396858,-5.990305092613048,-0.020638799000924,DUT,74.47316000000001
rs72762048,5,45408899,5.557787878231703,0.0076334563959751,HCN1,75.21208
rs538021413,5,131664516,16.643323945971595,0.0179478799031053,ENSG00000273217,75.46873
rs6935678,6,26451888,8.35280274659499,0.0429150756083595,BTN3A3,76.21925
rs77795894,6,35015081,6.082546420881358,0.0268780007330976,ANKS1A,76.75575
rs112685832,1,155822629,7.581152524285683,0.012249451579805,GON4L,77.24875
rs62399909,6,34339793,8.27583058023957,0.016069933201383,NUDT3,77.52686
rs9903048,17,27485517,5.457708647830901,0.0066480754931432,KSR1,78.46849
rs211787,1,75992462,6.3506022061850285,0.0097233329005403,ASB17,78.59116
rs72290633,5,130935196,13.606551888441953,0.0169625430896716,LYRM7,78.65814999999999
rs279580,3,9948241,-5.70560477976041,-0.0046321779895897,PRRT3,79.08416
rs146822580,5,60134848,5.665275688975091,0.0049659657326157,PDE4D,79.35414999999999
rs17715343,2,163167746,6.320943951106772,0.0099337269023939,FIGN,79.55802
rs55726545,12,92641690,5.734553872544992,0.0134452896051753,PLEKHG7,79.86426
rs12313279,12,102846504,-7.008787431931431,-0.0071452184026401,PAH,80.08002
rs76078069,6,27196796,7.158868663719068,0.0317463442858135,H2AC12,80.29723
rs11754483,6,52040167,5.913659993006147,0.0161881575839793,PKHD1,80.96916
6:161024026,6,161024026,7.098790391427339,0.014541429963001,MAP3K4,81.18985
rs71456692,12,109863281,5.699688487719385,0.0100080376853436,GLTP,81.67966
rs75925257,1,155138842,7.171078567538573,0.0109246233089994,SLC50A1,81.79363
rs543985085,7,111870097,5.696211011954834,0.0117986884462677,DOCK4,81.99663
rs153519,5,142955844,5.580290067322673,0.0046893228507136,ARHGAP26,82.66827
rs199792565,10,114871555,6.020693398344033,0.0183742092127763,FHIP2A,83.56524
rs11795400,9,37553063,5.552157576104036,0.0082399823070416,FBXO10,84.01329000000001
rs35519280,2,134675215,8.692699082961752,0.0233828340914671,TMEM163,84.41291
rs1204552,20,34638903,5.573712338715916,0.0181324511913622,PIGU,84.57212000000001
rs370601154,9,119379059,5.88225666740583,0.0049296111113733,BRINP1,84.82645000000001
rs6709525,2,136161092,-15.256675753985052,-0.0382297844650053,CXCR4,84.84936
rs115795637,2,112883745,6.100284074407678,0.0169686722526181,IL37,85.13994
rs11743803,5,131312238,13.67054711700226,0.0169753954702949,CDC42SE2,86.03604000000001
rs9289629,3,141178347,-6.494749050835441,-0.0054529786016006,SPSB4,86.75611
rs200510516,16,31254532,-7.080791720762887,-0.007841410160047,TRIM72,87.33698
rs2385094,8,126356449,-7.74742805818961,-0.0076256884192594,LRATD2,87.62553
rs117747153,12,87268134,5.845812887410333,0.0220033598841127,,87.99354000000001
rs62260760,3,47971920,5.936690619183474,0.0141269099629709,MAP4,89.25736
rs142418095,3,138982508,5.669571943611817,0.0048546763871746,PRR23A,89.71411
rs35924359,5,60778733,-6.472022295698876,-0.0051630985224926,ELOVL7,89.75645000000002
rs1423626,5,87125294,-5.865939266436676,-0.0053989266584422,RASA1,89.76283000000001
rs10860831,12,102409546,6.394146610612863,0.0068566728982603,IGF1,90.37037999999998
rs10254610,7,117406238,-8.039448098888709,-0.0065291105156711,CFTR,90.47333
rs17098279,14,61831910,-5.598516192746403,-0.0085487611775885,SYT16,93.89127
rs10701171,17,29856129,5.490453532637524,0.018590715969599,SSH2,93.89272
rs780581362,2,104612423,5.546912618335233,0.0046630106612374,POU3F3,95.31952
rs118127175,17,46188183,6.001897626819015,0.0231209983373096,KANSL1,95.70087000000001
rs61759525,19,1602299,5.512982130868836,0.014601246713385,ENSG00000267059,95.845
rs34737513,12,16016453,5.531135015007228,0.0115741219805392,DERA,96.06134
rs13107492,4,145041345,10.790471576915492,0.0093435236126459,ENSG00000285713,96.44733000000001
rs76654204,2,58724823,5.663969321464634,0.0123195913524699,,96.47575
rs4706006,5,130461830,13.02606660427817,0.0165390413419778,CHSY3,96.52012
rs144854104,14,64096914,5.483290416480025,0.0120432947005698,SYNE2,96.72370000000001
rs76017999,12,86109324,5.710035888807675,0.0205034009645406,MGAT4C,96.79881
rs10716379,3,137852833,-5.98102068165093,-0.0051580968097929,SOX14,100.37654
rs5743618,4,38798648,-11.6447371620524,-0.0196576321183717,TLR1,100.58389
rs77697285,2,32005589,-5.768616987610594,-0.0129627561860899,MEMO1,101.63543000000001
rs11643278,16,28852584,5.7997757082537325,0.0075102157125073,SH2B1,102.96189
rs16841908,3,99761787,5.500655202910926,0.0137321471539787,COL8A1,103.17823
rs7569514,2,134277382,6.212117225589266,0.0100797291642531,MGAT5,103.56277
rs61777792,1,26590122,6.04781868363419,0.0085998271284765,RPS6KA1,103.94093000000001
rs1042602,11,88911696,13.373937370068113,0.0169467027921813,GRM5,103.94383
rs542796,13,66636157,-5.57863296463676,-0.0055829254396957,PCDH9,104.08825
17:44738865,17,44738865,10.510854750564809,0.0205038649598733,DBF4B,104.28864
rs200707025,6,35966801,6.053659386283516,0.0345134272445137,SLC26A8,104.42029999999998
rs5816206,16,23189672,-5.827974695188849,-0.0047431871268291,SCNN1G,104.84109
rs1750963,6,51553252,6.457221386886013,0.0143972683873924,PKHD1,104.93070000000002
rs72844525,2,138330624,7.89702871669231,0.0238118254759632,SPOPL,105.299
rs372429030,12,123172581,7.538568278796084,0.0066231691487748,MPHOSPH9,105.83318000000001
rs58993513,18,44474854,5.965514703302602,0.0047970860428547,SETBP1,108.1874
rs57411618,17,28273052,8.398703134263265,0.0072359985487511,TMEM97,108.22364999999999
rs62209647,20,32505658,6.625393001299577,0.0231339739793037,NOL4L,108.51655
rs368565,19,49201217,-6.724081464456344,-0.0068514659366293,TRPM4,109.20907
rs73040262,11,132099379,5.548736554354756,0.0149778742576242,NTM,109.49994000000001
rs4890109,17,38508104,5.493641855369996,0.0153045048200796,ARHGAP23,111.01693
3:45806200,3,45806200,6.057871168788101,0.014958804324155,SLC6A20,111.75381999999999
rs2258380,19,41338988,6.187798581155735,0.0073579367052183,TGFB1,112.71633
rs570984194,1,206897894,-8.525719845906488,-0.0068834623324902,IL24,113.22672999999999
rs10631738,2,60704735,5.466199029189665,0.0083092093409726,PAPOLG,113.57299
rs17814543,19,55372375,5.5024043238937965,0.0058299629851479,IL11,113.61562
rs35263587,2,98506906,5.911804008687019,0.0066453818308453,INPP4A,113.66753
rs1038165,12,68665940,5.589663182156693,0.0047553277940375,RAP1B,114.83014
rs191717432,17,45467603,6.528923029652504,0.0158204954617358,PLEKHM1,115.49685000000001
rs72267004,13,58436376,-6.64218472708798,-0.0080895212817097,,115.5534
rs186956666,16,69002561,5.668016195015696,0.0121786894457885,TANGO6,116.17139
rs7701967,5,130059750,12.181739494898965,0.0157005421833936,CHSY3,116.464
rs112169037,5,46266026,5.95639627255325,0.0164554686010481,,117.80235
rs1160496,2,126974606,-5.519987135658148,-0.0185454442751172,TEX51,118.20197
rs17153607,8,11515193,5.701962905153927,0.0059339898840477,BLK,118.465
rs72883919,6,50352015,5.516783422356248,0.014421864967782,DEFB112,119.25670000000001
rs1757459,15,41790987,-5.514689924138498,-0.0049288842402069,MAPKBP1,119.73549
rs113686375,9,80796464,5.967820815339702,0.0063141604017691,,119.83177
rs5896935,9,21418690,-5.974292449367354,-0.0133891734004472,IFNA8,119.84627
rs73396583,6,28068048,10.237722378258702,0.0225000517613892,OR2B8P,120.23226
rs111402414,16,75571387,-7.015498310754998,-0.0058856163222919,GABARAPL2,120.30476
rs4573547,1,107140440,-5.824440302146758,-0.0104037392698968,NTNG1,120.86533000000001
rs10645486,3,151057219,-7.469011736203499,-0.0060934643262162,CLRN1,122.54588000000001
rs72725826,1,87687410,5.456357850220058,0.0136962150850561,LMO4,123.02728
rs11518785,11,87331074,5.576670100121191,0.0127250201661738,TMEM135,123.85059
rs140372346,5,158249267,7.119993690160955,0.0073448085129798,CLINT1,123.9895
rs602049,4,39751127,-5.675486197980904,-0.0055474298078944,UBE2K,124.29864
rs3096337,3,195533332,-8.73425366076731,-0.0124065120413299,PPP1R2,125.31799000000001
rs5793350,11,88542937,-11.228529469534228,-0.0111201620080443,GRM5,125.70021
rs76153647,6,27569424,7.77269364328325,0.032217831221795,ZNF184,125.9325
rs34789728,3,160861505,5.471590146549672,0.0081100054901053,PPM1L,125.99514
rs56309796,4,57742273,6.527665824157311,0.0073550533036352,,126.00847999999999
rs74317099,6,57679429,5.734556238177934,0.0131364287148017,PRIM2,126.51627
3:56555433,3,56555433,-5.484755604204895,-0.0052766257125223,CCDC66,126.82628
rs12874404,13,108993494,7.557249498194572,0.0145914359682753,MYO16,127.26534
rs603424,10,102075479,6.278590988387099,0.0073848426770744,HPS6,127.73804000000001
rs6437198,2,159613196,5.485256408036557,0.0047326267112249,BAZ2B,127.93176
rs36183311,12,123862637,6.367944719448312,0.0053827099469321,DNAH10,128.85454000000001
rs200294635,5,132049589,7.749069937028259,0.0151735184249573,IL3,128.96474
rs7146689,14,93100024,6.30042107205071,0.0070522106430522,ITPK1,129.02418999999998
rs9994654,4,103919065,-7.748707807896219,-0.0070075703592252,TACR3,129.23357
rs112166539,5,97421151,6.103712434574022,0.0193782214215891,RIOK2,129.35711
rs10511190,3,101226952,5.970466853205175,0.0116963862551124,IMPG2,129.44295000000002
rs113569731,3,47093206,6.306088886861223,0.0132467826385936,SETD2,130.23784
rs641445,18,74053266,-5.655282428289228,-0.0162309953360902,FBXO15,130.55713
rs10778208,12,103277165,8.393125053068838,0.009176401174277,C12orf42,130.60729999999998
rs72847650,2,137051974,12.402379700468217,0.0260755301901237,THSD7B,131.50427
rs9890899,17,8477548,5.944083128412984,0.0205537298666,NDEL1,131.99263
rs4896022,6,134398068,-8.523795899879124,-0.0106484626029092,SGK1,132.54682
rs17711548,7,92977414,6.459842541019123,0.0073060605790645,SAMD9,133.21933
rs2316775,17,43953502,8.140194737204315,0.0150974589037508,PYY,134.04844
rs58235019,12,112896840,-14.41142282025266,-0.0172608081324467,RPH3A,134.50519
rs56266105,15,75392027,-8.591837264860976,-0.0069560087659528,SIN3A,134.58262
rs147297128,20,31414185,5.952959714075422,0.0216963304852677,DEFB121,135.28036
rs11600393,11,90940427,5.668386467656947,0.008980562626345,,135.36938999999998
rs6583435,7,50293405,-6.127995056332736,-0.0057561808493441,IKZF1,135.41956
rs145930990,16,68625842,5.998956750573028,0.0168548366865594,CDH3,135.76872
rs4841233,8,9681440,5.948414906457482,0.0081981797559816,TNKS,136.40382
rs150494852,19,52116128,5.628316292996826,0.0051954355332997,ZNF616,138.45818
rs1332455,9,121970419,5.8408045160914055,0.0056738831471986,TTLL11,139.12663
7:26865199,7,26865199,5.795543455702839,0.0081592111954405,SKAP2,139.52422
14:64778362,14,64778362,5.778452193804209,0.0116700396836732,SPTB,140.6645
rs36094528,15,38572035,5.565901118900279,0.0167588393275873,RASGRP1,140.99336000000002
rs76798990,9,129801021,6.667858152044102,0.0123505344378745,TOR1B,141.1691
rs1326798,9,12722227,5.577342912870082,0.0046628305154186,TYRP1,142.40913999999998
rs1813006,4,103001649,8.019091137818133,0.0208313360548657,SLC9B1,143.38818
rs140024501,2,32941024,-5.494919682090703,-0.0046849802698638,TTC27,143.8545
rs2579643,2,120217456,-5.549947823821937,-0.0116980468828584,TMEM185B,146.05966
rs369604532,20,37426160,6.356333504867397,0.0053878444216426,SRC,146.55846
rs6069740,20,55005002,6.200433716049113,0.0176438989212581,DOK5,147.71353
5:101463377,5,101463377,6.763195398095638,0.0156552779431187,,147.88579000000001
rs56792959,4,103545897,-8.001045780722679,-0.0066397686446698,TACR3,148.40547
rs12365699,11,118743286,-5.516391030668634,-0.0053082706391482,DDX6,148.66183
rs4730640,7,114343602,6.249842644263546,0.0052965599195555,FOXP2,149.19716999999997
rs58277565,5,67205003,6.286034102059021,0.0102097041192894,CD180,149.25807
rs6533107,4,104706914,-5.728318072623798,-0.0047652924301091,CXXC4,149.42569
rs77095725,2,119426473,5.790478391260358,0.0204208190797641,TMEM37,150.83886
rs544087541,12,90088835,5.552786996245293,0.0051938874775409,ATP2B1,150.93398000000002
rs112555644,3,47586100,5.949838678785109,0.0144821558606924,SMARCC1,151.4525
rs6788891,3,100417574,-5.652178838154119,-0.0053896399039175,LNP1,155.16653
rs34555420,6,26090270,9.035141108659364,0.0179285779620911,H2BC4,155.51916999999997
rs10893779,11,127748131,-5.67276043938868,-0.0060114116979766,,155.65982
rs12821256,12,89328335,6.488358045184057,0.0156720944508528,DUSP6,156.04465000000002
rs113700152,8,87433733,5.664539543410999,0.0046666992017003,CNBD1,156.65133000000003
rs35979828,12,54685880,5.63784915904508,0.0098628609990089,DCD,156.76588
rs17418327,2,137887943,8.167040815534774,0.0234693886233683,HNMT,156.89290000000003
rs71138837,17,27930895,-5.933038879039148,-0.0051674797693009,LYRM9,157.76754
rs477238,11,114324026,5.919521800814827,0.0047078307124492,NNMT,158.08799000000002
rs72892915,6,50822461,5.553635631181611,0.0162809107224376,TFAP2B,158.3458
rs562047,6,31783863,13.834787245369125,0.0367543573487751,VARS1,158.38872
14:91263200,14,91263200,5.641567070271652,0.0093697074298189,GPR68,158.5488
rs116380454,2,58260076,5.548356687225953,0.0109242128615576,FANCL,158.73846
2:38298139,2,38298139,5.484718434078254,0.0067228327883742,ATL2,158.74774000000002
rs75923814,2,70294260,-7.759029243941231,-0.0099013000507365,FAM136A,159.21899000000002
rs386543940,17,43520398,7.6062575677934,0.0108557991112939,DHX8,159.64529000000002
rs6074164,20,10621305,5.859906774515788,0.0074196424552969,SLX4IP,159.91325
rs113177067,12,10118009,5.662848606658939,0.0056788126901986,CLEC7A,159.94312
rs11183617,12,47195289,-5.6652479124011705,-0.0065167553993487,PCED1B,160.57676999999998
rs11454735,12,96372026,8.240955883332301,0.0065239558121371,CDK17,161.25101999999998
rs76499354,18,26474619,5.889437810816927,0.0125256725623352,KCTD1,161.35425999999998
rs4795278,17,36594211,7.171595195752358,0.0060858142899833,DHRS11,161.94963
rs116611655,6,29050257,8.171650497707805,0.0373866912817695,OR2W1,162.28690000000003
rs513413,5,35373013,6.26146118358153,0.0058416528780521,PRLR,163.34453
rs1481012,4,89039082,5.937636948184251,0.0093529599825014,FAM13A,163.79113
rs138826733,6,24169252,6.791538755742856,0.0344321311887734,NRSN1,163.98456
rs35702515,2,137542847,10.8135230485559,0.0291394939266719,THSD7B,164.17219
rs67585720,12,114117839,5.93919115882256,0.0081761799606512,RBM19,164.44682
rs150826383,4,144654427,6.649005398328792,0.0083065083594023,ENSG00000285713,164.73363
rs4833253,4,123578850,5.6836531505404695,0.0076970836592387,SPRY1,164.80352
rs74629965,6,51185853,6.202996240552255,0.0149194253029404,TFAP2B,165.91277
rs143392426,3,160073037,5.614692734273968,0.0106606477231312,IL12A,166.14390000000003
rs77087867,5,50264239,6.03237787515011,0.0110747427887087,EMB,166.15404999999998
rs200439755,3,123109371,-5.4605907824818445,-0.004348799622856,PDIA5,166.62588
rs34448065,12,10592785,-5.753005473117857,-0.0075303460469671,MAGOHB,166.74275
rs4712888,6,25147518,-7.92485467119,-0.0367810305820484,RIPOR2,167.78124000000003
rs61950492,13,53635820,5.587136971960561,0.0102833466305045,,168.80262
rs58334749,17,43064174,5.555589912130809,0.010197506319765,BRCA1,169.06768
rs35447532,5,129630225,10.321264240907864,0.0126444924156552,ADAMTS19,169.79761000000002
rs72996108,11,100452869,5.693432764510485,0.0077303726638327,ARHGAP42,170.72879999999998
rs6579837,5,150434894,-5.541761087675496,-0.0060353707161201,RPS14,172.34671
rs10085472,7,39086869,-5.464552467450627,-0.0056390760012924,POU6F2,172.68977999999998
rs6564702,16,79795641,-6.201213049331312,-0.00565612972534,MAF,173.36402999999999
rs145870731,6,25555958,8.65799075247019,0.0327944836719292,CARMIL1,173.48438000000002
rs2921098,8,8366246,6.096119500509,0.005020266576606,PRAG1,175.36966999999999
rs1941635,11,117982495,6.106217801627045,0.0091868727079628,IL10RA,175.45377
rs36119967,3,99303248,5.887778333721633,0.0113240718026259,COL8A1,175.69012
rs13182481,5,44567410,-5.979966412498251,-0.0048674040293888,FGF10,176.24953
rs80054178,20,30294682,5.756658863682691,0.0233635181679674,,176.38554000000002
rs74439044,17,7781019,6.417118742484828,0.0096818071689286,DNAH2,178.72438999999997
rs72704787,5,540731,8.246277817939523,0.0095757588928037,SLC9A3,179.81884999999997
rs2902812,1,150957658,6.257628044754429,0.0052458740063071,SETDB1,179.94325999999998
rs4466492,9,16441086,6.167809540147543,0.0064169830491204,BNC2,179.95863
rs62208255,20,48654983,5.73863803181343,0.0179109477724467,PREX1,182.01502
rs784235,18,53423144,-5.883008645287313,-0.00672967587741,DCC,182.31691
rs115470478,6,14100750,5.763898479084035,0.0120035880811452,CD83,183.01755
rs78085391,5,123909776,6.111503697549915,0.015112228473692,CSNK1G3,183.17125
rs17502847,4,131826872,5.502437706402949,0.0100097952181707,,183.64453
rs73242340,4,37360616,5.488767087021943,0.0139958426589351,NWD2,183.81853
rs6905389,6,30319930,11.966938884962602,0.0406885630905785,TRIM39,185.16906
rs376061381,4,99778764,7.080114493206514,0.0110802722897224,DAPP1,185.44716999999997
rs35506085,11,2165576,7.950097393007837,0.0083680285821008,TH,185.58289
rs66755627,2,102702408,5.842246165362376,0.0096302526894018,SLC9A2,186.52394
rs73123161,20,18441988,6.052024478582207,0.0110992644707954,DZANK1,186.702
rs61587156,3,185831583,6.113793718892881,0.0072155993913495,TRA2B,187.862
rs114087609,7,1233367,5.478848301973315,0.0165240255336726,UNCX,188.09023000000002
rs115035509,5,132438688,6.447748166104178,0.01541734824925,ENSG00000283782,188.88106
rs35499598,2,143306253,5.526441554356125,0.0096003421075895,ARHGAP15,189.15453
rs57453590,13,28679426,5.732638901853616,0.0055880628520932,POMP,189.32592
rs72896886,18,42632652,5.978824292762741,0.0073649270349172,RIT2,190.23942
rs62050284,16,70696815,5.507057611935834,0.0150917462138156,VAC14,190.46967999999998
rs77263594,5,102321306,5.595666115052061,0.0162750603210421,SLCO4C1,190.50071
rs113465881,2,113658710,6.986565509462758,0.0195515228701316,RABL2A,190.76316
rs2381379,4,39404306,-7.299886602858456,-0.0059358958221403,KLB,192.00465000000003
rs286889,11,34680853,-6.485358403383141,-0.0055525554987076,EHF,192.47213
rs1150322,11,90248779,-6.839757308192331,-0.0112936422435044,CHORDC1,192.47822
rs9461056,6,24728509,7.449873599510298,0.0414567374985077,C6orf62,194.56303
rs550139318,17,9021088,5.553241069119451,0.0065348668050137,PIK3R5,195.50408000000002
rs66996981,3,153804697,-6.163657609178811,-0.0058457238852491,ARHGEF26,196.32825999999997
rs7844616,8,72736574,-5.6903861162587015,-0.0082318627524347,KCNB2,198.27822
rs80302162,4,109063784,5.586413434524007,0.0175967824799793,COL25A1,198.91767
rs193159515,17,7259087,6.276816663748574,0.0166733216390261,ENSG00000262302,199.00119
rs204993,6,32155581,11.173760202547856,0.0307672028627994,PPT2,199.72677
rs751523440,1,73848610,6.528439712655764,0.0054045537769079,LRRIQ3,200.35868
rs2082980,3,161499831,5.50562984922375,0.01171093127731,OTOL1,202.97187
rs11242723,6,244311,5.817716897724923,0.0104785702983829,DUSP22,203.62001999999998
rs376217474,9,16792102,7.037960304596894,0.0062906100383566,BNC2,204.0933
rs113799755,17,20942135,5.552715313818792,0.0155816553564619,USP22,204.53091
rs138607377,2,139851014,7.555319527912277,0.0159638916814242,,205.02478
rs10774579,12,121405210,5.651708530133177,0.0047210860472726,RNF34,205.29709
rs229644,14,65195794,-6.0241400270434005,-0.0052145885542709,MAX,205.68656
rs112192278,6,28704062,10.189876434314137,0.0358398837169765,SCAND3,207.33259999999999
rs2585846,17,56160571,5.815859359559794,0.0099946377629307,ANKFN1,207.44801999999999
rs10802491,1,247551714,7.02174643990608,0.0056284259155535,GCSAML,207.58171
rs13176003,5,40230774,5.880503637340484,0.0084339292598889,TTC33,208.20637
rs12816797,12,50587780,-5.709690022570983,-0.0080356313169222,DIP2B,209.5801
rs9509242,13,21060942,-7.96474997633084,-0.0067593543919092,LATS2,210.12645999999998
rs532014593,1,154585757,5.911056661305114,0.0059745888564346,ADAR,210.42487
rs9371649,6,153227701,6.384800874461639,0.0110773689831939,RGS17,211.04663
rs146120306,8,53117658,6.013028428083168,0.0071398316127233,OPRK1,211.04691999999997
rs72784702,5,90486566,6.450577645469102,0.0125979934655394,POLR3G,211.30559999999997
rs56062142,2,138755259,6.995428085681494,0.0232334597365013,NXPH2,211.44944
rs112228018,17,78778404,5.680276187271466,0.0156533036732365,CYTH1,211.8508
rs74849416,2,139483055,6.799723108315352,0.0123560192691865,,212.13703
rs112862764,6,138004001,5.72819126442837,0.0095210349148271,PERP,212.33394
rs12965811,18,63173334,5.807264348476704,0.0148131281906871,BCL2,212.77503
rs17711923,5,99780137,5.7387974568302536,0.0165550048945902,,213.34053
rs1774131,1,20307563,-7.065389209263784,-0.005807175238184,VWA5B1,213.73695999999998
rs138109476,14,86059152,5.773594887248887,0.012230519147131,FLRT2,214.69599000000002
rs57737477,8,10180328,5.46868951246926,0.0057085377672629,MSRA,214.73195
rs140997855,15,86252897,5.621162480234414,0.0067348793241435,AGBL1,215.43549000000002
1:150538285,1,150538285,6.174515312382276,0.0062849084220288,ADAMTSL4,215.66894
rs2642438,1,220970028,7.843303803893213,0.0064292608689159,HLX,215.88441
rs2369633,1,205181062,-7.626341029553984,-0.013444419213397,DSTYK,216.58563
rs149194762,13,58928638,5.58552338361035,0.0128591737103793,,216.62768
rs3744026,17,73831900,5.799981682186814,0.009716979730778,SDK2,216.84344000000002
rs145325967,6,33615931,7.367137723250872,0.0296235871680385,BAK1,218.13684
rs11160318,14,96659919,-7.73597647338828,-0.0062678068802795,PAPOLA,219.17098000000001
rs750112563,6,29537266,10.709462765666515,0.0167753007657765,OR2I1P,219.37456
rs7246865,19,17219105,6.681494376653297,0.0064544243325002,USE1,219.58713
rs143930250,16,89078897,8.76026987911437,0.0117125396012164,ACSF3,219.90438999999998
rs34343843,18,44938706,6.188443280275794,0.0057133238081142,SETBP1,220.32634
rs6509859,19,54762408,5.988864903815837,0.0060577021958896,KIR2DL1,221.92772
13:59297283,13,59297283,6.0396017850170525,0.008036038244439,,222.10954999999998
rs75097049,17,37388567,5.958693891604345,0.0133537533293246,ACACA,222.37750999999997
rs11861698,16,11856138,5.664692700273386,0.0130001700489985,RSL1D1,223.2565
rs17163313,1,222799625,6.024843561811332,0.0049864854173143,FAM177B,226.12112
rs62211528,20,33943897,5.982354386609737,0.0204863468572285,RALY,226.66748
rs146178869,15,75035824,10.470373203371782,0.0102409091061951,PPCDC,227.21036
rs57172187,9,37016502,5.490899796746717,0.0098314490391761,PAX5,227.53806
rs11352274,12,53653966,-7.192600725860324,-0.0064285885622415,ATP5MC2,228.38022
rs4687148,3,190264270,5.972668767361537,0.0099755406970365,CLDN1,229.61272
rs73165126,22,42313995,-10.16262268957606,-0.0118604657841831,TCF20,230.53956
rs11561378,12,69767949,6.192610630350149,0.0051783734696931,RAB3IP,230.87103
rs11630467,15,47573957,5.716057579648342,0.0106167126697554,SEMA6D,231.08679
rs111460975,16,89434541,8.263016165630786,0.0185491825358093,ANKRD11,232.09309
rs10873701,1,85860374,-6.227862306537003,-0.0085002968287278,COL24A1,233.64749000000003
rs75398812,3,38665580,5.472759930373177,0.0105601066794229,SCN5A,235.03659
rs78963230,4,186990948,6.396748556196877,0.0113365518062038,FAT1,235.1958
rs4275402,1,990280,5.733005997082622,0.0046733736390735,HES4,235.22102999999998
rs770452487,17,44296616,8.497539346790143,0.0144650468981546,RUNDC3A,237.28148000000002
rs74496647,2,17991964,-6.486406121404957,-0.0086917786111074,KCNS3,237.42619
rs72731889,14,70685658,5.605461821326679,0.0123945854155283,TTC9,238.80427
rs144526132,19,45192348,6.025124513333085,0.0051870529833474,MARK4,239.99558999999996
rs371405672,5,170593430,5.639141130350584,0.0081420311788394,KCNIP1,240.81107
rs35586577,19,46377670,5.475114516635349,0.0099807150134805,PPP5C,241.49866000000003
rs2608894,19,5848000,10.961811607905585,0.0089774516206266,FUT3,241.57754
rs11446223,16,90022484,8.99087507599635,0.0178955560623209,GAS8,243.45934999999997
rs72656280,13,109796714,5.961103259152143,0.0151742672551113,IRS2,244.72839
rs12577765,11,1127457,11.06189053582267,0.0091446972474023,MUC2,244.89253
rs55929017,17,46995304,6.8577006581149735,0.0101862112901907,ENSG00000262633,245.78776000000002
rs72785099,2,37178739,5.759710263916911,0.0154560865889618,SULT6B1,245.99858999999998
rs17441830,1,6921578,6.210537257265428,0.0082450346802242,CAMTA1,247.03766000000005
rs76613515,8,1004014,5.617668556683739,0.0250441050562521,DLGAP2,248.37572
rs745361528,11,120111041,-9.066158655296793,-0.0102146276545794,TRIM29,252.16167
rs2813773,1,110364821,6.105664145715489,0.00643286667262,SLC16A4,252.28724
rs35786764,20,5020018,-6.394289790970368,-0.0105578357950929,TMEM230,252.30174
6:7247344,6,7247344,6.587582281723848,0.0106703328929368,RREB1,252.70397
6:30957050,6,30957050,-10.596189026752274,-0.0128419919443686,MUCL3,256.29591000000005
rs6905035,6,33968128,7.284173295717763,0.0196837631634491,GRM4,258.69044
rs16953649,17,3928080,5.826568937025434,0.0130917043847232,ATP2A3,259.61728
rs17686636,5,129168372,5.748312911192382,0.0081138807408949,ISOC1,261.15602
rs11606033,11,71154204,10.041692723576476,0.0096114839363487,SHANK2,261.16936000000004
rs36113657,5,39863287,5.490688661256088,0.010122474336423,DAB2,264.98808
rs7975862,12,54078427,-5.655048291928356,-0.0045916457630728,HOXC4,266.17969
rs79478560,12,124399155,-5.688083824706293,-0.0047228925034187,NCOR2,266.4491
rs12543924,8,21764743,-5.640134055741875,-0.0046172421671647,GFRA2,266.47433
rs114198721,5,2563065,5.7257527622753575,0.01556022123068,IRX2,266.78231
rs630579,1,234764423,6.469280799157972,0.013738565666993,IRF2BP2,267.3771
rs7533686,1,66803433,5.665426045535122,0.0076895040781773,INSL5,268.19896
rs4816636,21,41026510,-6.58205325906243,-0.0060556736670282,BACE2,269.05156
rs76313353,2,202112133,5.851780342345856,0.0181267520836467,KIAA2012,273.24931
rs62433354,7,561838,6.632977327037119,0.0131910608145718,PRKAR1B,274.86896
rs546483712,4,87559088,5.592460197245414,0.0089198393014106,DSPP,274.91623000000004
rs86703,6,36700468,6.466804927143086,0.0058397829596963,RAB44,276.62665000000004
rs76624186,17,72654959,5.491770970885697,0.0121895482029688,SLC39A11,282.57687
rs28558783,7,9143984,5.747129014148328,0.0172355501572607,,282.61747
rs11605606,11,88185434,7.320057722661177,0.0110074107753843,RAB38,283.80966
rs33807,3,45334692,5.512988170209477,0.0111247612364243,TMEM158,286.84045
rs7713126,5,179144756,6.173793720733897,0.0134231328184171,ADAMTS2,286.89294
rs8078336,17,45097337,6.383772005828633,0.0187177903887401,NMT1,287.24964
rs750871923,12,6495070,6.78396549335237,0.0056015628242985,NCAPD2,288.48330000000004
rs73162515,22,34989220,6.000898998198009,0.0175274270866731,ISX,289.34779
rs34175664,13,46530019,5.545988946618027,0.0101810397048653,LRCH1,291.71244999999993
rs1789900,4,100258717,-10.213310834150985,-0.0094435294352598,DDIT4L,293.22393
rs79719039,21,18351652,5.552428401678857,0.0112594725089989,TMPRSS15,298.37230000000005
rs617688,3,101592286,6.561876172037876,0.0068604164607028,PCNP,298.79366999999996
rs201139689,9,83240495,5.82092405071834,0.0193185777029461,FRMD3,299.87827
rs7023969,9,32095376,-6.164779360978457,-0.0053848872760537,ACO1,304.72619999999995
rs146987041,8,14315486,5.52386158462782,0.01978869740821,SGCZ,305.65362
rs576307070,6,33161660,-11.390893686183542,-0.0115092128832824,COL11A2,306.40675
rs76277413,1,161565381,8.458228512798378,0.0113401335186714,ENSG00000289768,307.74104
rs1244349,14,34672770,-5.967757495422988,-0.0063370153405226,CFL2,311.69316000000003
rs12512607,4,1348248,-5.559465894223083,-0.0045150280512249,UVSSA,313.14664
rs72807046,16,86001621,6.5091025688010165,0.0182568842913381,IRF8,314.25327999999996
rs2164243,17,73333951,-7.212428460975207,-0.0071043036454332,CDC42EP4,315.44953
rs35648552,5,35852923,-7.776702041289893,-0.0074363295278823,IL7R,317.14603
rs73195680,7,105677675,-8.397961519733267,-0.0075217602334511,ATXN7L1,320.33777
rs4896244,6,137529772,6.965431557515088,0.0055862849253475,OLIG3,322.04181
rs2377474,20,30964673,-8.026562891448458,-0.006762887838184,DEFB115,323.97785
rs79007531,8,8869604,5.895642417071577,0.0132102630825873,MFHAS1,327.40971
rs72771556,16,12502038,6.1205797205485615,0.0048375619326431,SNX29,328.34959999999995
rs6477613,9,110811614,-7.777028614457781,-0.0063490868301045,MUSK,329.20104
rs2388486,10,8099021,5.857881870928175,0.0059132165635586,GATA3,337.75894
rs559868066,15,79230710,-6.031807218911953,-0.0063888168632807,ANKRD34C,345.65825
rs2276025,11,126145931,-6.67324086387756,-0.005432106040617,RPUSD4,353.52508
rs140937328,16,69499981,5.558285987089924,0.0116422252632098,CYB5B,355.10876999999994
rs9616751,22,50222236,-6.050963181831785,-0.0055174040079671,TUBGCP6,359.45673999999997
rs117265989,20,62210244,5.967554347827302,0.017753906776889,HRH3,362.27002999999996
17:21718365,17,21718365,5.8263228973731565,0.0165659172021342,KCNJ18,362.29467999999997
rs3771247,2,20410480,-6.969547668203565,-0.0055175156270879,RHOB,365.19526
rs61828723,10,3886904,5.608416959532788,0.011903405447946,KLF6,365.2289
rs76790252,9,130156103,7.452078935270813,0.0140129121060925,NCS1,367.89428999999996
rs74320175,4,185007893,5.4866398089790005,0.0104924741362972,HELT,368.60479
rs10024928,4,56242054,-5.903303500682805,-0.0050682417580499,CRACD,372.89505
rs4817984,21,40465066,-6.172373457614871,-0.0051111485755817,DSCAM,388.75747
rs78307723,2,133814758,6.768062897144,0.0245269736971363,MGAT5,390.22313
rs78620295,9,130564757,5.816346100228562,0.0125352489911527,FUBP3,392.52283
rs11867717,17,16864419,-6.558004722486393,-0.0055887713805163,TNFRSF13B,403.69044
rs58463871,12,124836115,7.121075633605224,0.0086188545301127,SCARB1,412.3916
rs145496844,14,94472733,5.5869840826704005,0.0257674681353887,SERPINA9,431.38196000000005
rs201574164,16,73282544,5.502636518546928,0.0132376949678681,ZFHX3,439.67132
rs6578679,11,5712847,5.452517700749403,0.0049616495374704,TRIM5,444.90437
rs4840504,8,10531677,-5.759226134045239,-0.0083360935369793,PRSS51,456.78828
rs34361301,9,14535119,6.026359533280126,0.0057965014625361,ZDHHC21,457.96075
rs10901252,9,136128000,10.567599092359728,0.0269969294516591,TMEM250,482.47358
rs55945512,6,29970039,10.176843680280497,0.0395681837020165,HLA-A,623.58555
rs41284511,6,31377754,13.732645428106268,0.031997643016391,HLA-B,1154.7356300000001
rs28383234,6,32584183,13.70362624419154,0.0301320059861105,HLA-DRB1,2038.01763
